benchmarkVersion,generatedAtUtc,gitRevision,modelSha256,javaVersion,osName,osVersion,availableProcessors,evaluator,suiteSha256,seed,mode,threads,position,repetition,targetPly,black,white,color,depthLimit,timeLimitMillis,completedDepth,bestSquare,score,elapsedMillis,nodes,nodesPerSecond,mainThreadNodes,parallelNodes,workerShare,parallelTasks,parallelWorkerNodes,workerMonitorBlocks,workerMonitorBlockedMillis,transpositionHits,betaCutoffs,pvsResearches,timedOut,consistent
parallel-search-v2,2026-07-21T05:37:47.311285400Z,c96094bf5d7f618cbbbe10bde2478484886711c4,6E118C928729E003E89742D3B57FE6ED35FA9233A38DBE8AF852041EBEE39457,21,Windows 11,10.0,20,"learned-table-v1 (scoreScale=6400, divisor=1, bound=75962, path=D:\採点レポート\OthelloClient\data\evaluation-tables.bin)",18CD490619DC45974F8D968E05E457D1F2DFA2B1BD58DE10B5E2938CA074E9BA,20260721,fixed,1,0,0,29,3F362F263A020200,4048501904000000,-1,9,60000,9,18,-287,74.879800,81467,1087970,81467,0,0.000000,0,,0,0,26185,18535,107,false,true
parallel-search-v2,2026-07-21T05:37:47.311285400Z,c96094bf5d7f618cbbbe10bde2478484886711c4,6E118C928729E003E89742D3B57FE6ED35FA9233A38DBE8AF852041EBEE39457,21,Windows 11,10.0,20,"learned-table-v1 (scoreScale=6400, divisor=1, bound=75962, path=D:\採点レポート\OthelloClient\data\evaluation-tables.bin)",18CD490619DC45974F8D968E05E457D1F2DFA2B1BD58DE10B5E2938CA074E9BA,20260721,fixed,2,0,0,29,3F362F263A020200,4048501904000000,-1,9,60000,9,18,-287,81.839100,81467,995453,29565,51902,0.637092,63,51902,0,0,26185,18535,107,false,true
parallel-search-v2,2026-07-21T05:37:47.311285400Z,c96094bf5d7f618cbbbe10bde2478484886711c4,6E118C928729E003E89742D3B57FE6ED35FA9233A38DBE8AF852041EBEE39457,21,Windows 11,10.0,20,"learned-table-v1 (scoreScale=6400, divisor=1, bound=75962, path=D:\採点レポート\OthelloClient\data\evaluation-tables.bin)",18CD490619DC45974F8D968E05E457D1F2DFA2B1BD58DE10B5E2938CA074E9BA,20260721,fixed,4,0,0,29,3F362F263A020200,4048501904000000,-1,9,60000,9,18,-287,61.267800,84499,1379175,29715,54784,0.648339,63,15573;18256;20955,0,0,27320,19055,124,false,true
parallel-search-v2,2026-07-21T05:37:47.311285400Z,c96094bf5d7f618cbbbe10bde2478484886711c4,6E118C928729E003E89742D3B57FE6ED35FA9233A38DBE8AF852041EBEE39457,21,Windows 11,10.0,20,"learned-table-v1 (scoreScale=6400, divisor=1, bound=75962, path=D:\採点レポート\OthelloClient\data\evaluation-tables.bin)",18CD490619DC45974F8D968E05E457D1F2DFA2B1BD58DE10B5E2938CA074E9BA,20260721,fixed,8,0,0,29,3F362F263A020200,4048501904000000,-1,9,60000,9,18,-287,47.325400,87194,1842436,29717,57477,0.659185,63,6037;6210;11190;5793;8674;10387;9186,2,0,28975,19292,141,false,true
parallel-search-v2,2026-07-21T05:37:47.311285400Z,c96094bf5d7f618cbbbe10bde2478484886711c4,6E118C928729E003E89742D3B57FE6ED35FA9233A38DBE8AF852041EBEE39457,21,Windows 11,10.0,20,"learned-table-v1 (scoreScale=6400, divisor=1, bound=75962, path=D:\採点レポート\OthelloClient\data\evaluation-tables.bin)",18CD490619DC45974F8D968E05E457D1F2DFA2B1BD58DE10B5E2938CA074E9BA,20260721,fixed,2,1,0,23,0440387020544040,081E000E18280800,-1,9,60000,9,30,1059,937.743300,825907,880739,217767,608140,0.736330,105,608140,0,0,149170,149813,389,false,true
parallel-search-v2,2026-07-21T05:37:47.311285400Z,c96094bf5d7f618cbbbe10bde2478484886711c4,6E118C928729E003E89742D3B57FE6ED35FA9233A38DBE8AF852041EBEE39457,21,Windows 11,10.0,20,"learned-table-v1 (scoreScale=6400, divisor=1, bound=75962, path=D:\採点レポート\OthelloClient\data\evaluation-tables.bin)",18CD490619DC45974F8D968E05E457D1F2DFA2B1BD58DE10B5E2938CA074E9BA,20260721,fixed,4,1,0,23,0440387020544040,081E000E18280800,-1,9,60000,9,30,1059,566.136200,906710,1601576,218217,688493,0.759331,105,257656;213724;217113,18,0,162341,164604,570,false,true
parallel-search-v2,2026-07-21T05:37:47.311285400Z,c96094bf5d7f618cbbbe10bde2478484886711c4,6E118C928729E003E89742D3B57FE6ED35FA9233A38DBE8AF852041EBEE39457,21,Windows 11,10.0,20,"learned-table-v1 (scoreScale=6400, divisor=1, bound=75962, path=D:\採点レポート\OthelloClient\data\evaluation-tables.bin)",18CD490619DC45974F8D968E05E457D1F2DFA2B1BD58DE10B5E2938CA074E9BA,20260721,fixed,8,1,0,23,0440387020544040,081E000E18280800,-1,9,60000,9,30,1059,535.979500,996967,1860084,218057,778910,0.781280,105,153453;103478;79410;95187;114704;158345;74333,11,1,178511,177310,658,false,true
parallel-search-v2,2026-07-21T05:37:47.311285400Z,c96094bf5d7f618cbbbe10bde2478484886711c4,6E118C928729E003E89742D3B57FE6ED35FA9233A38DBE8AF852041EBEE39457,21,Windows 11,10.0,20,"learned-table-v1 (scoreScale=6400, divisor=1, bound=75962, path=D:\採点レポート\OthelloClient\data\evaluation-tables.bin)",18CD490619DC45974F8D968E05E457D1F2DFA2B1BD58DE10B5E2938CA074E9BA,20260721,fixed,1,1,0,23,0440387020544040,081E000E18280800,-1,9,60000,9,30,1059,928.275400,825907,889722,825907,0,0.000000,0,,0,0,149170,149813,389,false,true
parallel-search-v2,2026-07-21T05:37:47.311285400Z,c96094bf5d7f618cbbbe10bde2478484886711c4,6E118C928729E003E89742D3B57FE6ED35FA9233A38DBE8AF852041EBEE39457,21,Windows 11,10.0,20,"learned-table-v1 (scoreScale=6400, divisor=1, bound=75962, path=D:\採点レポート\OthelloClient\data\evaluation-tables.bin)",18CD490619DC45974F8D968E05E457D1F2DFA2B1BD58DE10B5E2938CA074E9BA,20260721,fixed,4,2,0,29,040010F300102040,10088C0C3E6F1222,-1,9,60000,9,11,-1057,92.577300,118147,1276198,52230,65917,0.557924,84,21325;21256;23336,2,0,46246,29585,101,false,true
parallel-search-v2,2026-07-21T05:37:47.311285400Z,c96094bf5d7f618cbbbe10bde2478484886711c4,6E118C928729E003E89742D3B57FE6ED35FA9233A38DBE8AF852041EBEE39457,21,Windows 11,10.0,20,"learned-table-v1 (scoreScale=6400, divisor=1, bound=75962, path=D:\採点レポート\OthelloClient\data\evaluation-tables.bin)",18CD490619DC45974F8D968E05E457D1F2DFA2B1BD58DE10B5E2938CA074E9BA,20260721,fixed,8,2,0,29,040010F300102040,10088C0C3E6F1222,-1,9,60000,9,11,-1057,84.860800,119065,1403062,52230,66835,0.561332,84,7355;8283;10886;7922;9655;12222;10512,3,0,47255,29852,101,false,true
parallel-search-v2,2026-07-21T05:37:47.311285400Z,c96094bf5d7f618cbbbe10bde2478484886711c4,6E118C928729E003E89742D3B57FE6ED35FA9233A38DBE8AF852041EBEE39457,21,Windows 11,10.0,20,"learned-table-v1 (scoreScale=6400, divisor=1, bound=75962, path=D:\採点レポート\OthelloClient\data\evaluation-tables.bin)",18CD490619DC45974F8D968E05E457D1F2DFA2B1BD58DE10B5E2938CA074E9BA,20260721,fixed,1,2,0,29,040010F300102040,10088C0C3E6F1222,-1,9,60000,9,11,-1057,147.448900,118238,801891,118238,0,0.000000,0,,0,0,45609,29608,101,false,true
parallel-search-v2,2026-07-21T05:37:47.311285400Z,c96094bf5d7f618cbbbe10bde2478484886711c4,6E118C928729E003E89742D3B57FE6ED35FA9233A38DBE8AF852041EBEE39457,21,Windows 11,10.0,20,"learned-table-v1 (scoreScale=6400, divisor=1, bound=75962, path=D:\採点レポート\OthelloClient\data\evaluation-tables.bin)",18CD490619DC45974F8D968E05E457D1F2DFA2B1BD58DE10B5E2938CA074E9BA,20260721,fixed,2,2,0,29,040010F300102040,10088C0C3E6F1222,-1,9,60000,9,11,-1057,139.656200,118238,846636,52241,65997,0.558171,84,65997,0,0,45609,29608,101,false,true
parallel-search-v2,2026-07-21T05:37:47.311285400Z,c96094bf5d7f618cbbbe10bde2478484886711c4,6E118C928729E003E89742D3B57FE6ED35FA9233A38DBE8AF852041EBEE39457,21,Windows 11,10.0,20,"learned-table-v1 (scoreScale=6400, divisor=1, bound=75962, path=D:\採点レポート\OthelloClient\data\evaluation-tables.bin)",18CD490619DC45974F8D968E05E457D1F2DFA2B1BD58DE10B5E2938CA074E9BA,20260721,fixed,8,3,0,30,201009113D0C8400,012E764E02F00000,1,9,60000,9,60,-928,178.205800,319717,1794089,111343,208374,0.651745,98,28564;28052;27525;22066;28864;37516;35787,9,1,85482,60155,132,false,true
parallel-search-v2,2026-07-21T05:37:47.311285400Z,c96094bf5d7f618cbbbe10bde2478484886711c4,6E118C928729E003E89742D3B57FE6ED35FA9233A38DBE8AF852041EBEE39457,21,Windows 11,10.0,20,"learned-table-v1 (scoreScale=6400, divisor=1, bound=75962, path=D:\採点レポート\OthelloClient\data\evaluation-tables.bin)",18CD490619DC45974F8D968E05E457D1F2DFA2B1BD58DE10B5E2938CA074E9BA,20260721,fixed,1,3,0,30,201009113D0C8400,012E764E02F00000,1,9,60000,9,60,-928,374.047700,318625,851830,318625,0,0.000000,0,,0,0,84469,60262,121,false,true
parallel-search-v2,2026-07-21T05:37:47.311285400Z,c96094bf5d7f618cbbbe10bde2478484886711c4,6E118C928729E003E89742D3B57FE6ED35FA9233A38DBE8AF852041EBEE39457,21,Windows 11,10.0,20,"learned-table-v1 (scoreScale=6400, divisor=1, bound=75962, path=D:\採点レポート\OthelloClient\data\evaluation-tables.bin)",18CD490619DC45974F8D968E05E457D1F2DFA2B1BD58DE10B5E2938CA074E9BA,20260721,fixed,2,3,0,30,201009113D0C8400,012E764E02F00000,1,9,60000,9,60,-928,382.508700,318625,832988,111306,207319,0.650668,98,207319,0,0,84469,60262,121,false,true
parallel-search-v2,2026-07-21T05:37:47.311285400Z,c96094bf5d7f618cbbbe10bde2478484886711c4,6E118C928729E003E89742D3B57FE6ED35FA9233A38DBE8AF852041EBEE39457,21,Windows 11,10.0,20,"learned-table-v1 (scoreScale=6400, divisor=1, bound=75962, path=D:\採点レポート\OthelloClient\data\evaluation-tables.bin)",18CD490619DC45974F8D968E05E457D1F2DFA2B1BD58DE10B5E2938CA074E9BA,20260721,fixed,4,3,0,30,201009113D0C8400,012E764E02F00000,1,9,60000,9,60,-928,207.284800,319888,1543229,111336,208552,0.651953,98,63972;69082;75498,5,0,85094,60421,126,false,true
parallel-search-v2,2026-07-21T05:37:47.311285400Z,c96094bf5d7f618cbbbe10bde2478484886711c4,6E118C928729E003E89742D3B57FE6ED35FA9233A38DBE8AF852041EBEE39457,21,Windows 11,10.0,20,"learned-table-v1 (scoreScale=6400, divisor=1, bound=75962, path=D:\採点レポート\OthelloClient\data\evaluation-tables.bin)",18CD490619DC45974F8D968E05E457D1F2DFA2B1BD58DE10B5E2938CA074E9BA,20260721,fixed,1,4,0,24,1038040200C00000,408250F858385402,1,9,60000,9,56,4480,36.629100,38903,1062079,38903,0,0.000000,0,,0,0,12433,8256,19,false,true
parallel-search-v2,2026-07-21T05:37:47.311285400Z,c96094bf5d7f618cbbbe10bde2478484886711c4,6E118C928729E003E89742D3B57FE6ED35FA9233A38DBE8AF852041EBEE39457,21,Windows 11,10.0,20,"learned-table-v1 (scoreScale=6400, divisor=1, bound=75962, path=D:\採点レポート\OthelloClient\data\evaluation-tables.bin)",18CD490619DC45974F8D968E05E457D1F2DFA2B1BD58DE10B5E2938CA074E9BA,20260721,fixed,2,4,0,24,1038040200C00000,408250F858385402,1,9,60000,9,56,4480,36.295700,38903,1071835,7375,31528,0.810426,49,31528,0,0,12433,8256,19,false,true
parallel-search-v2,2026-07-21T05:37:47.311285400Z,c96094bf5d7f618cbbbe10bde2478484886711c4,6E118C928729E003E89742D3B57FE6ED35FA9233A38DBE8AF852041EBEE39457,21,Windows 11,10.0,20,"learned-table-v1 (scoreScale=6400, divisor=1, bound=75962, path=D:\採点レポート\OthelloClient\data\evaluation-tables.bin)",18CD490619DC45974F8D968E05E457D1F2DFA2B1BD58DE10B5E2938CA074E9BA,20260721,fixed,4,4,0,24,1038040200C00000,408250F858385402,1,9,60000,9,56,4480,20.703500,38956,1881614,7375,31581,0.810684,49,10918;7839;12824,0,0,12473,8270,19,false,true
parallel-search-v2,2026-07-21T05:37:47.311285400Z,c96094bf5d7f618cbbbe10bde2478484886711c4,6E118C928729E003E89742D3B57FE6ED35FA9233A38DBE8AF852041EBEE39457,21,Windows 11,10.0,20,"learned-table-v1 (scoreScale=6400, divisor=1, bound=75962, path=D:\採点レポート\OthelloClient\data\evaluation-tables.bin)",18CD490619DC45974F8D968E05E457D1F2DFA2B1BD58DE10B5E2938CA074E9BA,20260721,fixed,8,4,0,24,1038040200C00000,408250F858385402,1,9,60000,9,56,4480,21.673500,38939,1796618,7375,31564,0.810601,49,3542;8834;7639;2549;4389;2278;2333,0,0,12451,8263,19,false,true
parallel-search-v2,2026-07-21T05:37:47.311285400Z,c96094bf5d7f618cbbbe10bde2478484886711c4,6E118C928729E003E89742D3B57FE6ED35FA9233A38DBE8AF852041EBEE39457,21,Windows 11,10.0,20,"learned-table-v1 (scoreScale=6400, divisor=1, bound=75962, path=D:\採点レポート\OthelloClient\data\evaluation-tables.bin)",18CD490619DC45974F8D968E05E457D1F2DFA2B1BD58DE10B5E2938CA074E9BA,20260721,fixed,2,5,0,32,002071AEC8A02020,88500C10355E9040,1,9,60000,9,7,1677,414.927300,327046,788201,51642,275404,0.842096,119,275404,0,0,81993,66210,142,false,true
parallel-search-v2,2026-07-21T05:37:47.311285400Z,c96094bf5d7f618cbbbe10bde2478484886711c4,6E118C928729E003E89742D3B57FE6ED35FA9233A38DBE8AF852041EBEE39457,21,Windows 11,10.0,20,"learned-table-v1 (scoreScale=6400, divisor=1, bound=75962, path=D:\採点レポート\OthelloClient\data\evaluation-tables.bin)",18CD490619DC45974F8D968E05E457D1F2DFA2B1BD58DE10B5E2938CA074E9BA,20260721,fixed,4,5,0,32,002071AEC8A02020,88500C10355E9040,1,9,60000,9,7,1677,192.368200,328184,1706020,51814,276370,0.842119,119,92036;100288;84046,5,0,82229,66682,144,false,true
parallel-search-v2,2026-07-21T05:37:47.311285400Z,c96094bf5d7f618cbbbe10bde2478484886711c4,6E118C928729E003E89742D3B57FE6ED35FA9233A38DBE8AF852041EBEE39457,21,Windows 11,10.0,20,"learned-table-v1 (scoreScale=6400, divisor=1, bound=75962, path=D:\採点レポート\OthelloClient\data\evaluation-tables.bin)",18CD490619DC45974F8D968E05E457D1F2DFA2B1BD58DE10B5E2938CA074E9BA,20260721,fixed,8,5,0,32,002071AEC8A02020,88500C10355E9040,1,9,60000,9,7,1677,147.004900,340718,2317732,51271,289447,0.849521,119,43723;42505;53121;36468;36508;37973;39149,6,0,86471,68531,157,false,true
parallel-search-v2,2026-07-21T05:37:47.311285400Z,c96094bf5d7f618cbbbe10bde2478484886711c4,6E118C928729E003E89742D3B57FE6ED35FA9233A38DBE8AF852041EBEE39457,21,Windows 11,10.0,20,"learned-table-v1 (scoreScale=6400, divisor=1, bound=75962, path=D:\採点レポート\OthelloClient\data\evaluation-tables.bin)",18CD490619DC45974F8D968E05E457D1F2DFA2B1BD58DE10B5E2938CA074E9BA,20260721,fixed,1,5,0,32,002071AEC8A02020,88500C10355E9040,1,9,60000,9,7,1677,390.480000,327046,837549,327046,0,0.000000,0,,0,0,81993,66210,142,false,true
parallel-search-v2,2026-07-21T05:37:47.311285400Z,c96094bf5d7f618cbbbe10bde2478484886711c4,6E118C928729E003E89742D3B57FE6ED35FA9233A38DBE8AF852041EBEE39457,21,Windows 11,10.0,20,"learned-table-v1 (scoreScale=6400, divisor=1, bound=75962, path=D:\採点レポート\OthelloClient\data\evaluation-tables.bin)",18CD490619DC45974F8D968E05E457D1F2DFA2B1BD58DE10B5E2938CA074E9BA,20260721,fixed,4,6,0,18,021E026520202000,00001D1818080000,1,9,60000,9,48,-4919,129.450000,135278,1045021,73638,61640,0.455654,42,21905;34825;4910,0,0,33326,33180,242,false,true
parallel-search-v2,2026-07-21T05:37:47.311285400Z,c96094bf5d7f618cbbbe10bde2478484886711c4,6E118C928729E003E89742D3B57FE6ED35FA9233A38DBE8AF852041EBEE39457,21,Windows 11,10.0,20,"learned-table-v1 (scoreScale=6400, divisor=1, bound=75962, path=D:\採点レポート\OthelloClient\data\evaluation-tables.bin)",18CD490619DC45974F8D968E05E457D1F2DFA2B1BD58DE10B5E2938CA074E9BA,20260721,fixed,8,6,0,18,021E026520202000,00001D1818080000,1,9,60000,9,48,-4919,129.737900,135268,1042625,73638,61630,0.455614,42,2477;1452;29569;879;4588;839;21826,0,0,33320,33179,242,false,true
parallel-search-v2,2026-07-21T05:37:47.311285400Z,c96094bf5d7f618cbbbe10bde2478484886711c4,6E118C928729E003E89742D3B57FE6ED35FA9233A38DBE8AF852041EBEE39457,21,Windows 11,10.0,20,"learned-table-v1 (scoreScale=6400, divisor=1, bound=75962, path=D:\採点レポート\OthelloClient\data\evaluation-tables.bin)",18CD490619DC45974F8D968E05E457D1F2DFA2B1BD58DE10B5E2938CA074E9BA,20260721,fixed,1,6,0,18,021E026520202000,00001D1818080000,1,9,60000,9,48,-4919,116.522900,105633,906543,105633,0,0.000000,0,,0,0,31570,29563,202,false,true
parallel-search-v2,2026-07-21T05:37:47.311285400Z,c96094bf5d7f618cbbbe10bde2478484886711c4,6E118C928729E003E89742D3B57FE6ED35FA9233A38DBE8AF852041EBEE39457,21,Windows 11,10.0,20,"learned-table-v1 (scoreScale=6400, divisor=1, bound=75962, path=D:\採点レポート\OthelloClient\data\evaluation-tables.bin)",18CD490619DC45974F8D968E05E457D1F2DFA2B1BD58DE10B5E2938CA074E9BA,20260721,fixed,2,6,0,18,021E026520202000,00001D1818080000,1,9,60000,9,48,-4919,117.205900,105633,901260,73619,32014,0.303068,42,32014,0,0,31570,29563,202,false,true
parallel-search-v2,2026-07-21T05:37:47.311285400Z,c96094bf5d7f618cbbbe10bde2478484886711c4,6E118C928729E003E89742D3B57FE6ED35FA9233A38DBE8AF852041EBEE39457,21,Windows 11,10.0,20,"learned-table-v1 (scoreScale=6400, divisor=1, bound=75962, path=D:\採点レポート\OthelloClient\data\evaluation-tables.bin)",18CD490619DC45974F8D968E05E457D1F2DFA2B1BD58DE10B5E2938CA074E9BA,20260721,fixed,8,7,0,25,0858607070301000,20039E8E08080000,-1,9,60000,9,13,-116,323.844400,507374,1566722,87610,419764,0.827327,91,42233;38444;37981;38380;196661;33748;32317,8,0,105479,105499,343,false,true
parallel-search-v2,2026-07-21T05:37:47.311285400Z,c96094bf5d7f618cbbbe10bde2478484886711c4,6E118C928729E003E89742D3B57FE6ED35FA9233A38DBE8AF852041EBEE39457,21,Windows 11,10.0,20,"learned-table-v1 (scoreScale=6400, divisor=1, bound=75962, path=D:\採点レポート\OthelloClient\data\evaluation-tables.bin)",18CD490619DC45974F8D968E05E457D1F2DFA2B1BD58DE10B5E2938CA074E9BA,20260721,fixed,1,7,0,25,0858607070301000,20039E8E08080000,-1,9,60000,9,13,-116,589.691700,522324,885758,522324,0,0.000000,0,,0,0,103953,108240,337,false,true
parallel-search-v2,2026-07-21T05:37:47.311285400Z,c96094bf5d7f618cbbbe10bde2478484886711c4,6E118C928729E003E89742D3B57FE6ED35FA9233A38DBE8AF852041EBEE39457,21,Windows 11,10.0,20,"learned-table-v1 (scoreScale=6400, divisor=1, bound=75962, path=D:\採点レポート\OthelloClient\data\evaluation-tables.bin)",18CD490619DC45974F8D968E05E457D1F2DFA2B1BD58DE10B5E2938CA074E9BA,20260721,fixed,2,7,0,25,0858607070301000,20039E8E08080000,-1,9,60000,9,13,-116,588.143700,522324,888089,86891,435433,0.833645,91,435433,0,0,103953,108240,337,false,true
parallel-search-v2,2026-07-21T05:37:47.311285400Z,c96094bf5d7f618cbbbe10bde2478484886711c4,6E118C928729E003E89742D3B57FE6ED35FA9233A38DBE8AF852041EBEE39457,21,Windows 11,10.0,20,"learned-table-v1 (scoreScale=6400, divisor=1, bound=75962, path=D:\採点レポート\OthelloClient\data\evaluation-tables.bin)",18CD490619DC45974F8D968E05E457D1F2DFA2B1BD58DE10B5E2938CA074E9BA,20260721,fixed,4,7,0,25,0858607070301000,20039E8E08080000,-1,9,60000,9,13,-116,414.939400,523663,1262023,87763,435900,0.832406,91,94553;248281;93066,1,0,104353,108708,339,false,true
parallel-search-v2,2026-07-21T05:37:47.311285400Z,c96094bf5d7f618cbbbe10bde2478484886711c4,6E118C928729E003E89742D3B57FE6ED35FA9233A38DBE8AF852041EBEE39457,21,Windows 11,10.0,20,"learned-table-v1 (scoreScale=6400, divisor=1, bound=75962, path=D:\採点レポート\OthelloClient\data\evaluation-tables.bin)",18CD490619DC45974F8D968E05E457D1F2DFA2B1BD58DE10B5E2938CA074E9BA,20260721,fixed,2,0,1,29,3F362F263A020200,4048501904000000,-1,9,60000,9,18,-287,81.952400,81467,994077,29565,51902,0.637092,63,51902,0,0,26185,18535,107,false,true
parallel-search-v2,2026-07-21T05:37:47.311285400Z,c96094bf5d7f618cbbbe10bde2478484886711c4,6E118C928729E003E89742D3B57FE6ED35FA9233A38DBE8AF852041EBEE39457,21,Windows 11,10.0,20,"learned-table-v1 (scoreScale=6400, divisor=1, bound=75962, path=D:\採点レポート\OthelloClient\data\evaluation-tables.bin)",18CD490619DC45974F8D968E05E457D1F2DFA2B1BD58DE10B5E2938CA074E9BA,20260721,fixed,4,0,1,29,3F362F263A020200,4048501904000000,-1,9,60000,9,18,-287,56.301100,85426,1517306,29718,55708,0.652120,63,20245;17227;18236,0,0,27724,19179,126,false,true
parallel-search-v2,2026-07-21T05:37:47.311285400Z,c96094bf5d7f618cbbbe10bde2478484886711c4,6E118C928729E003E89742D3B57FE6ED35FA9233A38DBE8AF852041EBEE39457,21,Windows 11,10.0,20,"learned-table-v1 (scoreScale=6400, divisor=1, bound=75962, path=D:\採点レポート\OthelloClient\data\evaluation-tables.bin)",18CD490619DC45974F8D968E05E457D1F2DFA2B1BD58DE10B5E2938CA074E9BA,20260721,fixed,8,0,1,29,3F362F263A020200,4048501904000000,-1,9,60000,9,18,-287,47.149200,87225,1849978,29717,57508,0.659306,63,11206;5687;10622;7763;5834;10218;6178,4,0,29011,19304,140,false,true
parallel-search-v2,2026-07-21T05:37:47.311285400Z,c96094bf5d7f618cbbbe10bde2478484886711c4,6E118C928729E003E89742D3B57FE6ED35FA9233A38DBE8AF852041EBEE39457,21,Windows 11,10.0,20,"learned-table-v1 (scoreScale=6400, divisor=1, bound=75962, path=D:\採点レポート\OthelloClient\data\evaluation-tables.bin)",18CD490619DC45974F8D968E05E457D1F2DFA2B1BD58DE10B5E2938CA074E9BA,20260721,fixed,1,0,1,29,3F362F263A020200,4048501904000000,-1,9,60000,9,18,-287,78.297800,81467,1040476,81467,0,0.000000,0,,0,0,26185,18535,107,false,true
parallel-search-v2,2026-07-21T05:37:47.311285400Z,c96094bf5d7f618cbbbe10bde2478484886711c4,6E118C928729E003E89742D3B57FE6ED35FA9233A38DBE8AF852041EBEE39457,21,Windows 11,10.0,20,"learned-table-v1 (scoreScale=6400, divisor=1, bound=75962, path=D:\採点レポート\OthelloClient\data\evaluation-tables.bin)",18CD490619DC45974F8D968E05E457D1F2DFA2B1BD58DE10B5E2938CA074E9BA,20260721,fixed,4,1,1,23,0440387020544040,081E000E18280800,-1,9,60000,9,30,1059,575.365500,905615,1573982,218195,687420,0.759064,105,219632;207334;260454,6,0,162125,164511,570,false,true
parallel-search-v2,2026-07-21T05:37:47.311285400Z,c96094bf5d7f618cbbbe10bde2478484886711c4,6E118C928729E003E89742D3B57FE6ED35FA9233A38DBE8AF852041EBEE39457,21,Windows 11,10.0,20,"learned-table-v1 (scoreScale=6400, divisor=1, bound=75962, path=D:\採点レポート\OthelloClient\data\evaluation-tables.bin)",18CD490619DC45974F8D968E05E457D1F2DFA2B1BD58DE10B5E2938CA074E9BA,20260721,fixed,8,1,1,23,0440387020544040,081E000E18280800,-1,9,60000,9,30,1059,477.610300,1001415,2096720,218057,783358,0.782251,105,80676;111051;97586;114405;146607;80058;152975,15,0,177871,178233,661,false,true
parallel-search-v2,2026-07-21T05:37:47.311285400Z,c96094bf5d7f618cbbbe10bde2478484886711c4,6E118C928729E003E89742D3B57FE6ED35FA9233A38DBE8AF852041EBEE39457,21,Windows 11,10.0,20,"learned-table-v1 (scoreScale=6400, divisor=1, bound=75962, path=D:\採点レポート\OthelloClient\data\evaluation-tables.bin)",18CD490619DC45974F8D968E05E457D1F2DFA2B1BD58DE10B5E2938CA074E9BA,20260721,fixed,1,1,1,23,0440387020544040,081E000E18280800,-1,9,60000,9,30,1059,858.679900,825907,961833,825907,0,0.000000,0,,0,0,149170,149813,389,false,true
parallel-search-v2,2026-07-21T05:37:47.311285400Z,c96094bf5d7f618cbbbe10bde2478484886711c4,6E118C928729E003E89742D3B57FE6ED35FA9233A38DBE8AF852041EBEE39457,21,Windows 11,10.0,20,"learned-table-v1 (scoreScale=6400, divisor=1, bound=75962, path=D:\採点レポート\OthelloClient\data\evaluation-tables.bin)",18CD490619DC45974F8D968E05E457D1F2DFA2B1BD58DE10B5E2938CA074E9BA,20260721,fixed,2,1,1,23,0440387020544040,081E000E18280800,-1,9,60000,9,30,1059,915.326400,825907,902309,217767,608140,0.736330,105,608140,0,0,149170,149813,389,false,true
parallel-search-v2,2026-07-21T05:37:47.311285400Z,c96094bf5d7f618cbbbe10bde2478484886711c4,6E118C928729E003E89742D3B57FE6ED35FA9233A38DBE8AF852041EBEE39457,21,Windows 11,10.0,20,"learned-table-v1 (scoreScale=6400, divisor=1, bound=75962, path=D:\採点レポート\OthelloClient\data\evaluation-tables.bin)",18CD490619DC45974F8D968E05E457D1F2DFA2B1BD58DE10B5E2938CA074E9BA,20260721,fixed,8,2,1,29,040010F300102040,10088C0C3E6F1222,-1,9,60000,9,11,-1057,71.753400,119099,1659838,52230,66869,0.561457,84,9494;8106;8643;11503;10456;8467;10200,3,0,47173,29884,101,false,true
parallel-search-v2,2026-07-21T05:37:47.311285400Z,c96094bf5d7f618cbbbe10bde2478484886711c4,6E118C928729E003E89742D3B57FE6ED35FA9233A38DBE8AF852041EBEE39457,21,Windows 11,10.0,20,"learned-table-v1 (scoreScale=6400, divisor=1, bound=75962, path=D:\採点レポート\OthelloClient\data\evaluation-tables.bin)",18CD490619DC45974F8D968E05E457D1F2DFA2B1BD58DE10B5E2938CA074E9BA,20260721,fixed,1,2,1,29,040010F300102040,10088C0C3E6F1222,-1,9,60000,9,11,-1057,132.930400,118238,889473,118238,0,0.000000,0,,0,0,45609,29608,101,false,true
parallel-search-v2,2026-07-21T05:37:47.311285400Z,c96094bf5d7f618cbbbe10bde2478484886711c4,6E118C928729E003E89742D3B57FE6ED35FA9233A38DBE8AF852041EBEE39457,21,Windows 11,10.0,20,"learned-table-v1 (scoreScale=6400, divisor=1, bound=75962, path=D:\採点レポート\OthelloClient\data\evaluation-tables.bin)",18CD490619DC45974F8D968E05E457D1F2DFA2B1BD58DE10B5E2938CA074E9BA,20260721,fixed,2,2,1,29,040010F300102040,10088C0C3E6F1222,-1,9,60000,9,11,-1057,132.682300,118238,891136,52241,65997,0.558171,84,65997,0,0,45609,29608,101,false,true
parallel-search-v2,2026-07-21T05:37:47.311285400Z,c96094bf5d7f618cbbbe10bde2478484886711c4,6E118C928729E003E89742D3B57FE6ED35FA9233A38DBE8AF852041EBEE39457,21,Windows 11,10.0,20,"learned-table-v1 (scoreScale=6400, divisor=1, bound=75962, path=D:\採点レポート\OthelloClient\data\evaluation-tables.bin)",18CD490619DC45974F8D968E05E457D1F2DFA2B1BD58DE10B5E2938CA074E9BA,20260721,fixed,4,2,1,29,040010F300102040,10088C0C3E6F1222,-1,9,60000,9,11,-1057,92.336500,118217,1280285,52230,65987,0.558185,84,20661;19932;25394,13,0,46316,29622,101,false,true
parallel-search-v2,2026-07-21T05:37:47.311285400Z,c96094bf5d7f618cbbbe10bde2478484886711c4,6E118C928729E003E89742D3B57FE6ED35FA9233A38DBE8AF852041EBEE39457,21,Windows 11,10.0,20,"learned-table-v1 (scoreScale=6400, divisor=1, bound=75962, path=D:\採点レポート\OthelloClient\data\evaluation-tables.bin)",18CD490619DC45974F8D968E05E457D1F2DFA2B1BD58DE10B5E2938CA074E9BA,20260721,fixed,1,3,1,30,201009113D0C8400,012E764E02F00000,1,9,60000,9,60,-928,361.634300,318625,881070,318625,0,0.000000,0,,0,0,84469,60262,121,false,true
parallel-search-v2,2026-07-21T05:37:47.311285400Z,c96094bf5d7f618cbbbe10bde2478484886711c4,6E118C928729E003E89742D3B57FE6ED35FA9233A38DBE8AF852041EBEE39457,21,Windows 11,10.0,20,"learned-table-v1 (scoreScale=6400, divisor=1, bound=75962, path=D:\採点レポート\OthelloClient\data\evaluation-tables.bin)",18CD490619DC45974F8D968E05E457D1F2DFA2B1BD58DE10B5E2938CA074E9BA,20260721,fixed,2,3,1,30,201009113D0C8400,012E764E02F00000,1,9,60000,9,60,-928,357.456600,318625,891367,111306,207319,0.650668,98,207319,0,0,84469,60262,121,false,true
parallel-search-v2,2026-07-21T05:37:47.311285400Z,c96094bf5d7f618cbbbe10bde2478484886711c4,6E118C928729E003E89742D3B57FE6ED35FA9233A38DBE8AF852041EBEE39457,21,Windows 11,10.0,20,"learned-table-v1 (scoreScale=6400, divisor=1, bound=75962, path=D:\採点レポート\OthelloClient\data\evaluation-tables.bin)",18CD490619DC45974F8D968E05E457D1F2DFA2B1BD58DE10B5E2938CA074E9BA,20260721,fixed,4,3,1,30,201009113D0C8400,012E764E02F00000,1,9,60000,9,60,-928,207.442300,319682,1541065,111336,208346,0.651729,98,67106;70582;70658,2,0,84902,60409,126,false,true
parallel-search-v2,2026-07-21T05:37:47.311285400Z,c96094bf5d7f618cbbbe10bde2478484886711c4,6E118C928729E003E89742D3B57FE6ED35FA9233A38DBE8AF852041EBEE39457,21,Windows 11,10.0,20,"learned-table-v1 (scoreScale=6400, divisor=1, bound=75962, path=D:\採点レポート\OthelloClient\data\evaluation-tables.bin)",18CD490619DC45974F8D968E05E457D1F2DFA2B1BD58DE10B5E2938CA074E9BA,20260721,fixed,8,3,1,30,201009113D0C8400,012E764E02F00000,1,9,60000,9,60,-928,161.915900,320837,1981504,111343,209494,0.652961,98,32241;33738;28492;30308;26327;31110;27278,7,0,86317,60275,133,false,true
parallel-search-v2,2026-07-21T05:37:47.311285400Z,c96094bf5d7f618cbbbe10bde2478484886711c4,6E118C928729E003E89742D3B57FE6ED35FA9233A38DBE8AF852041EBEE39457,21,Windows 11,10.0,20,"learned-table-v1 (scoreScale=6400, divisor=1, bound=75962, path=D:\採点レポート\OthelloClient\data\evaluation-tables.bin)",18CD490619DC45974F8D968E05E457D1F2DFA2B1BD58DE10B5E2938CA074E9BA,20260721,fixed,2,4,1,24,1038040200C00000,408250F858385402,1,9,60000,9,56,4480,37.915500,38903,1026045,7375,31528,0.810426,49,31528,0,0,12433,8256,19,false,true
parallel-search-v2,2026-07-21T05:37:47.311285400Z,c96094bf5d7f618cbbbe10bde2478484886711c4,6E118C928729E003E89742D3B57FE6ED35FA9233A38DBE8AF852041EBEE39457,21,Windows 11,10.0,20,"learned-table-v1 (scoreScale=6400, divisor=1, bound=75962, path=D:\採点レポート\OthelloClient\data\evaluation-tables.bin)",18CD490619DC45974F8D968E05E457D1F2DFA2B1BD58DE10B5E2938CA074E9BA,20260721,fixed,4,4,1,24,1038040200C00000,408250F858385402,1,9,60000,9,56,4480,22.736400,39007,1715619,7375,31632,0.810931,49,14736;7584;9312,1,0,12503,8291,19,false,true
parallel-search-v2,2026-07-21T05:37:47.311285400Z,c96094bf5d7f618cbbbe10bde2478484886711c4,6E118C928729E003E89742D3B57FE6ED35FA9233A38DBE8AF852041EBEE39457,21,Windows 11,10.0,20,"learned-table-v1 (scoreScale=6400, divisor=1, bound=75962, path=D:\採点レポート\OthelloClient\data\evaluation-tables.bin)",18CD490619DC45974F8D968E05E457D1F2DFA2B1BD58DE10B5E2938CA074E9BA,20260721,fixed,8,4,1,24,1038040200C00000,408250F858385402,1,9,60000,9,56,4480,18.818300,39023,2073673,7375,31648,0.811009,49,4538;3360;1602;2345;7733;3104;8966,0,0,12524,8280,19,false,true
parallel-search-v2,2026-07-21T05:37:47.311285400Z,c96094bf5d7f618cbbbe10bde2478484886711c4,6E118C928729E003E89742D3B57FE6ED35FA9233A38DBE8AF852041EBEE39457,21,Windows 11,10.0,20,"learned-table-v1 (scoreScale=6400, divisor=1, bound=75962, path=D:\採点レポート\OthelloClient\data\evaluation-tables.bin)",18CD490619DC45974F8D968E05E457D1F2DFA2B1BD58DE10B5E2938CA074E9BA,20260721,fixed,1,4,1,24,1038040200C00000,408250F858385402,1,9,60000,9,56,4480,36.812900,38903,1056776,38903,0,0.000000,0,,0,0,12433,8256,19,false,true
parallel-search-v2,2026-07-21T05:37:47.311285400Z,c96094bf5d7f618cbbbe10bde2478484886711c4,6E118C928729E003E89742D3B57FE6ED35FA9233A38DBE8AF852041EBEE39457,21,Windows 11,10.0,20,"learned-table-v1 (scoreScale=6400, divisor=1, bound=75962, path=D:\採点レポート\OthelloClient\data\evaluation-tables.bin)",18CD490619DC45974F8D968E05E457D1F2DFA2B1BD58DE10B5E2938CA074E9BA,20260721,fixed,4,5,1,32,002071AEC8A02020,88500C10355E9040,1,9,60000,9,7,1677,186.189100,327424,1758556,51798,275626,0.841801,119,100059;89981;85586,1,0,81670,66531,143,false,true
parallel-search-v2,2026-07-21T05:37:47.311285400Z,c96094bf5d7f618cbbbe10bde2478484886711c4,6E118C928729E003E89742D3B57FE6ED35FA9233A38DBE8AF852041EBEE39457,21,Windows 11,10.0,20,"learned-table-v1 (scoreScale=6400, divisor=1, bound=75962, path=D:\採点レポート\OthelloClient\data\evaluation-tables.bin)",18CD490619DC45974F8D968E05E457D1F2DFA2B1BD58DE10B5E2938CA074E9BA,20260721,fixed,8,5,1,32,002071AEC8A02020,88500C10355E9040,1,9,60000,9,7,1677,141.903200,339493,2392427,51261,288232,0.849007,119,28222;58205;43488;35301;38529;42258;42229,5,0,86006,68022,155,false,true
parallel-search-v2,2026-07-21T05:37:47.311285400Z,c96094bf5d7f618cbbbe10bde2478484886711c4,6E118C928729E003E89742D3B57FE6ED35FA9233A38DBE8AF852041EBEE39457,21,Windows 11,10.0,20,"learned-table-v1 (scoreScale=6400, divisor=1, bound=75962, path=D:\採点レポート\OthelloClient\data\evaluation-tables.bin)",18CD490619DC45974F8D968E05E457D1F2DFA2B1BD58DE10B5E2938CA074E9BA,20260721,fixed,1,5,1,32,002071AEC8A02020,88500C10355E9040,1,9,60000,9,7,1677,378.446300,327046,864181,327046,0,0.000000,0,,0,0,81993,66210,142,false,true
parallel-search-v2,2026-07-21T05:37:47.311285400Z,c96094bf5d7f618cbbbe10bde2478484886711c4,6E118C928729E003E89742D3B57FE6ED35FA9233A38DBE8AF852041EBEE39457,21,Windows 11,10.0,20,"learned-table-v1 (scoreScale=6400, divisor=1, bound=75962, path=D:\採点レポート\OthelloClient\data\evaluation-tables.bin)",18CD490619DC45974F8D968E05E457D1F2DFA2B1BD58DE10B5E2938CA074E9BA,20260721,fixed,2,5,1,32,002071AEC8A02020,88500C10355E9040,1,9,60000,9,7,1677,390.828300,327046,836802,51642,275404,0.842096,119,275404,0,0,81993,66210,142,false,true
parallel-search-v2,2026-07-21T05:37:47.311285400Z,c96094bf5d7f618cbbbe10bde2478484886711c4,6E118C928729E003E89742D3B57FE6ED35FA9233A38DBE8AF852041EBEE39457,21,Windows 11,10.0,20,"learned-table-v1 (scoreScale=6400, divisor=1, bound=75962, path=D:\採点レポート\OthelloClient\data\evaluation-tables.bin)",18CD490619DC45974F8D968E05E457D1F2DFA2B1BD58DE10B5E2938CA074E9BA,20260721,fixed,8,6,1,18,021E026520202000,00001D1818080000,1,9,60000,9,48,-4919,139.592800,135288,969162,73638,61650,0.455695,42,1248;20876;1317;3635;4413;769;29392,1,0,33335,33183,242,false,true
parallel-search-v2,2026-07-21T05:37:47.311285400Z,c96094bf5d7f618cbbbe10bde2478484886711c4,6E118C928729E003E89742D3B57FE6ED35FA9233A38DBE8AF852041EBEE39457,21,Windows 11,10.0,20,"learned-table-v1 (scoreScale=6400, divisor=1, bound=75962, path=D:\採点レポート\OthelloClient\data\evaluation-tables.bin)",18CD490619DC45974F8D968E05E457D1F2DFA2B1BD58DE10B5E2938CA074E9BA,20260721,fixed,1,6,1,18,021E026520202000,00001D1818080000,1,9,60000,9,48,-4919,113.553000,105633,930253,105633,0,0.000000,0,,0,0,31570,29563,202,false,true
parallel-search-v2,2026-07-21T05:37:47.311285400Z,c96094bf5d7f618cbbbe10bde2478484886711c4,6E118C928729E003E89742D3B57FE6ED35FA9233A38DBE8AF852041EBEE39457,21,Windows 11,10.0,20,"learned-table-v1 (scoreScale=6400, divisor=1, bound=75962, path=D:\採点レポート\OthelloClient\data\evaluation-tables.bin)",18CD490619DC45974F8D968E05E457D1F2DFA2B1BD58DE10B5E2938CA074E9BA,20260721,fixed,2,6,1,18,021E026520202000,00001D1818080000,1,9,60000,9,48,-4919,110.090700,105633,959509,73619,32014,0.303068,42,32014,0,0,31570,29563,202,false,true
parallel-search-v2,2026-07-21T05:37:47.311285400Z,c96094bf5d7f618cbbbe10bde2478484886711c4,6E118C928729E003E89742D3B57FE6ED35FA9233A38DBE8AF852041EBEE39457,21,Windows 11,10.0,20,"learned-table-v1 (scoreScale=6400, divisor=1, bound=75962, path=D:\採点レポート\OthelloClient\data\evaluation-tables.bin)",18CD490619DC45974F8D968E05E457D1F2DFA2B1BD58DE10B5E2938CA074E9BA,20260721,fixed,4,6,1,18,021E026520202000,00001D1818080000,1,9,60000,9,48,-4919,113.103800,135297,1196220,73638,61659,0.455731,42,23324;3518;34817,0,0,33341,33186,242,false,true
parallel-search-v2,2026-07-21T05:37:47.311285400Z,c96094bf5d7f618cbbbe10bde2478484886711c4,6E118C928729E003E89742D3B57FE6ED35FA9233A38DBE8AF852041EBEE39457,21,Windows 11,10.0,20,"learned-table-v1 (scoreScale=6400, divisor=1, bound=75962, path=D:\採点レポート\OthelloClient\data\evaluation-tables.bin)",18CD490619DC45974F8D968E05E457D1F2DFA2B1BD58DE10B5E2938CA074E9BA,20260721,fixed,1,7,1,25,0858607070301000,20039E8E08080000,-1,9,60000,9,13,-116,559.186200,522324,934079,522324,0,0.000000,0,,0,0,103953,108240,337,false,true
parallel-search-v2,2026-07-21T05:37:47.311285400Z,c96094bf5d7f618cbbbe10bde2478484886711c4,6E118C928729E003E89742D3B57FE6ED35FA9233A38DBE8AF852041EBEE39457,21,Windows 11,10.0,20,"learned-table-v1 (scoreScale=6400, divisor=1, bound=75962, path=D:\採点レポート\OthelloClient\data\evaluation-tables.bin)",18CD490619DC45974F8D968E05E457D1F2DFA2B1BD58DE10B5E2938CA074E9BA,20260721,fixed,2,7,1,25,0858607070301000,20039E8E08080000,-1,9,60000,9,13,-116,578.794900,522324,902434,86891,435433,0.833645,91,435433,0,0,103953,108240,337,false,true
parallel-search-v2,2026-07-21T05:37:47.311285400Z,c96094bf5d7f618cbbbe10bde2478484886711c4,6E118C928729E003E89742D3B57FE6ED35FA9233A38DBE8AF852041EBEE39457,21,Windows 11,10.0,20,"learned-table-v1 (scoreScale=6400, divisor=1, bound=75962, path=D:\採点レポート\OthelloClient\data\evaluation-tables.bin)",18CD490619DC45974F8D968E05E457D1F2DFA2B1BD58DE10B5E2938CA074E9BA,20260721,fixed,4,7,1,25,0858607070301000,20039E8E08080000,-1,9,60000,9,13,-116,394.131400,526263,1335248,87612,438651,0.833521,91,90279;249665;98707,5,0,104668,109016,330,false,true
parallel-search-v2,2026-07-21T05:37:47.311285400Z,c96094bf5d7f618cbbbe10bde2478484886711c4,6E118C928729E003E89742D3B57FE6ED35FA9233A38DBE8AF852041EBEE39457,21,Windows 11,10.0,20,"learned-table-v1 (scoreScale=6400, divisor=1, bound=75962, path=D:\採点レポート\OthelloClient\data\evaluation-tables.bin)",18CD490619DC45974F8D968E05E457D1F2DFA2B1BD58DE10B5E2938CA074E9BA,20260721,fixed,8,7,1,25,0858607070301000,20039E8E08080000,-1,9,60000,9,13,-116,319.784100,507628,1587409,87610,420018,0.827413,91,39541;34894;33782;40247;41016;37428;193110,4,0,105341,105582,343,false,true
parallel-search-v2,2026-07-21T05:37:47.311285400Z,c96094bf5d7f618cbbbe10bde2478484886711c4,6E118C928729E003E89742D3B57FE6ED35FA9233A38DBE8AF852041EBEE39457,21,Windows 11,10.0,20,"learned-table-v1 (scoreScale=6400, divisor=1, bound=75962, path=D:\採点レポート\OthelloClient\data\evaluation-tables.bin)",18CD490619DC45974F8D968E05E457D1F2DFA2B1BD58DE10B5E2938CA074E9BA,20260721,timed,1,0,0,29,3F362F263A020200,4048501904000000,-1,64,500,10,18,-219,500.587500,505856,1010525,505856,0,0.000000,0,,0,0,123228,124307,496,true,
parallel-search-v2,2026-07-21T05:37:47.311285400Z,c96094bf5d7f618cbbbe10bde2478484886711c4,6E118C928729E003E89742D3B57FE6ED35FA9233A38DBE8AF852041EBEE39457,21,Windows 11,10.0,20,"learned-table-v1 (scoreScale=6400, divisor=1, bound=75962, path=D:\採点レポート\OthelloClient\data\evaluation-tables.bin)",18CD490619DC45974F8D968E05E457D1F2DFA2B1BD58DE10B5E2938CA074E9BA,20260721,timed,2,0,0,29,3F362F263A020200,4048501904000000,-1,64,500,10,18,-219,501.421500,466237,929830,333176,133061,0.285393,81,133061,0,0,115231,117428,496,true,
parallel-search-v2,2026-07-21T05:37:47.311285400Z,c96094bf5d7f618cbbbe10bde2478484886711c4,6E118C928729E003E89742D3B57FE6ED35FA9233A38DBE8AF852041EBEE39457,21,Windows 11,10.0,20,"learned-table-v1 (scoreScale=6400, divisor=1, bound=75962, path=D:\採点レポート\OthelloClient\data\evaluation-tables.bin)",18CD490619DC45974F8D968E05E457D1F2DFA2B1BD58DE10B5E2938CA074E9BA,20260721,timed,4,0,0,29,3F362F263A020200,4048501904000000,-1,64,500,11,18,202,500.999100,616899,1231338,378880,238019,0.385831,81,83596;72193;82230,2,0,149251,155255,509,true,
parallel-search-v2,2026-07-21T05:37:47.311285400Z,c96094bf5d7f618cbbbe10bde2478484886711c4,6E118C928729E003E89742D3B57FE6ED35FA9233A38DBE8AF852041EBEE39457,21,Windows 11,10.0,20,"learned-table-v1 (scoreScale=6400, divisor=1, bound=75962, path=D:\採点レポート\OthelloClient\data\evaluation-tables.bin)",18CD490619DC45974F8D968E05E457D1F2DFA2B1BD58DE10B5E2938CA074E9BA,20260721,timed,8,0,0,29,3F362F263A020200,4048501904000000,-1,64,500,11,18,202,500.448400,674270,1347332,376832,297438,0.441126,81,58319;31312;28228;85388;27484;37382;29325,10,0,154999,167319,525,true,
parallel-search-v2,2026-07-21T05:37:47.311285400Z,c96094bf5d7f618cbbbe10bde2478484886711c4,6E118C928729E003E89742D3B57FE6ED35FA9233A38DBE8AF852041EBEE39457,21,Windows 11,10.0,20,"learned-table-v1 (scoreScale=6400, divisor=1, bound=75962, path=D:\採点レポート\OthelloClient\data\evaluation-tables.bin)",18CD490619DC45974F8D968E05E457D1F2DFA2B1BD58DE10B5E2938CA074E9BA,20260721,timed,2,1,0,23,0440387020544040,081E000E18280800,-1,64,500,8,30,995,500.129100,446371,892512,130048,316323,0.708655,90,316323,0,0,89147,90885,389,true,
parallel-search-v2,2026-07-21T05:37:47.311285400Z,c96094bf5d7f618cbbbe10bde2478484886711c4,6E118C928729E003E89742D3B57FE6ED35FA9233A38DBE8AF852041EBEE39457,21,Windows 11,10.0,20,"learned-table-v1 (scoreScale=6400, divisor=1, bound=75962, path=D:\採点レポート\OthelloClient\data\evaluation-tables.bin)",18CD490619DC45974F8D968E05E457D1F2DFA2B1BD58DE10B5E2938CA074E9BA,20260721,timed,4,1,0,23,0440387020544040,081E000E18280800,-1,64,500,8,30,995,500.600900,813098,1624244,218223,594875,0.731615,105,192865;184353;217657,20,0,149578,153403,570,true,
parallel-search-v2,2026-07-21T05:37:47.311285400Z,c96094bf5d7f618cbbbe10bde2478484886711c4,6E118C928729E003E89742D3B57FE6ED35FA9233A38DBE8AF852041EBEE39457,21,Windows 11,10.0,20,"learned-table-v1 (scoreScale=6400, divisor=1, bound=75962, path=D:\採点レポート\OthelloClient\data\evaluation-tables.bin)",18CD490619DC45974F8D968E05E457D1F2DFA2B1BD58DE10B5E2938CA074E9BA,20260721,timed,8,1,0,23,0440387020544040,081E000E18280800,-1,64,500,9,30,1059,500.624700,1013514,2024499,237568,775946,0.765600,105,90598;138242;102813;113472;142551;109623;78647,12,0,178799,181638,683,true,
parallel-search-v2,2026-07-21T05:37:47.311285400Z,c96094bf5d7f618cbbbe10bde2478484886711c4,6E118C928729E003E89742D3B57FE6ED35FA9233A38DBE8AF852041EBEE39457,21,Windows 11,10.0,20,"learned-table-v1 (scoreScale=6400, divisor=1, bound=75962, path=D:\採点レポート\OthelloClient\data\evaluation-tables.bin)",18CD490619DC45974F8D968E05E457D1F2DFA2B1BD58DE10B5E2938CA074E9BA,20260721,timed,1,1,0,23,0440387020544040,081E000E18280800,-1,64,500,8,30,995,501.092500,441056,880189,441056,0,0.000000,0,,0,0,88136,89807,379,true,
parallel-search-v2,2026-07-21T05:37:47.311285400Z,c96094bf5d7f618cbbbe10bde2478484886711c4,6E118C928729E003E89742D3B57FE6ED35FA9233A38DBE8AF852041EBEE39457,21,Windows 11,10.0,20,"learned-table-v1 (scoreScale=6400, divisor=1, bound=75962, path=D:\採点レポート\OthelloClient\data\evaluation-tables.bin)",18CD490619DC45974F8D968E05E457D1F2DFA2B1BD58DE10B5E2938CA074E9BA,20260721,timed,4,2,0,29,040010F300102040,10088C0C3E6F1222,-1,64,500,10,11,-1651,501.307300,532555,1062332,338944,193611,0.363551,96,69097;63498;61016,2,0,138326,148697,265,true,
parallel-search-v2,2026-07-21T05:37:47.311285400Z,c96094bf5d7f618cbbbe10bde2478484886711c4,6E118C928729E003E89742D3B57FE6ED35FA9233A38DBE8AF852041EBEE39457,21,Windows 11,10.0,20,"learned-table-v1 (scoreScale=6400, divisor=1, bound=75962, path=D:\採点レポート\OthelloClient\data\evaluation-tables.bin)",18CD490619DC45974F8D968E05E457D1F2DFA2B1BD58DE10B5E2938CA074E9BA,20260721,timed,8,2,0,29,040010F300102040,10088C0C3E6F1222,-1,64,500,10,11,-1651,500.586300,554452,1107605,358400,196052,0.353596,96,26056;35103;20649;46100;18798;25646;23700,2,0,145351,157551,265,true,
parallel-search-v2,2026-07-21T05:37:47.311285400Z,c96094bf5d7f618cbbbe10bde2478484886711c4,6E118C928729E003E89742D3B57FE6ED35FA9233A38DBE8AF852041EBEE39457,21,Windows 11,10.0,20,"learned-table-v1 (scoreScale=6400, divisor=1, bound=75962, path=D:\採点レポート\OthelloClient\data\evaluation-tables.bin)",18CD490619DC45974F8D968E05E457D1F2DFA2B1BD58DE10B5E2938CA074E9BA,20260721,timed,1,2,0,29,040010F300102040,10088C0C3E6F1222,-1,64,500,10,11,-1651,500.354600,442368,884109,442368,0,0.000000,0,,0,0,121230,114638,259,true,
parallel-search-v2,2026-07-21T05:37:47.311285400Z,c96094bf5d7f618cbbbe10bde2478484886711c4,6E118C928729E003E89742D3B57FE6ED35FA9233A38DBE8AF852041EBEE39457,21,Windows 11,10.0,20,"learned-table-v1 (scoreScale=6400, divisor=1, bound=75962, path=D:\採点レポート\OthelloClient\data\evaluation-tables.bin)",18CD490619DC45974F8D968E05E457D1F2DFA2B1BD58DE10B5E2938CA074E9BA,20260721,timed,2,2,0,29,040010F300102040,10088C0C3E6F1222,-1,64,500,10,11,-1651,500.730200,425772,850302,232448,193324,0.454055,96,193324,0,0,116629,110963,259,true,
parallel-search-v2,2026-07-21T05:37:47.311285400Z,c96094bf5d7f618cbbbe10bde2478484886711c4,6E118C928729E003E89742D3B57FE6ED35FA9233A38DBE8AF852041EBEE39457,21,Windows 11,10.0,20,"learned-table-v1 (scoreScale=6400, divisor=1, bound=75962, path=D:\採点レポート\OthelloClient\data\evaluation-tables.bin)",18CD490619DC45974F8D968E05E457D1F2DFA2B1BD58DE10B5E2938CA074E9BA,20260721,timed,8,3,0,30,201009113D0C8400,012E764E02F00000,1,64,500,10,60,-522,500.630700,830039,1657987,336896,493143,0.594120,112,67050;89695;65260;66742;76427;68543;59426,11,0,185096,235990,155,true,
parallel-search-v2,2026-07-21T05:37:47.311285400Z,c96094bf5d7f618cbbbe10bde2478484886711c4,6E118C928729E003E89742D3B57FE6ED35FA9233A38DBE8AF852041EBEE39457,21,Windows 11,10.0,20,"learned-table-v1 (scoreScale=6400, divisor=1, bound=75962, path=D:\採点レポート\OthelloClient\data\evaluation-tables.bin)",18CD490619DC45974F8D968E05E457D1F2DFA2B1BD58DE10B5E2938CA074E9BA,20260721,timed,1,3,0,30,201009113D0C8400,012E764E02F00000,1,64,500,9,60,-928,500.639100,439296,877470,439296,0,0.000000,0,,0,0,112260,105840,143,true,
parallel-search-v2,2026-07-21T05:37:47.311285400Z,c96094bf5d7f618cbbbe10bde2478484886711c4,6E118C928729E003E89742D3B57FE6ED35FA9233A38DBE8AF852041EBEE39457,21,Windows 11,10.0,20,"learned-table-v1 (scoreScale=6400, divisor=1, bound=75962, path=D:\採点レポート\OthelloClient\data\evaluation-tables.bin)",18CD490619DC45974F8D968E05E457D1F2DFA2B1BD58DE10B5E2938CA074E9BA,20260721,timed,2,3,0,30,201009113D0C8400,012E764E02F00000,1,64,500,9,60,-928,501.017800,388567,775555,181248,207319,0.533548,98,207319,0,0,101493,88572,143,true,
parallel-search-v2,2026-07-21T05:37:47.311285400Z,c96094bf5d7f618cbbbe10bde2478484886711c4,6E118C928729E003E89742D3B57FE6ED35FA9233A38DBE8AF852041EBEE39457,21,Windows 11,10.0,20,"learned-table-v1 (scoreScale=6400, divisor=1, bound=75962, path=D:\採点レポート\OthelloClient\data\evaluation-tables.bin)",18CD490619DC45974F8D968E05E457D1F2DFA2B1BD58DE10B5E2938CA074E9BA,20260721,timed,4,3,0,30,201009113D0C8400,012E764E02F00000,1,64,500,9,60,-928,501.074400,644533,1286302,223511,421022,0.653220,112,148223;134236;138563,4,0,157718,194038,149,true,
parallel-search-v2,2026-07-21T05:37:47.311285400Z,c96094bf5d7f618cbbbe10bde2478484886711c4,6E118C928729E003E89742D3B57FE6ED35FA9233A38DBE8AF852041EBEE39457,21,Windows 11,10.0,20,"learned-table-v1 (scoreScale=6400, divisor=1, bound=75962, path=D:\採点レポート\OthelloClient\data\evaluation-tables.bin)",18CD490619DC45974F8D968E05E457D1F2DFA2B1BD58DE10B5E2938CA074E9BA,20260721,timed,1,4,0,24,1038040200C00000,408250F858385402,1,64,500,11,56,4337,500.532000,467968,934941,467968,0,0.000000,0,,0,0,92364,117147,136,true,
parallel-search-v2,2026-07-21T05:37:47.311285400Z,c96094bf5d7f618cbbbe10bde2478484886711c4,6E118C928729E003E89742D3B57FE6ED35FA9233A38DBE8AF852041EBEE39457,21,Windows 11,10.0,20,"learned-table-v1 (scoreScale=6400, divisor=1, bound=75962, path=D:\採点レポート\OthelloClient\data\evaluation-tables.bin)",18CD490619DC45974F8D968E05E457D1F2DFA2B1BD58DE10B5E2938CA074E9BA,20260721,timed,2,4,0,24,1038040200C00000,408250F858385402,1,64,500,11,56,4337,500.865600,440684,879845,200704,239980,0.544563,63,239980,0,0,89223,107272,68,true,
parallel-search-v2,2026-07-21T05:37:47.311285400Z,c96094bf5d7f618cbbbe10bde2478484886711c4,6E118C928729E003E89742D3B57FE6ED35FA9233A38DBE8AF852041EBEE39457,21,Windows 11,10.0,20,"learned-table-v1 (scoreScale=6400, divisor=1, bound=75962, path=D:\採点レポート\OthelloClient\data\evaluation-tables.bin)",18CD490619DC45974F8D968E05E457D1F2DFA2B1BD58DE10B5E2938CA074E9BA,20260721,timed,4,4,0,24,1038040200C00000,408250F858385402,1,64,500,11,56,4337,501.323000,634714,1266078,271610,363104,0.572075,70,99990;114316;148798,3,0,124803,182861,183,true,
parallel-search-v2,2026-07-21T05:37:47.311285400Z,c96094bf5d7f618cbbbe10bde2478484886711c4,6E118C928729E003E89742D3B57FE6ED35FA9233A38DBE8AF852041EBEE39457,21,Windows 11,10.0,20,"learned-table-v1 (scoreScale=6400, divisor=1, bound=75962, path=D:\採点レポート\OthelloClient\data\evaluation-tables.bin)",18CD490619DC45974F8D968E05E457D1F2DFA2B1BD58DE10B5E2938CA074E9BA,20260721,timed,8,4,0,24,1038040200C00000,408250F858385402,1,64,500,11,56,4337,500.884600,690119,1377800,271610,418509,0.606430,70,44616;32966;71651;66423;128932;24669;49252,10,0,132863,204081,183,true,
parallel-search-v2,2026-07-21T05:37:47.311285400Z,c96094bf5d7f618cbbbe10bde2478484886711c4,6E118C928729E003E89742D3B57FE6ED35FA9233A38DBE8AF852041EBEE39457,21,Windows 11,10.0,20,"learned-table-v1 (scoreScale=6400, divisor=1, bound=75962, path=D:\採点レポート\OthelloClient\data\evaluation-tables.bin)",18CD490619DC45974F8D968E05E457D1F2DFA2B1BD58DE10B5E2938CA074E9BA,20260721,timed,2,5,0,32,002071AEC8A02020,88500C10355E9040,1,64,500,9,7,1677,501.257600,383948,765969,108544,275404,0.717295,119,275404,0,0,95959,91340,176,true,
parallel-search-v2,2026-07-21T05:37:47.311285400Z,c96094bf5d7f618cbbbe10bde2478484886711c4,6E118C928729E003E89742D3B57FE6ED35FA9233A38DBE8AF852041EBEE39457,21,Windows 11,10.0,20,"learned-table-v1 (scoreScale=6400, divisor=1, bound=75962, path=D:\採点レポート\OthelloClient\data\evaluation-tables.bin)",18CD490619DC45974F8D968E05E457D1F2DFA2B1BD58DE10B5E2938CA074E9BA,20260721,timed,4,5,0,32,002071AEC8A02020,88500C10355E9040,1,64,500,9,7,1677,501.717400,732560,1460105,172541,560019,0.764468,136,184319;194087;181613,1,0,175775,249199,257,true,
parallel-search-v2,2026-07-21T05:37:47.311285400Z,c96094bf5d7f618cbbbe10bde2478484886711c4,6E118C928729E003E89742D3B57FE6ED35FA9233A38DBE8AF852041EBEE39457,21,Windows 11,10.0,20,"learned-table-v1 (scoreScale=6400, divisor=1, bound=75962, path=D:\採点レポート\OthelloClient\data\evaluation-tables.bin)",18CD490619DC45974F8D968E05E457D1F2DFA2B1BD58DE10B5E2938CA074E9BA,20260721,timed,8,5,0,32,002071AEC8A02020,88500C10355E9040,1,64,500,10,7,1876,500.472600,865537,1729439,231424,634113,0.732624,136,90264;78237;92952;81663;95224;110786;84987,11,0,195770,287583,310,true,
parallel-search-v2,2026-07-21T05:37:47.311285400Z,c96094bf5d7f618cbbbe10bde2478484886711c4,6E118C928729E003E89742D3B57FE6ED35FA9233A38DBE8AF852041EBEE39457,21,Windows 11,10.0,20,"learned-table-v1 (scoreScale=6400, divisor=1, bound=75962, path=D:\採点レポート\OthelloClient\data\evaluation-tables.bin)",18CD490619DC45974F8D968E05E457D1F2DFA2B1BD58DE10B5E2938CA074E9BA,20260721,timed,1,5,0,32,002071AEC8A02020,88500C10355E9040,1,64,500,9,7,1677,500.569000,387072,773264,387072,0,0.000000,0,,0,0,96145,92566,176,true,
parallel-search-v2,2026-07-21T05:37:47.311285400Z,c96094bf5d7f618cbbbe10bde2478484886711c4,6E118C928729E003E89742D3B57FE6ED35FA9233A38DBE8AF852041EBEE39457,21,Windows 11,10.0,20,"learned-table-v1 (scoreScale=6400, divisor=1, bound=75962, path=D:\採点レポート\OthelloClient\data\evaluation-tables.bin)",18CD490619DC45974F8D968E05E457D1F2DFA2B1BD58DE10B5E2938CA074E9BA,20260721,timed,4,6,0,18,021E026520202000,00001D1818080000,1,64,500,10,48,-4886,500.991800,471774,941680,388096,83678,0.177369,48,38318;37780;7580,0,0,92038,120461,427,true,
parallel-search-v2,2026-07-21T05:37:47.311285400Z,c96094bf5d7f618cbbbe10bde2478484886711c4,6E118C928729E003E89742D3B57FE6ED35FA9233A38DBE8AF852041EBEE39457,21,Windows 11,10.0,20,"learned-table-v1 (scoreScale=6400, divisor=1, bound=75962, path=D:\採点レポート\OthelloClient\data\evaluation-tables.bin)",18CD490619DC45974F8D968E05E457D1F2DFA2B1BD58DE10B5E2938CA074E9BA,20260721,timed,8,6,0,18,021E026520202000,00001D1818080000,1,64,500,10,48,-4886,500.855800,494253,986817,410624,83629,0.169203,48,30028;3476;1246;22334;20297;3309;2939,1,0,98865,130465,437,true,
parallel-search-v2,2026-07-21T05:37:47.311285400Z,c96094bf5d7f618cbbbe10bde2478484886711c4,6E118C928729E003E89742D3B57FE6ED35FA9233A38DBE8AF852041EBEE39457,21,Windows 11,10.0,20,"learned-table-v1 (scoreScale=6400, divisor=1, bound=75962, path=D:\採点レポート\OthelloClient\data\evaluation-tables.bin)",18CD490619DC45974F8D968E05E457D1F2DFA2B1BD58DE10B5E2938CA074E9BA,20260721,timed,1,6,0,18,021E026520202000,00001D1818080000,1,64,500,10,48,-4886,500.603600,433152,865259,433152,0,0.000000,0,,0,0,87465,106579,389,true,
parallel-search-v2,2026-07-21T05:37:47.311285400Z,c96094bf5d7f618cbbbe10bde2478484886711c4,6E118C928729E003E89742D3B57FE6ED35FA9233A38DBE8AF852041EBEE39457,21,Windows 11,10.0,20,"learned-table-v1 (scoreScale=6400, divisor=1, bound=75962, path=D:\採点レポート\OthelloClient\data\evaluation-tables.bin)",18CD490619DC45974F8D968E05E457D1F2DFA2B1BD58DE10B5E2938CA074E9BA,20260721,timed,2,6,0,18,021E026520202000,00001D1818080000,1,64,500,10,48,-4886,500.866600,478813,955969,407552,71261,0.148828,48,71261,0,0,95816,127405,399,true,
parallel-search-v2,2026-07-21T05:37:47.311285400Z,c96094bf5d7f618cbbbe10bde2478484886711c4,6E118C928729E003E89742D3B57FE6ED35FA9233A38DBE8AF852041EBEE39457,21,Windows 11,10.0,20,"learned-table-v1 (scoreScale=6400, divisor=1, bound=75962, path=D:\採点レポート\OthelloClient\data\evaluation-tables.bin)",18CD490619DC45974F8D968E05E457D1F2DFA2B1BD58DE10B5E2938CA074E9BA,20260721,timed,8,7,0,25,0858607070301000,20039E8E08080000,-1,64,500,9,13,-116,501.746300,649614,1294706,222704,426910,0.657175,104,39141;191340;36521;36179;44797;41448;37484,10,0,133807,138468,384,true,
parallel-search-v2,2026-07-21T05:37:47.311285400Z,c96094bf5d7f618cbbbe10bde2478484886711c4,6E118C928729E003E89742D3B57FE6ED35FA9233A38DBE8AF852041EBEE39457,21,Windows 11,10.0,20,"learned-table-v1 (scoreScale=6400, divisor=1, bound=75962, path=D:\採点レポート\OthelloClient\data\evaluation-tables.bin)",18CD490619DC45974F8D968E05E457D1F2DFA2B1BD58DE10B5E2938CA074E9BA,20260721,timed,1,7,0,25,0858607070301000,20039E8E08080000,-1,64,500,8,60,56,500.046400,395264,790455,395264,0,0.000000,0,,0,0,86643,87362,230,true,
parallel-search-v2,2026-07-21T05:37:47.311285400Z,c96094bf5d7f618cbbbe10bde2478484886711c4,6E118C928729E003E89742D3B57FE6ED35FA9233A38DBE8AF852041EBEE39457,21,Windows 11,10.0,20,"learned-table-v1 (scoreScale=6400, divisor=1, bound=75962, path=D:\採点レポート\OthelloClient\data\evaluation-tables.bin)",18CD490619DC45974F8D968E05E457D1F2DFA2B1BD58DE10B5E2938CA074E9BA,20260721,timed,2,7,0,25,0858607070301000,20039E8E08080000,-1,64,500,8,60,56,500.476500,442501,884159,86891,355610,0.803637,91,355610,0,0,92177,94744,283,true,
parallel-search-v2,2026-07-21T05:37:47.311285400Z,c96094bf5d7f618cbbbe10bde2478484886711c4,6E118C928729E003E89742D3B57FE6ED35FA9233A38DBE8AF852041EBEE39457,21,Windows 11,10.0,20,"learned-table-v1 (scoreScale=6400, divisor=1, bound=75962, path=D:\採点レポート\OthelloClient\data\evaluation-tables.bin)",18CD490619DC45974F8D968E05E457D1F2DFA2B1BD58DE10B5E2938CA074E9BA,20260721,timed,4,7,0,25,0858607070301000,20039E8E08080000,-1,64,500,9,13,-116,501.184600,610771,1218655,172032,438739,0.718336,91,93024;94503;251212,2,1,123370,131703,371,true,
parallel-search-v2,2026-07-21T05:37:47.311285400Z,c96094bf5d7f618cbbbe10bde2478484886711c4,6E118C928729E003E89742D3B57FE6ED35FA9233A38DBE8AF852041EBEE39457,21,Windows 11,10.0,20,"learned-table-v1 (scoreScale=6400, divisor=1, bound=75962, path=D:\採点レポート\OthelloClient\data\evaluation-tables.bin)",18CD490619DC45974F8D968E05E457D1F2DFA2B1BD58DE10B5E2938CA074E9BA,20260721,timed,2,0,1,29,3F362F263A020200,4048501904000000,-1,64,500,10,18,-219,500.480200,446781,892705,333176,113605,0.254274,81,113605,0,0,111934,113853,496,true,
parallel-search-v2,2026-07-21T05:37:47.311285400Z,c96094bf5d7f618cbbbe10bde2478484886711c4,6E118C928729E003E89742D3B57FE6ED35FA9233A38DBE8AF852041EBEE39457,21,Windows 11,10.0,20,"learned-table-v1 (scoreScale=6400, divisor=1, bound=75962, path=D:\採点レポート\OthelloClient\data\evaluation-tables.bin)",18CD490619DC45974F8D968E05E457D1F2DFA2B1BD58DE10B5E2938CA074E9BA,20260721,timed,4,0,1,29,3F362F263A020200,4048501904000000,-1,64,500,11,18,202,500.348300,586026,1171236,343040,242986,0.414633,81,86598;84609;71779,4,0,140785,140668,516,true,
parallel-search-v2,2026-07-21T05:37:47.311285400Z,c96094bf5d7f618cbbbe10bde2478484886711c4,6E118C928729E003E89742D3B57FE6ED35FA9233A38DBE8AF852041EBEE39457,21,Windows 11,10.0,20,"learned-table-v1 (scoreScale=6400, divisor=1, bound=75962, path=D:\採点レポート\OthelloClient\data\evaluation-tables.bin)",18CD490619DC45974F8D968E05E457D1F2DFA2B1BD58DE10B5E2938CA074E9BA,20260721,timed,8,0,1,29,3F362F263A020200,4048501904000000,-1,64,500,10,18,-219,501.014000,603746,1205048,327477,276269,0.457591,81,30601;29534;63795;57193;39094;30321;25731,7,0,142151,142449,524,true,
parallel-search-v2,2026-07-21T05:37:47.311285400Z,c96094bf5d7f618cbbbe10bde2478484886711c4,6E118C928729E003E89742D3B57FE6ED35FA9233A38DBE8AF852041EBEE39457,21,Windows 11,10.0,20,"learned-table-v1 (scoreScale=6400, divisor=1, bound=75962, path=D:\採点レポート\OthelloClient\data\evaluation-tables.bin)",18CD490619DC45974F8D968E05E457D1F2DFA2B1BD58DE10B5E2938CA074E9BA,20260721,timed,1,0,1,29,3F362F263A020200,4048501904000000,-1,64,500,10,18,-219,500.763200,471040,940644,471040,0,0.000000,0,,0,0,115923,118342,496,true,
parallel-search-v2,2026-07-21T05:37:47.311285400Z,c96094bf5d7f618cbbbe10bde2478484886711c4,6E118C928729E003E89742D3B57FE6ED35FA9233A38DBE8AF852041EBEE39457,21,Windows 11,10.0,20,"learned-table-v1 (scoreScale=6400, divisor=1, bound=75962, path=D:\採点レポート\OthelloClient\data\evaluation-tables.bin)",18CD490619DC45974F8D968E05E457D1F2DFA2B1BD58DE10B5E2938CA074E9BA,20260721,timed,4,1,1,23,0440387020544040,081E000E18280800,-1,64,500,8,30,995,501.043900,726334,1449641,218249,508085,0.699520,105,161565;159045;187475,13,0,137374,143780,574,true,
parallel-search-v2,2026-07-21T05:37:47.311285400Z,c96094bf5d7f618cbbbe10bde2478484886711c4,6E118C928729E003E89742D3B57FE6ED35FA9233A38DBE8AF852041EBEE39457,21,Windows 11,10.0,20,"learned-table-v1 (scoreScale=6400, divisor=1, bound=75962, path=D:\採点レポート\OthelloClient\data\evaluation-tables.bin)",18CD490619DC45974F8D968E05E457D1F2DFA2B1BD58DE10B5E2938CA074E9BA,20260721,timed,8,1,1,23,0440387020544040,081E000E18280800,-1,64,500,9,30,1059,501.068000,1005919,2007550,224256,781663,0.777064,105,106033;147907;80435;103440;116738;146752;80358,16,0,178333,179424,670,true,
parallel-search-v2,2026-07-21T05:37:47.311285400Z,c96094bf5d7f618cbbbe10bde2478484886711c4,6E118C928729E003E89742D3B57FE6ED35FA9233A38DBE8AF852041EBEE39457,21,Windows 11,10.0,20,"learned-table-v1 (scoreScale=6400, divisor=1, bound=75962, path=D:\採点レポート\OthelloClient\data\evaluation-tables.bin)",18CD490619DC45974F8D968E05E457D1F2DFA2B1BD58DE10B5E2938CA074E9BA,20260721,timed,1,1,1,23,0440387020544040,081E000E18280800,-1,64,500,7,46,988,501.373000,427008,851677,427008,0,0.000000,0,,0,0,85655,85090,379,true,
parallel-search-v2,2026-07-21T05:37:47.311285400Z,c96094bf5d7f618cbbbe10bde2478484886711c4,6E118C928729E003E89742D3B57FE6ED35FA9233A38DBE8AF852041EBEE39457,21,Windows 11,10.0,20,"learned-table-v1 (scoreScale=6400, divisor=1, bound=75962, path=D:\採点レポート\OthelloClient\data\evaluation-tables.bin)",18CD490619DC45974F8D968E05E457D1F2DFA2B1BD58DE10B5E2938CA074E9BA,20260721,timed,2,1,1,23,0440387020544040,081E000E18280800,-1,64,500,7,46,988,500.871500,417531,833609,124733,292798,0.701261,90,292798,0,0,84807,83867,379,true,
parallel-search-v2,2026-07-21T05:37:47.311285400Z,c96094bf5d7f618cbbbe10bde2478484886711c4,6E118C928729E003E89742D3B57FE6ED35FA9233A38DBE8AF852041EBEE39457,21,Windows 11,10.0,20,"learned-table-v1 (scoreScale=6400, divisor=1, bound=75962, path=D:\採点レポート\OthelloClient\data\evaluation-tables.bin)",18CD490619DC45974F8D968E05E457D1F2DFA2B1BD58DE10B5E2938CA074E9BA,20260721,timed,8,2,1,29,040010F300102040,10088C0C3E6F1222,-1,64,500,10,11,-1651,500.061900,534242,1068352,338944,195298,0.365561,96,27307;19372;45940;20576;27743;23180;31180,3,0,140605,149184,265,true,
parallel-search-v2,2026-07-21T05:37:47.311285400Z,c96094bf5d7f618cbbbe10bde2478484886711c4,6E118C928729E003E89742D3B57FE6ED35FA9233A38DBE8AF852041EBEE39457,21,Windows 11,10.0,20,"learned-table-v1 (scoreScale=6400, divisor=1, bound=75962, path=D:\採点レポート\OthelloClient\data\evaluation-tables.bin)",18CD490619DC45974F8D968E05E457D1F2DFA2B1BD58DE10B5E2938CA074E9BA,20260721,timed,1,2,1,29,040010F300102040,10088C0C3E6F1222,-1,64,500,10,11,-1651,500.551800,425984,851029,425984,0,0.000000,0,,0,0,116681,111005,259,true,
parallel-search-v2,2026-07-21T05:37:47.311285400Z,c96094bf5d7f618cbbbe10bde2478484886711c4,6E118C928729E003E89742D3B57FE6ED35FA9233A38DBE8AF852041EBEE39457,21,Windows 11,10.0,20,"learned-table-v1 (scoreScale=6400, divisor=1, bound=75962, path=D:\採点レポート\OthelloClient\data\evaluation-tables.bin)",18CD490619DC45974F8D968E05E457D1F2DFA2B1BD58DE10B5E2938CA074E9BA,20260721,timed,2,2,1,29,040010F300102040,10088C0C3E6F1222,-1,64,500,10,11,-1651,500.544900,420652,840388,227328,193324,0.459582,96,193324,0,0,114978,109778,259,true,
parallel-search-v2,2026-07-21T05:37:47.311285400Z,c96094bf5d7f618cbbbe10bde2478484886711c4,6E118C928729E003E89742D3B57FE6ED35FA9233A38DBE8AF852041EBEE39457,21,Windows 11,10.0,20,"learned-table-v1 (scoreScale=6400, divisor=1, bound=75962, path=D:\採点レポート\OthelloClient\data\evaluation-tables.bin)",18CD490619DC45974F8D968E05E457D1F2DFA2B1BD58DE10B5E2938CA074E9BA,20260721,timed,4,2,1,29,040010F300102040,10088C0C3E6F1222,-1,64,500,10,11,-1651,500.927800,533514,1065052,339968,193546,0.362776,96,66295;68132;59119,4,0,138616,149132,265,true,
parallel-search-v2,2026-07-21T05:37:47.311285400Z,c96094bf5d7f618cbbbe10bde2478484886711c4,6E118C928729E003E89742D3B57FE6ED35FA9233A38DBE8AF852041EBEE39457,21,Windows 11,10.0,20,"learned-table-v1 (scoreScale=6400, divisor=1, bound=75962, path=D:\採点レポート\OthelloClient\data\evaluation-tables.bin)",18CD490619DC45974F8D968E05E457D1F2DFA2B1BD58DE10B5E2938CA074E9BA,20260721,timed,1,3,1,30,201009113D0C8400,012E764E02F00000,1,64,500,9,60,-928,500.114200,421888,843583,421888,0,0.000000,0,,0,0,108069,99603,143,true,
parallel-search-v2,2026-07-21T05:37:47.311285400Z,c96094bf5d7f618cbbbe10bde2478484886711c4,6E118C928729E003E89742D3B57FE6ED35FA9233A38DBE8AF852041EBEE39457,21,Windows 11,10.0,20,"learned-table-v1 (scoreScale=6400, divisor=1, bound=75962, path=D:\採点レポート\OthelloClient\data\evaluation-tables.bin)",18CD490619DC45974F8D968E05E457D1F2DFA2B1BD58DE10B5E2938CA074E9BA,20260721,timed,2,3,1,30,201009113D0C8400,012E764E02F00000,1,64,500,9,60,-928,500.520900,396759,792692,189440,207319,0.522531,98,207319,0,0,103445,92211,143,true,
parallel-search-v2,2026-07-21T05:37:47.311285400Z,c96094bf5d7f618cbbbe10bde2478484886711c4,6E118C928729E003E89742D3B57FE6ED35FA9233A38DBE8AF852041EBEE39457,21,Windows 11,10.0,20,"learned-table-v1 (scoreScale=6400, divisor=1, bound=75962, path=D:\採点レポート\OthelloClient\data\evaluation-tables.bin)",18CD490619DC45974F8D968E05E457D1F2DFA2B1BD58DE10B5E2938CA074E9BA,20260721,timed,4,3,1,30,201009113D0C8400,012E764E02F00000,1,64,500,10,60,-522,500.563300,698482,1395392,224256,474226,0.678938,112,166406;157100;150720,4,0,167750,216607,151,true,
parallel-search-v2,2026-07-21T05:37:47.311285400Z,c96094bf5d7f618cbbbe10bde2478484886711c4,6E118C928729E003E89742D3B57FE6ED35FA9233A38DBE8AF852041EBEE39457,21,Windows 11,10.0,20,"learned-table-v1 (scoreScale=6400, divisor=1, bound=75962, path=D:\採点レポート\OthelloClient\data\evaluation-tables.bin)",18CD490619DC45974F8D968E05E457D1F2DFA2B1BD58DE10B5E2938CA074E9BA,20260721,timed,8,3,1,30,201009113D0C8400,012E764E02F00000,1,64,500,10,60,-522,501.343300,774164,1544179,303104,471060,0.608476,112,66356;64921;82472;61685;64314;69984;61328,6,0,178634,225298,161,true,
parallel-search-v2,2026-07-21T05:37:47.311285400Z,c96094bf5d7f618cbbbe10bde2478484886711c4,6E118C928729E003E89742D3B57FE6ED35FA9233A38DBE8AF852041EBEE39457,21,Windows 11,10.0,20,"learned-table-v1 (scoreScale=6400, divisor=1, bound=75962, path=D:\採点レポート\OthelloClient\data\evaluation-tables.bin)",18CD490619DC45974F8D968E05E457D1F2DFA2B1BD58DE10B5E2938CA074E9BA,20260721,timed,2,4,1,24,1038040200C00000,408250F858385402,1,64,500,11,56,4337,501.078500,486764,971433,246784,239980,0.493011,63,239980,0,0,93763,122578,136,true,
parallel-search-v2,2026-07-21T05:37:47.311285400Z,c96094bf5d7f618cbbbe10bde2478484886711c4,6E118C928729E003E89742D3B57FE6ED35FA9233A38DBE8AF852041EBEE39457,21,Windows 11,10.0,20,"learned-table-v1 (scoreScale=6400, divisor=1, bound=75962, path=D:\採点レポート\OthelloClient\data\evaluation-tables.bin)",18CD490619DC45974F8D968E05E457D1F2DFA2B1BD58DE10B5E2938CA074E9BA,20260721,timed,4,4,1,24,1038040200C00000,408250F858385402,1,64,500,11,56,4337,501.155000,635644,1268358,271610,364034,0.572701,70,139800;126319;97915,0,0,124921,183312,183,true,
parallel-search-v2,2026-07-21T05:37:47.311285400Z,c96094bf5d7f618cbbbe10bde2478484886711c4,6E118C928729E003E89742D3B57FE6ED35FA9233A38DBE8AF852041EBEE39457,21,Windows 11,10.0,20,"learned-table-v1 (scoreScale=6400, divisor=1, bound=75962, path=D:\採点レポート\OthelloClient\data\evaluation-tables.bin)",18CD490619DC45974F8D968E05E457D1F2DFA2B1BD58DE10B5E2938CA074E9BA,20260721,timed,8,4,1,24,1038040200C00000,408250F858385402,1,64,500,11,56,4337,500.478500,727899,1454406,271610,456289,0.626858,70,73032;27259;48873;45009;24279;145235;92602,7,0,139310,220177,183,true,
parallel-search-v2,2026-07-21T05:37:47.311285400Z,c96094bf5d7f618cbbbe10bde2478484886711c4,6E118C928729E003E89742D3B57FE6ED35FA9233A38DBE8AF852041EBEE39457,21,Windows 11,10.0,20,"learned-table-v1 (scoreScale=6400, divisor=1, bound=75962, path=D:\採点レポート\OthelloClient\data\evaluation-tables.bin)",18CD490619DC45974F8D968E05E457D1F2DFA2B1BD58DE10B5E2938CA074E9BA,20260721,timed,1,4,1,24,1038040200C00000,408250F858385402,1,64,500,11,56,4337,500.881400,459776,917934,459776,0,0.000000,0,,0,0,91809,114016,136,true,
parallel-search-v2,2026-07-21T05:37:47.311285400Z,c96094bf5d7f618cbbbe10bde2478484886711c4,6E118C928729E003E89742D3B57FE6ED35FA9233A38DBE8AF852041EBEE39457,21,Windows 11,10.0,20,"learned-table-v1 (scoreScale=6400, divisor=1, bound=75962, path=D:\採点レポート\OthelloClient\data\evaluation-tables.bin)",18CD490619DC45974F8D968E05E457D1F2DFA2B1BD58DE10B5E2938CA074E9BA,20260721,timed,4,5,1,32,002071AEC8A02020,88500C10355E9040,1,64,500,9,7,1677,500.363000,731317,1461573,172656,558661,0.763911,136,198319;183165;177177,1,0,175513,247199,254,true,
parallel-search-v2,2026-07-21T05:37:47.311285400Z,c96094bf5d7f618cbbbe10bde2478484886711c4,6E118C928729E003E89742D3B57FE6ED35FA9233A38DBE8AF852041EBEE39457,21,Windows 11,10.0,20,"learned-table-v1 (scoreScale=6400, divisor=1, bound=75962, path=D:\採点レポート\OthelloClient\data\evaluation-tables.bin)",18CD490619DC45974F8D968E05E457D1F2DFA2B1BD58DE10B5E2938CA074E9BA,20260721,timed,8,5,1,32,002071AEC8A02020,88500C10355E9040,1,64,500,10,7,1876,500.063300,877175,1754128,242688,634487,0.723330,136,90948;97728;74737;114911;84151;81828;90184,6,0,192752,287654,317,true,
parallel-search-v2,2026-07-21T05:37:47.311285400Z,c96094bf5d7f618cbbbe10bde2478484886711c4,6E118C928729E003E89742D3B57FE6ED35FA9233A38DBE8AF852041EBEE39457,21,Windows 11,10.0,20,"learned-table-v1 (scoreScale=6400, divisor=1, bound=75962, path=D:\採点レポート\OthelloClient\data\evaluation-tables.bin)",18CD490619DC45974F8D968E05E457D1F2DFA2B1BD58DE10B5E2938CA074E9BA,20260721,timed,1,5,1,32,002071AEC8A02020,88500C10355E9040,1,64,500,9,7,1677,500.518400,398336,795847,398336,0,0.000000,0,,0,0,96666,97034,176,true,
parallel-search-v2,2026-07-21T05:37:47.311285400Z,c96094bf5d7f618cbbbe10bde2478484886711c4,6E118C928729E003E89742D3B57FE6ED35FA9233A38DBE8AF852041EBEE39457,21,Windows 11,10.0,20,"learned-table-v1 (scoreScale=6400, divisor=1, bound=75962, path=D:\採点レポート\OthelloClient\data\evaluation-tables.bin)",18CD490619DC45974F8D968E05E457D1F2DFA2B1BD58DE10B5E2938CA074E9BA,20260721,timed,2,5,1,32,002071AEC8A02020,88500C10355E9040,1,64,500,9,7,1677,501.100800,399308,796862,123904,275404,0.689703,119,275404,0,0,96699,97377,176,true,
parallel-search-v2,2026-07-21T05:37:47.311285400Z,c96094bf5d7f618cbbbe10bde2478484886711c4,6E118C928729E003E89742D3B57FE6ED35FA9233A38DBE8AF852041EBEE39457,21,Windows 11,10.0,20,"learned-table-v1 (scoreScale=6400, divisor=1, bound=75962, path=D:\採点レポート\OthelloClient\data\evaluation-tables.bin)",18CD490619DC45974F8D968E05E457D1F2DFA2B1BD58DE10B5E2938CA074E9BA,20260721,timed,8,6,1,18,021E026520202000,00001D1818080000,1,64,500,10,48,-4886,500.507300,485035,969087,401408,83627,0.172414,48,24334;4998;3109;16691;30058;2975;1462,0,0,96484,126028,437,true,
parallel-search-v2,2026-07-21T05:37:47.311285400Z,c96094bf5d7f618cbbbe10bde2478484886711c4,6E118C928729E003E89742D3B57FE6ED35FA9233A38DBE8AF852041EBEE39457,21,Windows 11,10.0,20,"learned-table-v1 (scoreScale=6400, divisor=1, bound=75962, path=D:\採点レポート\OthelloClient\data\evaluation-tables.bin)",18CD490619DC45974F8D968E05E457D1F2DFA2B1BD58DE10B5E2938CA074E9BA,20260721,timed,1,6,1,18,021E026520202000,00001D1818080000,1,64,500,10,48,-4886,500.811500,441344,881258,441344,0,0.000000,0,,0,0,87691,110411,389,true,
parallel-search-v2,2026-07-21T05:37:47.311285400Z,c96094bf5d7f618cbbbe10bde2478484886711c4,6E118C928729E003E89742D3B57FE6ED35FA9233A38DBE8AF852041EBEE39457,21,Windows 11,10.0,20,"learned-table-v1 (scoreScale=6400, divisor=1, bound=75962, path=D:\採点レポート\OthelloClient\data\evaluation-tables.bin)",18CD490619DC45974F8D968E05E457D1F2DFA2B1BD58DE10B5E2938CA074E9BA,20260721,timed,2,6,1,18,021E026520202000,00001D1818080000,1,64,500,10,48,-4886,500.878000,473693,945725,402432,71261,0.150437,48,71261,0,0,94559,124957,399,true,
parallel-search-v2,2026-07-21T05:37:47.311285400Z,c96094bf5d7f618cbbbe10bde2478484886711c4,6E118C928729E003E89742D3B57FE6ED35FA9233A38DBE8AF852041EBEE39457,21,Windows 11,10.0,20,"learned-table-v1 (scoreScale=6400, divisor=1, bound=75962, path=D:\採点レポート\OthelloClient\data\evaluation-tables.bin)",18CD490619DC45974F8D968E05E457D1F2DFA2B1BD58DE10B5E2938CA074E9BA,20260721,timed,4,6,1,18,021E026520202000,00001D1818080000,1,64,500,10,48,-4886,500.230900,490206,979959,406528,83678,0.170700,48,26075;50583;7020,3,0,97845,128527,437,true,
parallel-search-v2,2026-07-21T05:37:47.311285400Z,c96094bf5d7f618cbbbe10bde2478484886711c4,6E118C928729E003E89742D3B57FE6ED35FA9233A38DBE8AF852041EBEE39457,21,Windows 11,10.0,20,"learned-table-v1 (scoreScale=6400, divisor=1, bound=75962, path=D:\採点レポート\OthelloClient\data\evaluation-tables.bin)",18CD490619DC45974F8D968E05E457D1F2DFA2B1BD58DE10B5E2938CA074E9BA,20260721,timed,1,7,1,25,0858607070301000,20039E8E08080000,-1,64,500,8,60,56,500.372500,419840,839055,419840,0,0.000000,0,,0,0,89695,91085,262,true,
parallel-search-v2,2026-07-21T05:37:47.311285400Z,c96094bf5d7f618cbbbe10bde2478484886711c4,6E118C928729E003E89742D3B57FE6ED35FA9233A38DBE8AF852041EBEE39457,21,Windows 11,10.0,20,"learned-table-v1 (scoreScale=6400, divisor=1, bound=75962, path=D:\採点レポート\OthelloClient\data\evaluation-tables.bin)",18CD490619DC45974F8D968E05E457D1F2DFA2B1BD58DE10B5E2938CA074E9BA,20260721,timed,2,7,1,25,0858607070301000,20039E8E08080000,-1,64,500,8,60,56,500.676100,418949,836767,86891,332058,0.792598,91,332058,0,0,89616,90994,262,true,
parallel-search-v2,2026-07-21T05:37:47.311285400Z,c96094bf5d7f618cbbbe10bde2478484886711c4,6E118C928729E003E89742D3B57FE6ED35FA9233A38DBE8AF852041EBEE39457,21,Windows 11,10.0,20,"learned-table-v1 (scoreScale=6400, divisor=1, bound=75962, path=D:\採点レポート\OthelloClient\data\evaluation-tables.bin)",18CD490619DC45974F8D968E05E457D1F2DFA2B1BD58DE10B5E2938CA074E9BA,20260721,timed,4,7,1,25,0858607070301000,20039E8E08080000,-1,64,500,9,13,-116,500.984400,621382,1240322,185344,436038,0.701723,91,92389;98324;245325,2,0,124242,133910,371,true,
parallel-search-v2,2026-07-21T05:37:47.311285400Z,c96094bf5d7f618cbbbe10bde2478484886711c4,6E118C928729E003E89742D3B57FE6ED35FA9233A38DBE8AF852041EBEE39457,21,Windows 11,10.0,20,"learned-table-v1 (scoreScale=6400, divisor=1, bound=75962, path=D:\採点レポート\OthelloClient\data\evaluation-tables.bin)",18CD490619DC45974F8D968E05E457D1F2DFA2B1BD58DE10B5E2938CA074E9BA,20260721,timed,8,7,1,25,0858607070301000,20039E8E08080000,-1,64,500,9,13,-116,501.025200,689958,1377092,222688,467270,0.677244,104,51761;41325;39853;45550;198251;47815;42715,11,0,143793,156257,384,true,
