benchmarkVersion,generatedAtUtc,gitRevision,modelSha256,javaVersion,osName,osVersion,availableProcessors,evaluator,suiteSha256,seed,mode,threads,position,repetition,targetPly,black,white,color,depthLimit,timeLimitMillis,completedDepth,bestSquare,score,elapsedMillis,nodes,nodesPerSecond,mainThreadNodes,parallelNodes,workerShare,parallelTasks,parallelWorkerNodes,workerMonitorBlocks,workerMonitorBlockedMillis,stabilityEnabled,stabilityChecks,stabilityCuts,transpositionHits,betaCutoffs,pvsResearches,lmrSearches,lmrResearches,timedOut,consistent
parallel-search-v3,2026-07-21T11:06:55.046301700Z,95d1867173f185961f8134205593dfe1159cf929-dirty,6E118C928729E003E89742D3B57FE6ED35FA9233A38DBE8AF852041EBEE39457,21,Windows 11,10.0,20,"learned-table-v1 (scoreScale=6400, divisor=1, bound=75962, path=D:\採点レポート\OthelloClient\data\evaluation-tables.bin)",18CD490619DC45974F8D968E05E457D1F2DFA2B1BD58DE10B5E2938CA074E9BA,20260721,fixed,1,0,0,29,3F362F263A020200,4048501904000000,-1,9,60000,9,18,-287,47.182300,79288,1680461,79288,0,0.000000,0,,0,0,false,0,0,3657,18520,117,473,7,false,true
parallel-search-v3,2026-07-21T11:06:55.046301700Z,95d1867173f185961f8134205593dfe1159cf929-dirty,6E118C928729E003E89742D3B57FE6ED35FA9233A38DBE8AF852041EBEE39457,21,Windows 11,10.0,20,"learned-table-v1 (scoreScale=6400, divisor=1, bound=75962, path=D:\採点レポート\OthelloClient\data\evaluation-tables.bin)",18CD490619DC45974F8D968E05E457D1F2DFA2B1BD58DE10B5E2938CA074E9BA,20260721,fixed,2,0,0,29,3F362F263A020200,4048501904000000,-1,9,60000,9,18,-287,49.272600,79288,1609170,37340,41948,0.529059,63,41948,0,0,false,0,0,3657,18520,117,473,7,false,true
parallel-search-v3,2026-07-21T11:06:55.046301700Z,95d1867173f185961f8134205593dfe1159cf929-dirty,6E118C928729E003E89742D3B57FE6ED35FA9233A38DBE8AF852041EBEE39457,21,Windows 11,10.0,20,"learned-table-v1 (scoreScale=6400, divisor=1, bound=75962, path=D:\採点レポート\OthelloClient\data\evaluation-tables.bin)",18CD490619DC45974F8D968E05E457D1F2DFA2B1BD58DE10B5E2938CA074E9BA,20260721,fixed,4,0,0,29,3F362F263A020200,4048501904000000,-1,9,60000,9,18,-287,34.540100,80126,2319796,37340,42786,0.533984,63,14302;13275;15209,0,0,false,0,0,3763,18716,116,492,7,false,true
parallel-search-v3,2026-07-21T11:06:55.046301700Z,95d1867173f185961f8134205593dfe1159cf929-dirty,6E118C928729E003E89742D3B57FE6ED35FA9233A38DBE8AF852041EBEE39457,21,Windows 11,10.0,20,"learned-table-v1 (scoreScale=6400, divisor=1, bound=75962, path=D:\採点レポート\OthelloClient\data\evaluation-tables.bin)",18CD490619DC45974F8D968E05E457D1F2DFA2B1BD58DE10B5E2938CA074E9BA,20260721,fixed,8,0,0,29,3F362F263A020200,4048501904000000,-1,9,60000,9,18,-287,33.539500,80217,2391717,37340,42877,0.534513,63,5035;5484;8793;4202;7482;6989;4892,0,0,false,0,0,3747,18735,116,485,7,false,true
parallel-search-v3,2026-07-21T11:06:55.046301700Z,95d1867173f185961f8134205593dfe1159cf929-dirty,6E118C928729E003E89742D3B57FE6ED35FA9233A38DBE8AF852041EBEE39457,21,Windows 11,10.0,20,"learned-table-v1 (scoreScale=6400, divisor=1, bound=75962, path=D:\採点レポート\OthelloClient\data\evaluation-tables.bin)",18CD490619DC45974F8D968E05E457D1F2DFA2B1BD58DE10B5E2938CA074E9BA,20260721,fixed,2,1,0,23,0440387020544040,081E000E18280800,-1,9,60000,9,30,1059,687.870900,1104050,1605025,251860,852190,0.771876,105,852190,0,0,false,0,0,28172,241719,380,4220,165,false,true
parallel-search-v3,2026-07-21T11:06:55.046301700Z,95d1867173f185961f8134205593dfe1159cf929-dirty,6E118C928729E003E89742D3B57FE6ED35FA9233A38DBE8AF852041EBEE39457,21,Windows 11,10.0,20,"learned-table-v1 (scoreScale=6400, divisor=1, bound=75962, path=D:\採点レポート\OthelloClient\data\evaluation-tables.bin)",18CD490619DC45974F8D968E05E457D1F2DFA2B1BD58DE10B5E2938CA074E9BA,20260721,fixed,4,1,0,23,0440387020544040,081E000E18280800,-1,9,60000,9,30,1059,335.541600,1105591,3294945,251505,854086,0.772515,105,270358;307319;276409,0,0,false,0,0,28105,242189,380,4220,163,false,true
parallel-search-v3,2026-07-21T11:06:55.046301700Z,95d1867173f185961f8134205593dfe1159cf929-dirty,6E118C928729E003E89742D3B57FE6ED35FA9233A38DBE8AF852041EBEE39457,21,Windows 11,10.0,20,"learned-table-v1 (scoreScale=6400, divisor=1, bound=75962, path=D:\採点レポート\OthelloClient\data\evaluation-tables.bin)",18CD490619DC45974F8D968E05E457D1F2DFA2B1BD58DE10B5E2938CA074E9BA,20260721,fixed,8,1,0,23,0440387020544040,081E000E18280800,-1,9,60000,9,30,1059,286.285300,1106430,3864781,251159,855271,0.773001,105,164815;138781;151544;80054;82639;149400;88038,0,0,false,0,0,28042,242573,385,4204,163,false,true
parallel-search-v3,2026-07-21T11:06:55.046301700Z,95d1867173f185961f8134205593dfe1159cf929-dirty,6E118C928729E003E89742D3B57FE6ED35FA9233A38DBE8AF852041EBEE39457,21,Windows 11,10.0,20,"learned-table-v1 (scoreScale=6400, divisor=1, bound=75962, path=D:\採点レポート\OthelloClient\data\evaluation-tables.bin)",18CD490619DC45974F8D968E05E457D1F2DFA2B1BD58DE10B5E2938CA074E9BA,20260721,fixed,1,1,0,23,0440387020544040,081E000E18280800,-1,9,60000,9,30,1059,655.682100,1104050,1683819,1104050,0,0.000000,0,,0,0,false,0,0,28172,241719,380,4220,165,false,true
parallel-search-v3,2026-07-21T11:06:55.046301700Z,95d1867173f185961f8134205593dfe1159cf929-dirty,6E118C928729E003E89742D3B57FE6ED35FA9233A38DBE8AF852041EBEE39457,21,Windows 11,10.0,20,"learned-table-v1 (scoreScale=6400, divisor=1, bound=75962, path=D:\採点レポート\OthelloClient\data\evaluation-tables.bin)",18CD490619DC45974F8D968E05E457D1F2DFA2B1BD58DE10B5E2938CA074E9BA,20260721,fixed,4,2,0,29,040010F300102040,10088C0C3E6F1222,-1,9,60000,9,11,-1057,46.986400,97915,2083901,47664,50251,0.513210,84,15867;15015;19369,0,0,false,0,0,5008,25915,92,794,0,false,true
parallel-search-v3,2026-07-21T11:06:55.046301700Z,95d1867173f185961f8134205593dfe1159cf929-dirty,6E118C928729E003E89742D3B57FE6ED35FA9233A38DBE8AF852041EBEE39457,21,Windows 11,10.0,20,"learned-table-v1 (scoreScale=6400, divisor=1, bound=75962, path=D:\採点レポート\OthelloClient\data\evaluation-tables.bin)",18CD490619DC45974F8D968E05E457D1F2DFA2B1BD58DE10B5E2938CA074E9BA,20260721,fixed,8,2,0,29,040010F300102040,10088C0C3E6F1222,-1,9,60000,9,11,-1057,37.828000,98017,2591123,47664,50353,0.513717,84,6142;6396;9355;8237;7338;7089;5796,0,0,false,0,0,5009,25933,92,809,0,false,true
parallel-search-v3,2026-07-21T11:06:55.046301700Z,95d1867173f185961f8134205593dfe1159cf929-dirty,6E118C928729E003E89742D3B57FE6ED35FA9233A38DBE8AF852041EBEE39457,21,Windows 11,10.0,20,"learned-table-v1 (scoreScale=6400, divisor=1, bound=75962, path=D:\採点レポート\OthelloClient\data\evaluation-tables.bin)",18CD490619DC45974F8D968E05E457D1F2DFA2B1BD58DE10B5E2938CA074E9BA,20260721,fixed,1,2,0,29,040010F300102040,10088C0C3E6F1222,-1,9,60000,9,11,-1057,62.414500,97757,1566255,97757,0,0.000000,0,,0,0,false,0,0,4989,25852,92,794,0,false,true
parallel-search-v3,2026-07-21T11:06:55.046301700Z,95d1867173f185961f8134205593dfe1159cf929-dirty,6E118C928729E003E89742D3B57FE6ED35FA9233A38DBE8AF852041EBEE39457,21,Windows 11,10.0,20,"learned-table-v1 (scoreScale=6400, divisor=1, bound=75962, path=D:\採点レポート\OthelloClient\data\evaluation-tables.bin)",18CD490619DC45974F8D968E05E457D1F2DFA2B1BD58DE10B5E2938CA074E9BA,20260721,fixed,2,2,0,29,040010F300102040,10088C0C3E6F1222,-1,9,60000,9,11,-1057,63.191500,97757,1546996,47664,50093,0.512424,84,50093,0,0,false,0,0,4989,25852,92,794,0,false,true
parallel-search-v3,2026-07-21T11:06:55.046301700Z,95d1867173f185961f8134205593dfe1159cf929-dirty,6E118C928729E003E89742D3B57FE6ED35FA9233A38DBE8AF852041EBEE39457,21,Windows 11,10.0,20,"learned-table-v1 (scoreScale=6400, divisor=1, bound=75962, path=D:\採点レポート\OthelloClient\data\evaluation-tables.bin)",18CD490619DC45974F8D968E05E457D1F2DFA2B1BD58DE10B5E2938CA074E9BA,20260721,fixed,8,3,0,30,201009113D0C8400,012E764E02F00000,1,9,60000,9,60,-928,90.214100,238638,2645241,113244,125394,0.525457,98,19374;20649;18858;14866;15118;21640;14889,0,0,false,0,0,8968,54701,170,1294,21,false,true
parallel-search-v3,2026-07-21T11:06:55.046301700Z,95d1867173f185961f8134205593dfe1159cf929-dirty,6E118C928729E003E89742D3B57FE6ED35FA9233A38DBE8AF852041EBEE39457,21,Windows 11,10.0,20,"learned-table-v1 (scoreScale=6400, divisor=1, bound=75962, path=D:\採点レポート\OthelloClient\data\evaluation-tables.bin)",18CD490619DC45974F8D968E05E457D1F2DFA2B1BD58DE10B5E2938CA074E9BA,20260721,fixed,1,3,0,30,201009113D0C8400,012E764E02F00000,1,9,60000,9,60,-928,151.358000,237308,1567859,237308,0,0.000000,0,,0,0,false,0,0,8889,54400,170,1278,21,false,true
parallel-search-v3,2026-07-21T11:06:55.046301700Z,95d1867173f185961f8134205593dfe1159cf929-dirty,6E118C928729E003E89742D3B57FE6ED35FA9233A38DBE8AF852041EBEE39457,21,Windows 11,10.0,20,"learned-table-v1 (scoreScale=6400, divisor=1, bound=75962, path=D:\採点レポート\OthelloClient\data\evaluation-tables.bin)",18CD490619DC45974F8D968E05E457D1F2DFA2B1BD58DE10B5E2938CA074E9BA,20260721,fixed,2,3,0,30,201009113D0C8400,012E764E02F00000,1,9,60000,9,60,-928,149.015900,237308,1592501,113243,124065,0.522802,98,124065,0,0,false,0,0,8889,54400,170,1278,21,false,true
parallel-search-v3,2026-07-21T11:06:55.046301700Z,95d1867173f185961f8134205593dfe1159cf929-dirty,6E118C928729E003E89742D3B57FE6ED35FA9233A38DBE8AF852041EBEE39457,21,Windows 11,10.0,20,"learned-table-v1 (scoreScale=6400, divisor=1, bound=75962, path=D:\採点レポート\OthelloClient\data\evaluation-tables.bin)",18CD490619DC45974F8D968E05E457D1F2DFA2B1BD58DE10B5E2938CA074E9BA,20260721,fixed,4,3,0,30,201009113D0C8400,012E764E02F00000,1,9,60000,9,60,-928,101.246900,237856,2349267,113243,124613,0.523901,98,44501;40364;39748,0,0,false,0,0,8917,54533,170,1282,21,false,true
parallel-search-v3,2026-07-21T11:06:55.046301700Z,95d1867173f185961f8134205593dfe1159cf929-dirty,6E118C928729E003E89742D3B57FE6ED35FA9233A38DBE8AF852041EBEE39457,21,Windows 11,10.0,20,"learned-table-v1 (scoreScale=6400, divisor=1, bound=75962, path=D:\採点レポート\OthelloClient\data\evaluation-tables.bin)",18CD490619DC45974F8D968E05E457D1F2DFA2B1BD58DE10B5E2938CA074E9BA,20260721,fixed,1,4,0,24,1038040200C00000,408250F858385402,1,9,60000,9,56,4480,18.199900,30873,1696328,30873,0,0.000000,0,,0,0,false,0,0,1622,7774,19,195,5,false,true
parallel-search-v3,2026-07-21T11:06:55.046301700Z,95d1867173f185961f8134205593dfe1159cf929-dirty,6E118C928729E003E89742D3B57FE6ED35FA9233A38DBE8AF852041EBEE39457,21,Windows 11,10.0,20,"learned-table-v1 (scoreScale=6400, divisor=1, bound=75962, path=D:\採点レポート\OthelloClient\data\evaluation-tables.bin)",18CD490619DC45974F8D968E05E457D1F2DFA2B1BD58DE10B5E2938CA074E9BA,20260721,fixed,2,4,0,24,1038040200C00000,408250F858385402,1,9,60000,9,56,4480,21.522900,30873,1434426,8187,22686,0.734817,49,22686,0,0,false,0,0,1622,7774,19,195,5,false,true
parallel-search-v3,2026-07-21T11:06:55.046301700Z,95d1867173f185961f8134205593dfe1159cf929-dirty,6E118C928729E003E89742D3B57FE6ED35FA9233A38DBE8AF852041EBEE39457,21,Windows 11,10.0,20,"learned-table-v1 (scoreScale=6400, divisor=1, bound=75962, path=D:\採点レポート\OthelloClient\data\evaluation-tables.bin)",18CD490619DC45974F8D968E05E457D1F2DFA2B1BD58DE10B5E2938CA074E9BA,20260721,fixed,4,4,0,24,1038040200C00000,408250F858385402,1,9,60000,9,56,4480,12.531900,30957,2470256,8187,22770,0.735536,49,10346;5519;6905,0,0,false,0,0,1630,7791,19,195,5,false,true
parallel-search-v3,2026-07-21T11:06:55.046301700Z,95d1867173f185961f8134205593dfe1159cf929-dirty,6E118C928729E003E89742D3B57FE6ED35FA9233A38DBE8AF852041EBEE39457,21,Windows 11,10.0,20,"learned-table-v1 (scoreScale=6400, divisor=1, bound=75962, path=D:\採点レポート\OthelloClient\data\evaluation-tables.bin)",18CD490619DC45974F8D968E05E457D1F2DFA2B1BD58DE10B5E2938CA074E9BA,20260721,fixed,8,4,0,24,1038040200C00000,408250F858385402,1,9,60000,9,56,4480,11.528700,30946,2684258,8187,22759,0.735442,49,5841;1955;5443;2969;1914;1731;2906,0,0,false,0,0,1634,7788,19,195,5,false,true
parallel-search-v3,2026-07-21T11:06:55.046301700Z,95d1867173f185961f8134205593dfe1159cf929-dirty,6E118C928729E003E89742D3B57FE6ED35FA9233A38DBE8AF852041EBEE39457,21,Windows 11,10.0,20,"learned-table-v1 (scoreScale=6400, divisor=1, bound=75962, path=D:\採点レポート\OthelloClient\data\evaluation-tables.bin)",18CD490619DC45974F8D968E05E457D1F2DFA2B1BD58DE10B5E2938CA074E9BA,20260721,fixed,2,5,0,32,002071AEC8A02020,88500C10355E9040,1,9,60000,9,7,1677,118.904600,178519,1501363,50378,128141,0.717800,119,128141,0,0,false,0,0,7060,46741,107,1233,17,false,true
parallel-search-v3,2026-07-21T11:06:55.046301700Z,95d1867173f185961f8134205593dfe1159cf929-dirty,6E118C928729E003E89742D3B57FE6ED35FA9233A38DBE8AF852041EBEE39457,21,Windows 11,10.0,20,"learned-table-v1 (scoreScale=6400, divisor=1, bound=75962, path=D:\採点レポート\OthelloClient\data\evaluation-tables.bin)",18CD490619DC45974F8D968E05E457D1F2DFA2B1BD58DE10B5E2938CA074E9BA,20260721,fixed,4,5,0,32,002071AEC8A02020,88500C10355E9040,1,9,60000,9,7,1677,77.927600,178528,2290947,50378,128150,0.717815,119,43034;41597;43519,0,0,false,0,0,7069,46741,107,1233,17,false,true
parallel-search-v3,2026-07-21T11:06:55.046301700Z,95d1867173f185961f8134205593dfe1159cf929-dirty,6E118C928729E003E89742D3B57FE6ED35FA9233A38DBE8AF852041EBEE39457,21,Windows 11,10.0,20,"learned-table-v1 (scoreScale=6400, divisor=1, bound=75962, path=D:\採点レポート\OthelloClient\data\evaluation-tables.bin)",18CD490619DC45974F8D968E05E457D1F2DFA2B1BD58DE10B5E2938CA074E9BA,20260721,fixed,8,5,0,32,002071AEC8A02020,88500C10355E9040,1,9,60000,9,7,1677,55.283300,178587,3230397,50378,128209,0.717908,119,15736;19709;15106;21116;15813;18351;22378,0,0,false,0,0,7064,46761,107,1233,17,false,true
parallel-search-v3,2026-07-21T11:06:55.046301700Z,95d1867173f185961f8134205593dfe1159cf929-dirty,6E118C928729E003E89742D3B57FE6ED35FA9233A38DBE8AF852041EBEE39457,21,Windows 11,10.0,20,"learned-table-v1 (scoreScale=6400, divisor=1, bound=75962, path=D:\採点レポート\OthelloClient\data\evaluation-tables.bin)",18CD490619DC45974F8D968E05E457D1F2DFA2B1BD58DE10B5E2938CA074E9BA,20260721,fixed,1,5,0,32,002071AEC8A02020,88500C10355E9040,1,9,60000,9,7,1677,119.639000,178519,1492147,178519,0,0.000000,0,,0,0,false,0,0,7060,46741,107,1233,17,false,true
parallel-search-v3,2026-07-21T11:06:55.046301700Z,95d1867173f185961f8134205593dfe1159cf929-dirty,6E118C928729E003E89742D3B57FE6ED35FA9233A38DBE8AF852041EBEE39457,21,Windows 11,10.0,20,"learned-table-v1 (scoreScale=6400, divisor=1, bound=75962, path=D:\採点レポート\OthelloClient\data\evaluation-tables.bin)",18CD490619DC45974F8D968E05E457D1F2DFA2B1BD58DE10B5E2938CA074E9BA,20260721,fixed,4,6,0,18,021E026520202000,00001D1818080000,1,9,60000,9,48,-4919,62.424900,127066,2035502,75261,51805,0.407702,42,17103;6075;28627,0,0,false,0,0,4626,29358,96,624,16,false,true
parallel-search-v3,2026-07-21T11:06:55.046301700Z,95d1867173f185961f8134205593dfe1159cf929-dirty,6E118C928729E003E89742D3B57FE6ED35FA9233A38DBE8AF852041EBEE39457,21,Windows 11,10.0,20,"learned-table-v1 (scoreScale=6400, divisor=1, bound=75962, path=D:\採点レポート\OthelloClient\data\evaluation-tables.bin)",18CD490619DC45974F8D968E05E457D1F2DFA2B1BD58DE10B5E2938CA074E9BA,20260721,fixed,8,6,0,18,021E026520202000,00001D1818080000,1,9,60000,9,48,-4919,62.147900,127031,2044011,75261,51770,0.407538,42,16417;1851;15945;6557;2952;5231;2817,0,0,false,0,0,4624,29348,96,624,16,false,true
parallel-search-v3,2026-07-21T11:06:55.046301700Z,95d1867173f185961f8134205593dfe1159cf929-dirty,6E118C928729E003E89742D3B57FE6ED35FA9233A38DBE8AF852041EBEE39457,21,Windows 11,10.0,20,"learned-table-v1 (scoreScale=6400, divisor=1, bound=75962, path=D:\採点レポート\OthelloClient\data\evaluation-tables.bin)",18CD490619DC45974F8D968E05E457D1F2DFA2B1BD58DE10B5E2938CA074E9BA,20260721,fixed,1,6,0,18,021E026520202000,00001D1818080000,1,9,60000,9,48,-4919,74.596900,126906,1701224,126906,0,0.000000,0,,0,0,false,0,0,4618,29292,96,624,16,false,true
parallel-search-v3,2026-07-21T11:06:55.046301700Z,95d1867173f185961f8134205593dfe1159cf929-dirty,6E118C928729E003E89742D3B57FE6ED35FA9233A38DBE8AF852041EBEE39457,21,Windows 11,10.0,20,"learned-table-v1 (scoreScale=6400, divisor=1, bound=75962, path=D:\採点レポート\OthelloClient\data\evaluation-tables.bin)",18CD490619DC45974F8D968E05E457D1F2DFA2B1BD58DE10B5E2938CA074E9BA,20260721,fixed,2,6,0,18,021E026520202000,00001D1818080000,1,9,60000,9,48,-4919,75.571200,126906,1679291,75261,51645,0.406955,42,51645,0,0,false,0,0,4618,29292,96,624,16,false,true
parallel-search-v3,2026-07-21T11:06:55.046301700Z,95d1867173f185961f8134205593dfe1159cf929-dirty,6E118C928729E003E89742D3B57FE6ED35FA9233A38DBE8AF852041EBEE39457,21,Windows 11,10.0,20,"learned-table-v1 (scoreScale=6400, divisor=1, bound=75962, path=D:\採点レポート\OthelloClient\data\evaluation-tables.bin)",18CD490619DC45974F8D968E05E457D1F2DFA2B1BD58DE10B5E2938CA074E9BA,20260721,fixed,8,7,0,25,0858607070301000,20039E8E08080000,-1,9,60000,9,13,-116,139.465200,447281,3207115,96162,351119,0.785008,91,38472;46820;29893;37424;61087;102654;34769,0,0,false,0,0,12024,96100,180,2228,36,false,true
parallel-search-v3,2026-07-21T11:06:55.046301700Z,95d1867173f185961f8134205593dfe1159cf929-dirty,6E118C928729E003E89742D3B57FE6ED35FA9233A38DBE8AF852041EBEE39457,21,Windows 11,10.0,20,"learned-table-v1 (scoreScale=6400, divisor=1, bound=75962, path=D:\採点レポート\OthelloClient\data\evaluation-tables.bin)",18CD490619DC45974F8D968E05E457D1F2DFA2B1BD58DE10B5E2938CA074E9BA,20260721,fixed,1,7,0,25,0858607070301000,20039E8E08080000,-1,9,60000,9,13,-116,277.674700,448649,1615736,448649,0,0.000000,0,,0,0,false,0,0,12174,96255,184,2227,39,false,true
parallel-search-v3,2026-07-21T11:06:55.046301700Z,95d1867173f185961f8134205593dfe1159cf929-dirty,6E118C928729E003E89742D3B57FE6ED35FA9233A38DBE8AF852041EBEE39457,21,Windows 11,10.0,20,"learned-table-v1 (scoreScale=6400, divisor=1, bound=75962, path=D:\採点レポート\OthelloClient\data\evaluation-tables.bin)",18CD490619DC45974F8D968E05E457D1F2DFA2B1BD58DE10B5E2938CA074E9BA,20260721,fixed,2,7,0,25,0858607070301000,20039E8E08080000,-1,9,60000,9,13,-116,287.824500,448649,1558759,96168,352481,0.785650,91,352481,0,0,false,0,0,12174,96255,184,2227,39,false,true
parallel-search-v3,2026-07-21T11:06:55.046301700Z,95d1867173f185961f8134205593dfe1159cf929-dirty,6E118C928729E003E89742D3B57FE6ED35FA9233A38DBE8AF852041EBEE39457,21,Windows 11,10.0,20,"learned-table-v1 (scoreScale=6400, divisor=1, bound=75962, path=D:\採点レポート\OthelloClient\data\evaluation-tables.bin)",18CD490619DC45974F8D968E05E457D1F2DFA2B1BD58DE10B5E2938CA074E9BA,20260721,fixed,4,7,0,25,0858607070301000,20039E8E08080000,-1,9,60000,9,13,-116,157.141300,447383,2847011,96162,351221,0.785057,91,91927;99835;159459,0,0,false,0,0,12030,96219,183,2230,37,false,true
parallel-search-v3,2026-07-21T11:06:55.046301700Z,95d1867173f185961f8134205593dfe1159cf929-dirty,6E118C928729E003E89742D3B57FE6ED35FA9233A38DBE8AF852041EBEE39457,21,Windows 11,10.0,20,"learned-table-v1 (scoreScale=6400, divisor=1, bound=75962, path=D:\採点レポート\OthelloClient\data\evaluation-tables.bin)",18CD490619DC45974F8D968E05E457D1F2DFA2B1BD58DE10B5E2938CA074E9BA,20260721,fixed,2,0,1,29,3F362F263A020200,4048501904000000,-1,9,60000,9,18,-287,46.552600,79288,1703192,37340,41948,0.529059,63,41948,0,0,false,0,0,3657,18520,117,473,7,false,true
parallel-search-v3,2026-07-21T11:06:55.046301700Z,95d1867173f185961f8134205593dfe1159cf929-dirty,6E118C928729E003E89742D3B57FE6ED35FA9233A38DBE8AF852041EBEE39457,21,Windows 11,10.0,20,"learned-table-v1 (scoreScale=6400, divisor=1, bound=75962, path=D:\採点レポート\OthelloClient\data\evaluation-tables.bin)",18CD490619DC45974F8D968E05E457D1F2DFA2B1BD58DE10B5E2938CA074E9BA,20260721,fixed,4,0,1,29,3F362F263A020200,4048501904000000,-1,9,60000,9,18,-287,33.545600,80259,2392534,37340,42919,0.534756,63,15689;14967;12263,0,0,false,0,0,3741,18731,117,492,7,false,true
parallel-search-v3,2026-07-21T11:06:55.046301700Z,95d1867173f185961f8134205593dfe1159cf929-dirty,6E118C928729E003E89742D3B57FE6ED35FA9233A38DBE8AF852041EBEE39457,21,Windows 11,10.0,20,"learned-table-v1 (scoreScale=6400, divisor=1, bound=75962, path=D:\採点レポート\OthelloClient\data\evaluation-tables.bin)",18CD490619DC45974F8D968E05E457D1F2DFA2B1BD58DE10B5E2938CA074E9BA,20260721,fixed,8,0,1,29,3F362F263A020200,4048501904000000,-1,9,60000,9,18,-287,30.212500,80124,2652015,37340,42784,0.533972,63,8676;8147;8385;4062;3811;5573;4130,0,0,false,0,0,3720,18739,116,485,7,false,true
parallel-search-v3,2026-07-21T11:06:55.046301700Z,95d1867173f185961f8134205593dfe1159cf929-dirty,6E118C928729E003E89742D3B57FE6ED35FA9233A38DBE8AF852041EBEE39457,21,Windows 11,10.0,20,"learned-table-v1 (scoreScale=6400, divisor=1, bound=75962, path=D:\採点レポート\OthelloClient\data\evaluation-tables.bin)",18CD490619DC45974F8D968E05E457D1F2DFA2B1BD58DE10B5E2938CA074E9BA,20260721,fixed,1,0,1,29,3F362F263A020200,4048501904000000,-1,9,60000,9,18,-287,45.718900,79288,1734250,79288,0,0.000000,0,,0,0,false,0,0,3657,18520,117,473,7,false,true
parallel-search-v3,2026-07-21T11:06:55.046301700Z,95d1867173f185961f8134205593dfe1159cf929-dirty,6E118C928729E003E89742D3B57FE6ED35FA9233A38DBE8AF852041EBEE39457,21,Windows 11,10.0,20,"learned-table-v1 (scoreScale=6400, divisor=1, bound=75962, path=D:\採点レポート\OthelloClient\data\evaluation-tables.bin)",18CD490619DC45974F8D968E05E457D1F2DFA2B1BD58DE10B5E2938CA074E9BA,20260721,fixed,4,1,1,23,0440387020544040,081E000E18280800,-1,9,60000,9,30,1059,336.878300,1105192,3280686,251505,853687,0.772433,105,271239;270294;312154,0,0,false,0,0,28094,242138,380,4220,163,false,true
parallel-search-v3,2026-07-21T11:06:55.046301700Z,95d1867173f185961f8134205593dfe1159cf929-dirty,6E118C928729E003E89742D3B57FE6ED35FA9233A38DBE8AF852041EBEE39457,21,Windows 11,10.0,20,"learned-table-v1 (scoreScale=6400, divisor=1, bound=75962, path=D:\採点レポート\OthelloClient\data\evaluation-tables.bin)",18CD490619DC45974F8D968E05E457D1F2DFA2B1BD58DE10B5E2938CA074E9BA,20260721,fixed,8,1,1,23,0440387020544040,081E000E18280800,-1,9,60000,9,30,1059,278.622600,1105737,3968583,251111,854626,0.772902,105,77628;157239;171228;135718;66937;93057;152819,0,0,false,0,0,27902,242588,385,4204,163,false,true
parallel-search-v3,2026-07-21T11:06:55.046301700Z,95d1867173f185961f8134205593dfe1159cf929-dirty,6E118C928729E003E89742D3B57FE6ED35FA9233A38DBE8AF852041EBEE39457,21,Windows 11,10.0,20,"learned-table-v1 (scoreScale=6400, divisor=1, bound=75962, path=D:\採点レポート\OthelloClient\data\evaluation-tables.bin)",18CD490619DC45974F8D968E05E457D1F2DFA2B1BD58DE10B5E2938CA074E9BA,20260721,fixed,1,1,1,23,0440387020544040,081E000E18280800,-1,9,60000,9,30,1059,656.215200,1104050,1682451,1104050,0,0.000000,0,,0,0,false,0,0,28172,241719,380,4220,165,false,true
parallel-search-v3,2026-07-21T11:06:55.046301700Z,95d1867173f185961f8134205593dfe1159cf929-dirty,6E118C928729E003E89742D3B57FE6ED35FA9233A38DBE8AF852041EBEE39457,21,Windows 11,10.0,20,"learned-table-v1 (scoreScale=6400, divisor=1, bound=75962, path=D:\採点レポート\OthelloClient\data\evaluation-tables.bin)",18CD490619DC45974F8D968E05E457D1F2DFA2B1BD58DE10B5E2938CA074E9BA,20260721,fixed,2,1,1,23,0440387020544040,081E000E18280800,-1,9,60000,9,30,1059,665.540400,1104050,1658878,251860,852190,0.771876,105,852190,0,0,false,0,0,28172,241719,380,4220,165,false,true
parallel-search-v3,2026-07-21T11:06:55.046301700Z,95d1867173f185961f8134205593dfe1159cf929-dirty,6E118C928729E003E89742D3B57FE6ED35FA9233A38DBE8AF852041EBEE39457,21,Windows 11,10.0,20,"learned-table-v1 (scoreScale=6400, divisor=1, bound=75962, path=D:\採点レポート\OthelloClient\data\evaluation-tables.bin)",18CD490619DC45974F8D968E05E457D1F2DFA2B1BD58DE10B5E2938CA074E9BA,20260721,fixed,8,2,1,29,040010F300102040,10088C0C3E6F1222,-1,9,60000,9,11,-1057,40.243000,98423,2445717,47664,50759,0.515723,84,6137;8571;9565;7425;6570;7102;5389,0,0,false,0,0,5037,26024,92,809,0,false,true
parallel-search-v3,2026-07-21T11:06:55.046301700Z,95d1867173f185961f8134205593dfe1159cf929-dirty,6E118C928729E003E89742D3B57FE6ED35FA9233A38DBE8AF852041EBEE39457,21,Windows 11,10.0,20,"learned-table-v1 (scoreScale=6400, divisor=1, bound=75962, path=D:\採点レポート\OthelloClient\data\evaluation-tables.bin)",18CD490619DC45974F8D968E05E457D1F2DFA2B1BD58DE10B5E2938CA074E9BA,20260721,fixed,1,2,1,29,040010F300102040,10088C0C3E6F1222,-1,9,60000,9,11,-1057,61.194300,97757,1597485,97757,0,0.000000,0,,0,0,false,0,0,4989,25852,92,794,0,false,true
parallel-search-v3,2026-07-21T11:06:55.046301700Z,95d1867173f185961f8134205593dfe1159cf929-dirty,6E118C928729E003E89742D3B57FE6ED35FA9233A38DBE8AF852041EBEE39457,21,Windows 11,10.0,20,"learned-table-v1 (scoreScale=6400, divisor=1, bound=75962, path=D:\採点レポート\OthelloClient\data\evaluation-tables.bin)",18CD490619DC45974F8D968E05E457D1F2DFA2B1BD58DE10B5E2938CA074E9BA,20260721,fixed,2,2,1,29,040010F300102040,10088C0C3E6F1222,-1,9,60000,9,11,-1057,64.059000,97757,1526046,47664,50093,0.512424,84,50093,0,0,false,0,0,4989,25852,92,794,0,false,true
parallel-search-v3,2026-07-21T11:06:55.046301700Z,95d1867173f185961f8134205593dfe1159cf929-dirty,6E118C928729E003E89742D3B57FE6ED35FA9233A38DBE8AF852041EBEE39457,21,Windows 11,10.0,20,"learned-table-v1 (scoreScale=6400, divisor=1, bound=75962, path=D:\採点レポート\OthelloClient\data\evaluation-tables.bin)",18CD490619DC45974F8D968E05E457D1F2DFA2B1BD58DE10B5E2938CA074E9BA,20260721,fixed,4,2,1,29,040010F300102040,10088C0C3E6F1222,-1,9,60000,9,11,-1057,45.386300,97748,2153690,47664,50084,0.512379,84,16964;16402;16718,0,0,false,0,0,4988,25855,92,794,0,false,true
parallel-search-v3,2026-07-21T11:06:55.046301700Z,95d1867173f185961f8134205593dfe1159cf929-dirty,6E118C928729E003E89742D3B57FE6ED35FA9233A38DBE8AF852041EBEE39457,21,Windows 11,10.0,20,"learned-table-v1 (scoreScale=6400, divisor=1, bound=75962, path=D:\採点レポート\OthelloClient\data\evaluation-tables.bin)",18CD490619DC45974F8D968E05E457D1F2DFA2B1BD58DE10B5E2938CA074E9BA,20260721,fixed,1,3,1,30,201009113D0C8400,012E764E02F00000,1,9,60000,9,60,-928,145.680600,237308,1628961,237308,0,0.000000,0,,0,0,false,0,0,8889,54400,170,1278,21,false,true
parallel-search-v3,2026-07-21T11:06:55.046301700Z,95d1867173f185961f8134205593dfe1159cf929-dirty,6E118C928729E003E89742D3B57FE6ED35FA9233A38DBE8AF852041EBEE39457,21,Windows 11,10.0,20,"learned-table-v1 (scoreScale=6400, divisor=1, bound=75962, path=D:\採点レポート\OthelloClient\data\evaluation-tables.bin)",18CD490619DC45974F8D968E05E457D1F2DFA2B1BD58DE10B5E2938CA074E9BA,20260721,fixed,2,3,1,30,201009113D0C8400,012E764E02F00000,1,9,60000,9,60,-928,151.544000,237308,1565935,113243,124065,0.522802,98,124065,0,0,false,0,0,8889,54400,170,1278,21,false,true
parallel-search-v3,2026-07-21T11:06:55.046301700Z,95d1867173f185961f8134205593dfe1159cf929-dirty,6E118C928729E003E89742D3B57FE6ED35FA9233A38DBE8AF852041EBEE39457,21,Windows 11,10.0,20,"learned-table-v1 (scoreScale=6400, divisor=1, bound=75962, path=D:\採点レポート\OthelloClient\data\evaluation-tables.bin)",18CD490619DC45974F8D968E05E457D1F2DFA2B1BD58DE10B5E2938CA074E9BA,20260721,fixed,4,3,1,30,201009113D0C8400,012E764E02F00000,1,9,60000,9,60,-928,97.477900,237834,2439876,113243,124591,0.523857,98,38951;41390;44250,0,0,false,0,0,8934,54526,170,1282,21,false,true
parallel-search-v3,2026-07-21T11:06:55.046301700Z,95d1867173f185961f8134205593dfe1159cf929-dirty,6E118C928729E003E89742D3B57FE6ED35FA9233A38DBE8AF852041EBEE39457,21,Windows 11,10.0,20,"learned-table-v1 (scoreScale=6400, divisor=1, bound=75962, path=D:\採点レポート\OthelloClient\data\evaluation-tables.bin)",18CD490619DC45974F8D968E05E457D1F2DFA2B1BD58DE10B5E2938CA074E9BA,20260721,fixed,8,3,1,30,201009113D0C8400,012E764E02F00000,1,9,60000,9,60,-928,92.058200,238407,2589742,113244,125163,0.524997,98,21565;17897;14365;16668;21296;17294;16078,0,0,false,0,0,8981,54618,170,1294,21,false,true
parallel-search-v3,2026-07-21T11:06:55.046301700Z,95d1867173f185961f8134205593dfe1159cf929-dirty,6E118C928729E003E89742D3B57FE6ED35FA9233A38DBE8AF852041EBEE39457,21,Windows 11,10.0,20,"learned-table-v1 (scoreScale=6400, divisor=1, bound=75962, path=D:\採点レポート\OthelloClient\data\evaluation-tables.bin)",18CD490619DC45974F8D968E05E457D1F2DFA2B1BD58DE10B5E2938CA074E9BA,20260721,fixed,2,4,1,24,1038040200C00000,408250F858385402,1,9,60000,9,56,4480,19.771000,30873,1561530,8187,22686,0.734817,49,22686,0,0,false,0,0,1622,7774,19,195,5,false,true
parallel-search-v3,2026-07-21T11:06:55.046301700Z,95d1867173f185961f8134205593dfe1159cf929-dirty,6E118C928729E003E89742D3B57FE6ED35FA9233A38DBE8AF852041EBEE39457,21,Windows 11,10.0,20,"learned-table-v1 (scoreScale=6400, divisor=1, bound=75962, path=D:\採点レポート\OthelloClient\data\evaluation-tables.bin)",18CD490619DC45974F8D968E05E457D1F2DFA2B1BD58DE10B5E2938CA074E9BA,20260721,fixed,4,4,1,24,1038040200C00000,408250F858385402,1,9,60000,9,56,4480,12.285200,30927,2517419,8187,22740,0.735280,49,8690;8536;5514,0,0,false,0,0,1631,7781,19,195,5,false,true
parallel-search-v3,2026-07-21T11:06:55.046301700Z,95d1867173f185961f8134205593dfe1159cf929-dirty,6E118C928729E003E89742D3B57FE6ED35FA9233A38DBE8AF852041EBEE39457,21,Windows 11,10.0,20,"learned-table-v1 (scoreScale=6400, divisor=1, bound=75962, path=D:\採点レポート\OthelloClient\data\evaluation-tables.bin)",18CD490619DC45974F8D968E05E457D1F2DFA2B1BD58DE10B5E2938CA074E9BA,20260721,fixed,8,4,1,24,1038040200C00000,408250F858385402,1,9,60000,9,56,4480,11.673800,31066,2661173,8187,22879,0.736464,49,5800;5702;1986;1636;2798;2002;2955,0,0,false,0,0,1647,7811,19,195,5,false,true
parallel-search-v3,2026-07-21T11:06:55.046301700Z,95d1867173f185961f8134205593dfe1159cf929-dirty,6E118C928729E003E89742D3B57FE6ED35FA9233A38DBE8AF852041EBEE39457,21,Windows 11,10.0,20,"learned-table-v1 (scoreScale=6400, divisor=1, bound=75962, path=D:\採点レポート\OthelloClient\data\evaluation-tables.bin)",18CD490619DC45974F8D968E05E457D1F2DFA2B1BD58DE10B5E2938CA074E9BA,20260721,fixed,1,4,1,24,1038040200C00000,408250F858385402,1,9,60000,9,56,4480,18.231000,30873,1693434,30873,0,0.000000,0,,0,0,false,0,0,1622,7774,19,195,5,false,true
parallel-search-v3,2026-07-21T11:06:55.046301700Z,95d1867173f185961f8134205593dfe1159cf929-dirty,6E118C928729E003E89742D3B57FE6ED35FA9233A38DBE8AF852041EBEE39457,21,Windows 11,10.0,20,"learned-table-v1 (scoreScale=6400, divisor=1, bound=75962, path=D:\採点レポート\OthelloClient\data\evaluation-tables.bin)",18CD490619DC45974F8D968E05E457D1F2DFA2B1BD58DE10B5E2938CA074E9BA,20260721,fixed,4,5,1,32,002071AEC8A02020,88500C10355E9040,1,9,60000,9,7,1677,71.528400,178744,2498924,50378,128366,0.718156,119,47295;40342;40729,0,0,false,0,0,7087,46836,107,1233,17,false,true
parallel-search-v3,2026-07-21T11:06:55.046301700Z,95d1867173f185961f8134205593dfe1159cf929-dirty,6E118C928729E003E89742D3B57FE6ED35FA9233A38DBE8AF852041EBEE39457,21,Windows 11,10.0,20,"learned-table-v1 (scoreScale=6400, divisor=1, bound=75962, path=D:\採点レポート\OthelloClient\data\evaluation-tables.bin)",18CD490619DC45974F8D968E05E457D1F2DFA2B1BD58DE10B5E2938CA074E9BA,20260721,fixed,8,5,1,32,002071AEC8A02020,88500C10355E9040,1,9,60000,9,7,1677,62.894900,178668,2840739,50378,128290,0.718036,119,19266;19263;18367;18450;20407;13690;18847,0,0,false,0,0,7076,46796,107,1233,17,false,true
parallel-search-v3,2026-07-21T11:06:55.046301700Z,95d1867173f185961f8134205593dfe1159cf929-dirty,6E118C928729E003E89742D3B57FE6ED35FA9233A38DBE8AF852041EBEE39457,21,Windows 11,10.0,20,"learned-table-v1 (scoreScale=6400, divisor=1, bound=75962, path=D:\採点レポート\OthelloClient\data\evaluation-tables.bin)",18CD490619DC45974F8D968E05E457D1F2DFA2B1BD58DE10B5E2938CA074E9BA,20260721,fixed,1,5,1,32,002071AEC8A02020,88500C10355E9040,1,9,60000,9,7,1677,132.364000,178519,1348698,178519,0,0.000000,0,,0,0,false,0,0,7060,46741,107,1233,17,false,true
parallel-search-v3,2026-07-21T11:06:55.046301700Z,95d1867173f185961f8134205593dfe1159cf929-dirty,6E118C928729E003E89742D3B57FE6ED35FA9233A38DBE8AF852041EBEE39457,21,Windows 11,10.0,20,"learned-table-v1 (scoreScale=6400, divisor=1, bound=75962, path=D:\採点レポート\OthelloClient\data\evaluation-tables.bin)",18CD490619DC45974F8D968E05E457D1F2DFA2B1BD58DE10B5E2938CA074E9BA,20260721,fixed,2,5,1,32,002071AEC8A02020,88500C10355E9040,1,9,60000,9,7,1677,119.877500,178519,1489179,50378,128141,0.717800,119,128141,0,0,false,0,0,7060,46741,107,1233,17,false,true
parallel-search-v3,2026-07-21T11:06:55.046301700Z,95d1867173f185961f8134205593dfe1159cf929-dirty,6E118C928729E003E89742D3B57FE6ED35FA9233A38DBE8AF852041EBEE39457,21,Windows 11,10.0,20,"learned-table-v1 (scoreScale=6400, divisor=1, bound=75962, path=D:\採点レポート\OthelloClient\data\evaluation-tables.bin)",18CD490619DC45974F8D968E05E457D1F2DFA2B1BD58DE10B5E2938CA074E9BA,20260721,fixed,8,6,1,18,021E026520202000,00001D1818080000,1,9,60000,9,48,-4919,58.557200,127031,2169349,75261,51770,0.407538,42,16387;15785;5396;2877;1835;6578;2912,0,0,false,0,0,4624,29348,96,624,16,false,true
parallel-search-v3,2026-07-21T11:06:55.046301700Z,95d1867173f185961f8134205593dfe1159cf929-dirty,6E118C928729E003E89742D3B57FE6ED35FA9233A38DBE8AF852041EBEE39457,21,Windows 11,10.0,20,"learned-table-v1 (scoreScale=6400, divisor=1, bound=75962, path=D:\採点レポート\OthelloClient\data\evaluation-tables.bin)",18CD490619DC45974F8D968E05E457D1F2DFA2B1BD58DE10B5E2938CA074E9BA,20260721,fixed,1,6,1,18,021E026520202000,00001D1818080000,1,9,60000,9,48,-4919,72.364900,126906,1753696,126906,0,0.000000,0,,0,0,false,0,0,4618,29292,96,624,16,false,true
parallel-search-v3,2026-07-21T11:06:55.046301700Z,95d1867173f185961f8134205593dfe1159cf929-dirty,6E118C928729E003E89742D3B57FE6ED35FA9233A38DBE8AF852041EBEE39457,21,Windows 11,10.0,20,"learned-table-v1 (scoreScale=6400, divisor=1, bound=75962, path=D:\採点レポート\OthelloClient\data\evaluation-tables.bin)",18CD490619DC45974F8D968E05E457D1F2DFA2B1BD58DE10B5E2938CA074E9BA,20260721,fixed,2,6,1,18,021E026520202000,00001D1818080000,1,9,60000,9,48,-4919,73.430300,126906,1728251,75261,51645,0.406955,42,51645,0,0,false,0,0,4618,29292,96,624,16,false,true
parallel-search-v3,2026-07-21T11:06:55.046301700Z,95d1867173f185961f8134205593dfe1159cf929-dirty,6E118C928729E003E89742D3B57FE6ED35FA9233A38DBE8AF852041EBEE39457,21,Windows 11,10.0,20,"learned-table-v1 (scoreScale=6400, divisor=1, bound=75962, path=D:\採点レポート\OthelloClient\data\evaluation-tables.bin)",18CD490619DC45974F8D968E05E457D1F2DFA2B1BD58DE10B5E2938CA074E9BA,20260721,fixed,4,6,1,18,021E026520202000,00001D1818080000,1,9,60000,9,48,-4919,69.261100,127058,1834479,75261,51797,0.407664,42,5952;20137;25708,0,0,false,0,0,4623,29354,96,624,16,false,true
parallel-search-v3,2026-07-21T11:06:55.046301700Z,95d1867173f185961f8134205593dfe1159cf929-dirty,6E118C928729E003E89742D3B57FE6ED35FA9233A38DBE8AF852041EBEE39457,21,Windows 11,10.0,20,"learned-table-v1 (scoreScale=6400, divisor=1, bound=75962, path=D:\採点レポート\OthelloClient\data\evaluation-tables.bin)",18CD490619DC45974F8D968E05E457D1F2DFA2B1BD58DE10B5E2938CA074E9BA,20260721,fixed,1,7,1,25,0858607070301000,20039E8E08080000,-1,9,60000,9,13,-116,268.731400,448649,1669507,448649,0,0.000000,0,,0,0,false,0,0,12174,96255,184,2227,39,false,true
parallel-search-v3,2026-07-21T11:06:55.046301700Z,95d1867173f185961f8134205593dfe1159cf929-dirty,6E118C928729E003E89742D3B57FE6ED35FA9233A38DBE8AF852041EBEE39457,21,Windows 11,10.0,20,"learned-table-v1 (scoreScale=6400, divisor=1, bound=75962, path=D:\採点レポート\OthelloClient\data\evaluation-tables.bin)",18CD490619DC45974F8D968E05E457D1F2DFA2B1BD58DE10B5E2938CA074E9BA,20260721,fixed,2,7,1,25,0858607070301000,20039E8E08080000,-1,9,60000,9,13,-116,274.578100,448649,1633958,96168,352481,0.785650,91,352481,0,0,false,0,0,12174,96255,184,2227,39,false,true
parallel-search-v3,2026-07-21T11:06:55.046301700Z,95d1867173f185961f8134205593dfe1159cf929-dirty,6E118C928729E003E89742D3B57FE6ED35FA9233A38DBE8AF852041EBEE39457,21,Windows 11,10.0,20,"learned-table-v1 (scoreScale=6400, divisor=1, bound=75962, path=D:\採点レポート\OthelloClient\data\evaluation-tables.bin)",18CD490619DC45974F8D968E05E457D1F2DFA2B1BD58DE10B5E2938CA074E9BA,20260721,fixed,4,7,1,25,0858607070301000,20039E8E08080000,-1,9,60000,9,13,-116,153.128300,447562,2922791,96162,351400,0.785143,91,100120;154816;96464,0,0,false,0,0,12037,96223,183,2230,37,false,true
parallel-search-v3,2026-07-21T11:06:55.046301700Z,95d1867173f185961f8134205593dfe1159cf929-dirty,6E118C928729E003E89742D3B57FE6ED35FA9233A38DBE8AF852041EBEE39457,21,Windows 11,10.0,20,"learned-table-v1 (scoreScale=6400, divisor=1, bound=75962, path=D:\採点レポート\OthelloClient\data\evaluation-tables.bin)",18CD490619DC45974F8D968E05E457D1F2DFA2B1BD58DE10B5E2938CA074E9BA,20260721,fixed,8,7,1,25,0858607070301000,20039E8E08080000,-1,9,60000,9,13,-116,124.979300,447380,3579633,96162,351218,0.785055,91,35068;58003;97580;48367;34227;40055;37918,0,0,false,0,0,12048,96176,180,2228,36,false,true
parallel-search-v3,2026-07-21T11:06:55.046301700Z,95d1867173f185961f8134205593dfe1159cf929-dirty,6E118C928729E003E89742D3B57FE6ED35FA9233A38DBE8AF852041EBEE39457,21,Windows 11,10.0,20,"learned-table-v1 (scoreScale=6400, divisor=1, bound=75962, path=D:\採点レポート\OthelloClient\data\evaluation-tables.bin)",18CD490619DC45974F8D968E05E457D1F2DFA2B1BD58DE10B5E2938CA074E9BA,20260721,timed,1,0,0,29,3F362F263A020200,4048501904000000,-1,64,500,11,18,202,500.447500,779264,1557134,779264,0,0.000000,0,,0,0,false,0,0,42431,217049,232,7766,136,true,
parallel-search-v3,2026-07-21T11:06:55.046301700Z,95d1867173f185961f8134205593dfe1159cf929-dirty,6E118C928729E003E89742D3B57FE6ED35FA9233A38DBE8AF852041EBEE39457,21,Windows 11,10.0,20,"learned-table-v1 (scoreScale=6400, divisor=1, bound=75962, path=D:\採点レポート\OthelloClient\data\evaluation-tables.bin)",18CD490619DC45974F8D968E05E457D1F2DFA2B1BD58DE10B5E2938CA074E9BA,20260721,timed,2,0,0,29,3F362F263A020200,4048501904000000,-1,64,500,11,18,202,500.385200,784886,1568564,427709,357177,0.455069,90,357177,0,0,false,0,0,42734,218285,232,7832,139,true,
parallel-search-v3,2026-07-21T11:06:55.046301700Z,95d1867173f185961f8134205593dfe1159cf929-dirty,6E118C928729E003E89742D3B57FE6ED35FA9233A38DBE8AF852041EBEE39457,21,Windows 11,10.0,20,"learned-table-v1 (scoreScale=6400, divisor=1, bound=75962, path=D:\採点レポート\OthelloClient\data\evaluation-tables.bin)",18CD490619DC45974F8D968E05E457D1F2DFA2B1BD58DE10B5E2938CA074E9BA,20260721,timed,4,0,0,29,3F362F263A020200,4048501904000000,-1,64,500,12,18,138,500.654400,1038887,2075058,609280,429607,0.413526,90,138119;131974;159514,0,0,false,0,0,56129,287503,241,10129,198,true,
parallel-search-v3,2026-07-21T11:06:55.046301700Z,95d1867173f185961f8134205593dfe1159cf929-dirty,6E118C928729E003E89742D3B57FE6ED35FA9233A38DBE8AF852041EBEE39457,21,Windows 11,10.0,20,"learned-table-v1 (scoreScale=6400, divisor=1, bound=75962, path=D:\採点レポート\OthelloClient\data\evaluation-tables.bin)",18CD490619DC45974F8D968E05E457D1F2DFA2B1BD58DE10B5E2938CA074E9BA,20260721,timed,8,0,0,29,3F362F263A020200,4048501904000000,-1,64,500,12,18,138,500.496400,1060014,2117925,632832,427182,0.402997,90,60776;48983;36732;53049;50942;48079;128621,0,0,false,0,0,58322,293725,241,10454,200,true,
parallel-search-v3,2026-07-21T11:06:55.046301700Z,95d1867173f185961f8134205593dfe1159cf929-dirty,6E118C928729E003E89742D3B57FE6ED35FA9233A38DBE8AF852041EBEE39457,21,Windows 11,10.0,20,"learned-table-v1 (scoreScale=6400, divisor=1, bound=75962, path=D:\採点レポート\OthelloClient\data\evaluation-tables.bin)",18CD490619DC45974F8D968E05E457D1F2DFA2B1BD58DE10B5E2938CA074E9BA,20260721,timed,2,1,0,23,0440387020544040,081E000E18280800,-1,64,500,8,17,925,500.135100,844388,1688320,251860,592528,0.701725,105,592528,0,0,false,0,0,21521,181891,375,3033,134,true,
parallel-search-v3,2026-07-21T11:06:55.046301700Z,95d1867173f185961f8134205593dfe1159cf929-dirty,6E118C928729E003E89742D3B57FE6ED35FA9233A38DBE8AF852041EBEE39457,21,Windows 11,10.0,20,"learned-table-v1 (scoreScale=6400, divisor=1, bound=75962, path=D:\採点レポート\OthelloClient\data\evaluation-tables.bin)",18CD490619DC45974F8D968E05E457D1F2DFA2B1BD58DE10B5E2938CA074E9BA,20260721,timed,4,1,0,23,0440387020544040,081E000E18280800,-1,64,500,9,30,1059,500.184500,1393819,2786610,539648,854171,0.612828,105,285624;270443;298104,0,0,false,0,0,34076,305812,418,5628,185,true,
parallel-search-v3,2026-07-21T11:06:55.046301700Z,95d1867173f185961f8134205593dfe1159cf929-dirty,6E118C928729E003E89742D3B57FE6ED35FA9233A38DBE8AF852041EBEE39457,21,Windows 11,10.0,20,"learned-table-v1 (scoreScale=6400, divisor=1, bound=75962, path=D:\採点レポート\OthelloClient\data\evaluation-tables.bin)",18CD490619DC45974F8D968E05E457D1F2DFA2B1BD58DE10B5E2938CA074E9BA,20260721,timed,8,1,0,23,0440387020544040,081E000E18280800,-1,64,500,9,30,1059,500.122500,1481767,2962808,625664,856103,0.577758,105,132936;90996;164385;86094;102829;203649;75214,0,0,false,0,0,36391,323214,504,5889,186,true,
parallel-search-v3,2026-07-21T11:06:55.046301700Z,95d1867173f185961f8134205593dfe1159cf929-dirty,6E118C928729E003E89742D3B57FE6ED35FA9233A38DBE8AF852041EBEE39457,21,Windows 11,10.0,20,"learned-table-v1 (scoreScale=6400, divisor=1, bound=75962, path=D:\採点レポート\OthelloClient\data\evaluation-tables.bin)",18CD490619DC45974F8D968E05E457D1F2DFA2B1BD58DE10B5E2938CA074E9BA,20260721,timed,1,1,0,23,0440387020544040,081E000E18280800,-1,64,500,8,17,925,500.278000,791552,1582224,791552,0,0.000000,0,,0,0,false,0,0,19538,170198,354,2750,130,true,
parallel-search-v3,2026-07-21T11:06:55.046301700Z,95d1867173f185961f8134205593dfe1159cf929-dirty,6E118C928729E003E89742D3B57FE6ED35FA9233A38DBE8AF852041EBEE39457,21,Windows 11,10.0,20,"learned-table-v1 (scoreScale=6400, divisor=1, bound=75962, path=D:\採点レポート\OthelloClient\data\evaluation-tables.bin)",18CD490619DC45974F8D968E05E457D1F2DFA2B1BD58DE10B5E2938CA074E9BA,20260721,timed,4,2,0,29,040010F300102040,10088C0C3E6F1222,-1,64,500,11,11,-782,500.560900,885813,1769641,628736,257077,0.290216,108,75358;95305;86414,0,0,false,0,0,42576,259206,180,9005,157,true,
parallel-search-v3,2026-07-21T11:06:55.046301700Z,95d1867173f185961f8134205593dfe1159cf929-dirty,6E118C928729E003E89742D3B57FE6ED35FA9233A38DBE8AF852041EBEE39457,21,Windows 11,10.0,20,"learned-table-v1 (scoreScale=6400, divisor=1, bound=75962, path=D:\採点レポート\OthelloClient\data\evaluation-tables.bin)",18CD490619DC45974F8D968E05E457D1F2DFA2B1BD58DE10B5E2938CA074E9BA,20260721,timed,8,2,0,29,040010F300102040,10088C0C3E6F1222,-1,64,500,11,11,-782,500.228300,938561,1876265,678912,259649,0.276646,108,47062;26793;35829;44163;36086;38805;30911,0,0,false,0,0,44816,274168,180,9468,161,true,
parallel-search-v3,2026-07-21T11:06:55.046301700Z,95d1867173f185961f8134205593dfe1159cf929-dirty,6E118C928729E003E89742D3B57FE6ED35FA9233A38DBE8AF852041EBEE39457,21,Windows 11,10.0,20,"learned-table-v1 (scoreScale=6400, divisor=1, bound=75962, path=D:\採点レポート\OthelloClient\data\evaluation-tables.bin)",18CD490619DC45974F8D968E05E457D1F2DFA2B1BD58DE10B5E2938CA074E9BA,20260721,timed,1,2,0,29,040010F300102040,10088C0C3E6F1222,-1,64,500,11,11,-782,500.526800,745472,1489375,745472,0,0.000000,0,,0,0,false,0,0,37342,217393,180,7580,146,true,
parallel-search-v3,2026-07-21T11:06:55.046301700Z,95d1867173f185961f8134205593dfe1159cf929-dirty,6E118C928729E003E89742D3B57FE6ED35FA9233A38DBE8AF852041EBEE39457,21,Windows 11,10.0,20,"learned-table-v1 (scoreScale=6400, divisor=1, bound=75962, path=D:\採点レポート\OthelloClient\data\evaluation-tables.bin)",18CD490619DC45974F8D968E05E457D1F2DFA2B1BD58DE10B5E2938CA074E9BA,20260721,timed,2,2,0,29,040010F300102040,10088C0C3E6F1222,-1,64,500,11,11,-782,500.188300,728891,1457233,472064,256827,0.352353,108,256827,0,0,false,0,0,36605,212199,180,7371,143,true,
parallel-search-v3,2026-07-21T11:06:55.046301700Z,95d1867173f185961f8134205593dfe1159cf929-dirty,6E118C928729E003E89742D3B57FE6ED35FA9233A38DBE8AF852041EBEE39457,21,Windows 11,10.0,20,"learned-table-v1 (scoreScale=6400, divisor=1, bound=75962, path=D:\採点レポート\OthelloClient\data\evaluation-tables.bin)",18CD490619DC45974F8D968E05E457D1F2DFA2B1BD58DE10B5E2938CA074E9BA,20260721,timed,8,3,0,30,201009113D0C8400,012E764E02F00000,1,64,500,11,60,-534,500.441700,1173142,2344213,584704,588438,0.501591,126,113028;105335;82033;93013;53871;62032;79126,0,0,false,0,0,41521,284119,242,8491,185,true,
parallel-search-v3,2026-07-21T11:06:55.046301700Z,95d1867173f185961f8134205593dfe1159cf929-dirty,6E118C928729E003E89742D3B57FE6ED35FA9233A38DBE8AF852041EBEE39457,21,Windows 11,10.0,20,"learned-table-v1 (scoreScale=6400, divisor=1, bound=75962, path=D:\採点レポート\OthelloClient\data\evaluation-tables.bin)",18CD490619DC45974F8D968E05E457D1F2DFA2B1BD58DE10B5E2938CA074E9BA,20260721,timed,1,3,0,30,201009113D0C8400,012E764E02F00000,1,64,500,10,60,-522,500.344500,758784,1516523,758784,0,0.000000,0,,0,0,false,0,0,25584,177181,226,5101,115,true,
parallel-search-v3,2026-07-21T11:06:55.046301700Z,95d1867173f185961f8134205593dfe1159cf929-dirty,6E118C928729E003E89742D3B57FE6ED35FA9233A38DBE8AF852041EBEE39457,21,Windows 11,10.0,20,"learned-table-v1 (scoreScale=6400, divisor=1, bound=75962, path=D:\採点レポート\OthelloClient\data\evaluation-tables.bin)",18CD490619DC45974F8D968E05E457D1F2DFA2B1BD58DE10B5E2938CA074E9BA,20260721,timed,2,3,0,30,201009113D0C8400,012E764E02F00000,1,64,500,10,60,-522,500.312000,763071,1525190,520192,242879,0.318291,112,242879,0,0,false,0,0,25791,178411,226,5145,115,true,
parallel-search-v3,2026-07-21T11:06:55.046301700Z,95d1867173f185961f8134205593dfe1159cf929-dirty,6E118C928729E003E89742D3B57FE6ED35FA9233A38DBE8AF852041EBEE39457,21,Windows 11,10.0,20,"learned-table-v1 (scoreScale=6400, divisor=1, bound=75962, path=D:\採点レポート\OthelloClient\data\evaluation-tables.bin)",18CD490619DC45974F8D968E05E457D1F2DFA2B1BD58DE10B5E2938CA074E9BA,20260721,timed,4,3,0,30,201009113D0C8400,012E764E02F00000,1,64,500,10,60,-522,500.691000,1025821,2048811,564643,461178,0.449570,126,154649;164412;142117,0,0,false,0,0,35998,244959,226,7363,170,true,
parallel-search-v3,2026-07-21T11:06:55.046301700Z,95d1867173f185961f8134205593dfe1159cf929-dirty,6E118C928729E003E89742D3B57FE6ED35FA9233A38DBE8AF852041EBEE39457,21,Windows 11,10.0,20,"learned-table-v1 (scoreScale=6400, divisor=1, bound=75962, path=D:\採点レポート\OthelloClient\data\evaluation-tables.bin)",18CD490619DC45974F8D968E05E457D1F2DFA2B1BD58DE10B5E2938CA074E9BA,20260721,timed,1,4,0,24,1038040200C00000,408250F858385402,1,64,500,12,56,3966,500.114700,861184,1721973,861184,0,0.000000,0,,0,0,false,0,0,31869,216455,137,4674,158,true,
parallel-search-v3,2026-07-21T11:06:55.046301700Z,95d1867173f185961f8134205593dfe1159cf929-dirty,6E118C928729E003E89742D3B57FE6ED35FA9233A38DBE8AF852041EBEE39457,21,Windows 11,10.0,20,"learned-table-v1 (scoreScale=6400, divisor=1, bound=75962, path=D:\採点レポート\OthelloClient\data\evaluation-tables.bin)",18CD490619DC45974F8D968E05E457D1F2DFA2B1BD58DE10B5E2938CA074E9BA,20260721,timed,2,4,0,24,1038040200C00000,408250F858385402,1,64,500,12,56,3966,500.460200,849320,1697078,427008,422312,0.497235,70,422312,0,0,false,0,0,31383,213244,136,4621,154,true,
parallel-search-v3,2026-07-21T11:06:55.046301700Z,95d1867173f185961f8134205593dfe1159cf929-dirty,6E118C928729E003E89742D3B57FE6ED35FA9233A38DBE8AF852041EBEE39457,21,Windows 11,10.0,20,"learned-table-v1 (scoreScale=6400, divisor=1, bound=75962, path=D:\採点レポート\OthelloClient\data\evaluation-tables.bin)",18CD490619DC45974F8D968E05E457D1F2DFA2B1BD58DE10B5E2938CA074E9BA,20260721,timed,4,4,0,24,1038040200C00000,408250F858385402,1,64,500,12,56,3966,500.441200,1238885,2475586,554973,683912,0.552038,77,235689;290704;157519,0,0,false,0,0,48767,313261,138,7241,220,true,
parallel-search-v3,2026-07-21T11:06:55.046301700Z,95d1867173f185961f8134205593dfe1159cf929-dirty,6E118C928729E003E89742D3B57FE6ED35FA9233A38DBE8AF852041EBEE39457,21,Windows 11,10.0,20,"learned-table-v1 (scoreScale=6400, divisor=1, bound=75962, path=D:\採点レポート\OthelloClient\data\evaluation-tables.bin)",18CD490619DC45974F8D968E05E457D1F2DFA2B1BD58DE10B5E2938CA074E9BA,20260721,timed,8,4,0,24,1038040200C00000,408250F858385402,1,64,500,12,56,3966,500.572300,1302461,2601944,554973,747488,0.573904,77,43823;223958;73869;59876;140763;66919;138280,0,0,false,0,0,51112,329757,138,7621,230,true,
parallel-search-v3,2026-07-21T11:06:55.046301700Z,95d1867173f185961f8134205593dfe1159cf929-dirty,6E118C928729E003E89742D3B57FE6ED35FA9233A38DBE8AF852041EBEE39457,21,Windows 11,10.0,20,"learned-table-v1 (scoreScale=6400, divisor=1, bound=75962, path=D:\採点レポート\OthelloClient\data\evaluation-tables.bin)",18CD490619DC45974F8D968E05E457D1F2DFA2B1BD58DE10B5E2938CA074E9BA,20260721,timed,2,5,0,32,002071AEC8A02020,88500C10355E9040,1,64,500,10,7,1876,500.119200,738897,1477442,377062,361835,0.489696,153,361835,0,0,false,0,0,33448,190947,165,6728,75,true,
parallel-search-v3,2026-07-21T11:06:55.046301700Z,95d1867173f185961f8134205593dfe1159cf929-dirty,6E118C928729E003E89742D3B57FE6ED35FA9233A38DBE8AF852041EBEE39457,21,Windows 11,10.0,20,"learned-table-v1 (scoreScale=6400, divisor=1, bound=75962, path=D:\採点レポート\OthelloClient\data\evaluation-tables.bin)",18CD490619DC45974F8D968E05E457D1F2DFA2B1BD58DE10B5E2938CA074E9BA,20260721,timed,4,5,0,32,002071AEC8A02020,88500C10355E9040,1,64,500,11,7,1832,500.238300,1113917,2226773,532480,581437,0.521975,153,194539;189950;196948,0,0,false,0,0,50494,299011,171,10133,116,true,
parallel-search-v3,2026-07-21T11:06:55.046301700Z,95d1867173f185961f8134205593dfe1159cf929-dirty,6E118C928729E003E89742D3B57FE6ED35FA9233A38DBE8AF852041EBEE39457,21,Windows 11,10.0,20,"learned-table-v1 (scoreScale=6400, divisor=1, bound=75962, path=D:\採点レポート\OthelloClient\data\evaluation-tables.bin)",18CD490619DC45974F8D968E05E457D1F2DFA2B1BD58DE10B5E2938CA074E9BA,20260721,timed,8,5,0,32,002071AEC8A02020,88500C10355E9040,1,64,500,11,7,1832,500.468700,1206770,2411280,625664,581106,0.481538,153,96262;76514;71389;89486;80121;86878;80456,0,0,false,0,0,54455,323503,171,10945,133,true,
parallel-search-v3,2026-07-21T11:06:55.046301700Z,95d1867173f185961f8134205593dfe1159cf929-dirty,6E118C928729E003E89742D3B57FE6ED35FA9233A38DBE8AF852041EBEE39457,21,Windows 11,10.0,20,"learned-table-v1 (scoreScale=6400, divisor=1, bound=75962, path=D:\採点レポート\OthelloClient\data\evaluation-tables.bin)",18CD490619DC45974F8D968E05E457D1F2DFA2B1BD58DE10B5E2938CA074E9BA,20260721,timed,1,5,0,32,002071AEC8A02020,88500C10355E9040,1,64,500,10,7,1876,500.462900,740352,1479334,740352,0,0.000000,0,,0,0,false,0,0,33462,191228,165,6728,75,true,
parallel-search-v3,2026-07-21T11:06:55.046301700Z,95d1867173f185961f8134205593dfe1159cf929-dirty,6E118C928729E003E89742D3B57FE6ED35FA9233A38DBE8AF852041EBEE39457,21,Windows 11,10.0,20,"learned-table-v1 (scoreScale=6400, divisor=1, bound=75962, path=D:\採点レポート\OthelloClient\data\evaluation-tables.bin)",18CD490619DC45974F8D968E05E457D1F2DFA2B1BD58DE10B5E2938CA074E9BA,20260721,timed,4,6,0,18,021E026520202000,00001D1818080000,1,64,500,11,48,-5174,500.183900,914562,1828451,774144,140418,0.153536,54,59148;39543;41727,0,0,false,0,0,26940,184380,225,4893,424,true,
parallel-search-v3,2026-07-21T11:06:55.046301700Z,95d1867173f185961f8134205593dfe1159cf929-dirty,6E118C928729E003E89742D3B57FE6ED35FA9233A38DBE8AF852041EBEE39457,21,Windows 11,10.0,20,"learned-table-v1 (scoreScale=6400, divisor=1, bound=75962, path=D:\採点レポート\OthelloClient\data\evaluation-tables.bin)",18CD490619DC45974F8D968E05E457D1F2DFA2B1BD58DE10B5E2938CA074E9BA,20260721,timed,8,6,0,18,021E026520202000,00001D1818080000,1,64,500,11,48,-5174,500.447600,914488,1827340,774144,140344,0.153467,54,11431;4107;48382;14732;40881;14593;6218,0,0,false,0,0,26928,184374,225,4893,424,true,
parallel-search-v3,2026-07-21T11:06:55.046301700Z,95d1867173f185961f8134205593dfe1159cf929-dirty,6E118C928729E003E89742D3B57FE6ED35FA9233A38DBE8AF852041EBEE39457,21,Windows 11,10.0,20,"learned-table-v1 (scoreScale=6400, divisor=1, bound=75962, path=D:\採点レポート\OthelloClient\data\evaluation-tables.bin)",18CD490619DC45974F8D968E05E457D1F2DFA2B1BD58DE10B5E2938CA074E9BA,20260721,timed,1,6,0,18,021E026520202000,00001D1818080000,1,64,500,11,48,-5174,500.358300,826368,1651552,826368,0,0.000000,0,,0,0,false,0,0,25331,170852,200,4502,340,true,
parallel-search-v3,2026-07-21T11:06:55.046301700Z,95d1867173f185961f8134205593dfe1159cf929-dirty,6E118C928729E003E89742D3B57FE6ED35FA9233A38DBE8AF852041EBEE39457,21,Windows 11,10.0,20,"learned-table-v1 (scoreScale=6400, divisor=1, bound=75962, path=D:\採点レポート\OthelloClient\data\evaluation-tables.bin)",18CD490619DC45974F8D968E05E457D1F2DFA2B1BD58DE10B5E2938CA074E9BA,20260721,timed,2,6,0,18,021E026520202000,00001D1818080000,1,64,500,11,48,-5174,500.335900,849110,1697080,708608,140502,0.165470,54,140502,0,0,false,0,0,25649,174207,200,4596,383,true,
parallel-search-v3,2026-07-21T11:06:55.046301700Z,95d1867173f185961f8134205593dfe1159cf929-dirty,6E118C928729E003E89742D3B57FE6ED35FA9233A38DBE8AF852041EBEE39457,21,Windows 11,10.0,20,"learned-table-v1 (scoreScale=6400, divisor=1, bound=75962, path=D:\採点レポート\OthelloClient\data\evaluation-tables.bin)",18CD490619DC45974F8D968E05E457D1F2DFA2B1BD58DE10B5E2938CA074E9BA,20260721,timed,8,7,0,25,0858607070301000,20039E8E08080000,-1,64,500,10,13,-59,500.050400,1253720,2507187,683008,570712,0.455215,104,55565;68851;84576;70893;73553;85739;131535,0,0,false,0,0,36808,283928,234,7715,118,true,
parallel-search-v3,2026-07-21T11:06:55.046301700Z,95d1867173f185961f8134205593dfe1159cf929-dirty,6E118C928729E003E89742D3B57FE6ED35FA9233A38DBE8AF852041EBEE39457,21,Windows 11,10.0,20,"learned-table-v1 (scoreScale=6400, divisor=1, bound=75962, path=D:\採点レポート\OthelloClient\data\evaluation-tables.bin)",18CD490619DC45974F8D968E05E457D1F2DFA2B1BD58DE10B5E2938CA074E9BA,20260721,timed,1,7,0,25,0858607070301000,20039E8E08080000,-1,64,500,10,13,-59,500.507700,839680,1677657,839680,0,0.000000,0,,0,0,false,0,0,24691,187771,224,4780,78,true,
parallel-search-v3,2026-07-21T11:06:55.046301700Z,95d1867173f185961f8134205593dfe1159cf929-dirty,6E118C928729E003E89742D3B57FE6ED35FA9233A38DBE8AF852041EBEE39457,21,Windows 11,10.0,20,"learned-table-v1 (scoreScale=6400, divisor=1, bound=75962, path=D:\採点レポート\OthelloClient\data\evaluation-tables.bin)",18CD490619DC45974F8D968E05E457D1F2DFA2B1BD58DE10B5E2938CA074E9BA,20260721,timed,2,7,0,25,0858607070301000,20039E8E08080000,-1,64,500,10,13,-59,500.213300,839970,1679224,268288,571682,0.680598,104,571682,0,0,false,0,0,24691,187797,224,4780,78,true,
parallel-search-v3,2026-07-21T11:06:55.046301700Z,95d1867173f185961f8134205593dfe1159cf929-dirty,6E118C928729E003E89742D3B57FE6ED35FA9233A38DBE8AF852041EBEE39457,21,Windows 11,10.0,20,"learned-table-v1 (scoreScale=6400, divisor=1, bound=75962, path=D:\採点レポート\OthelloClient\data\evaluation-tables.bin)",18CD490619DC45974F8D968E05E457D1F2DFA2B1BD58DE10B5E2938CA074E9BA,20260721,timed,4,7,0,25,0858607070301000,20039E8E08080000,-1,64,500,10,13,-59,500.439000,1153540,2305056,579584,573956,0.497561,104,167014;176130;230812,0,0,false,0,0,34110,261845,237,7019,104,true,
parallel-search-v3,2026-07-21T11:06:55.046301700Z,95d1867173f185961f8134205593dfe1159cf929-dirty,6E118C928729E003E89742D3B57FE6ED35FA9233A38DBE8AF852041EBEE39457,21,Windows 11,10.0,20,"learned-table-v1 (scoreScale=6400, divisor=1, bound=75962, path=D:\採点レポート\OthelloClient\data\evaluation-tables.bin)",18CD490619DC45974F8D968E05E457D1F2DFA2B1BD58DE10B5E2938CA074E9BA,20260721,timed,2,0,1,29,3F362F263A020200,4048501904000000,-1,64,500,11,18,202,500.357800,783862,1566603,427709,356153,0.454357,90,356153,0,0,false,0,0,42652,218079,232,7809,139,true,
parallel-search-v3,2026-07-21T11:06:55.046301700Z,95d1867173f185961f8134205593dfe1159cf929-dirty,6E118C928729E003E89742D3B57FE6ED35FA9233A38DBE8AF852041EBEE39457,21,Windows 11,10.0,20,"learned-table-v1 (scoreScale=6400, divisor=1, bound=75962, path=D:\採点レポート\OthelloClient\data\evaluation-tables.bin)",18CD490619DC45974F8D968E05E457D1F2DFA2B1BD58DE10B5E2938CA074E9BA,20260721,timed,4,0,1,29,3F362F263A020200,4048501904000000,-1,64,500,12,18,138,500.467900,1052975,2103981,625664,427311,0.405813,90,138768;156690;131853,0,0,false,0,0,57692,291737,242,10341,200,true,
parallel-search-v3,2026-07-21T11:06:55.046301700Z,95d1867173f185961f8134205593dfe1159cf929-dirty,6E118C928729E003E89742D3B57FE6ED35FA9233A38DBE8AF852041EBEE39457,21,Windows 11,10.0,20,"learned-table-v1 (scoreScale=6400, divisor=1, bound=75962, path=D:\採点レポート\OthelloClient\data\evaluation-tables.bin)",18CD490619DC45974F8D968E05E457D1F2DFA2B1BD58DE10B5E2938CA074E9BA,20260721,timed,8,0,1,29,3F362F263A020200,4048501904000000,-1,64,500,12,18,138,500.166500,1095755,2190780,667648,428107,0.390696,90,50285;56664;50408;131104;49465;48513;41668,0,0,false,0,0,60542,303631,241,10893,206,true,
parallel-search-v3,2026-07-21T11:06:55.046301700Z,95d1867173f185961f8134205593dfe1159cf929-dirty,6E118C928729E003E89742D3B57FE6ED35FA9233A38DBE8AF852041EBEE39457,21,Windows 11,10.0,20,"learned-table-v1 (scoreScale=6400, divisor=1, bound=75962, path=D:\採点レポート\OthelloClient\data\evaluation-tables.bin)",18CD490619DC45974F8D968E05E457D1F2DFA2B1BD58DE10B5E2938CA074E9BA,20260721,timed,1,0,1,29,3F362F263A020200,4048501904000000,-1,64,500,11,18,202,500.626800,817152,1632258,817152,0,0.000000,0,,0,0,false,0,0,44377,228428,232,8077,151,true,
parallel-search-v3,2026-07-21T11:06:55.046301700Z,95d1867173f185961f8134205593dfe1159cf929-dirty,6E118C928729E003E89742D3B57FE6ED35FA9233A38DBE8AF852041EBEE39457,21,Windows 11,10.0,20,"learned-table-v1 (scoreScale=6400, divisor=1, bound=75962, path=D:\採点レポート\OthelloClient\data\evaluation-tables.bin)",18CD490619DC45974F8D968E05E457D1F2DFA2B1BD58DE10B5E2938CA074E9BA,20260721,timed,4,1,1,23,0440387020544040,081E000E18280800,-1,64,500,9,30,1059,500.438100,1415190,2827902,561152,854038,0.603479,105,298776;268057;287205,0,0,false,0,0,34616,308997,466,5658,184,true,
parallel-search-v3,2026-07-21T11:06:55.046301700Z,95d1867173f185961f8134205593dfe1159cf929-dirty,6E118C928729E003E89742D3B57FE6ED35FA9233A38DBE8AF852041EBEE39457,21,Windows 11,10.0,20,"learned-table-v1 (scoreScale=6400, divisor=1, bound=75962, path=D:\採点レポート\OthelloClient\data\evaluation-tables.bin)",18CD490619DC45974F8D968E05E457D1F2DFA2B1BD58DE10B5E2938CA074E9BA,20260721,timed,8,1,1,23,0440387020544040,081E000E18280800,-1,64,500,9,30,1059,500.220300,1500056,2998791,646144,853912,0.569253,105,82854;89426;203901;76929;152818;130482;117502,0,0,false,0,0,36557,326568,504,5930,187,true,
parallel-search-v3,2026-07-21T11:06:55.046301700Z,95d1867173f185961f8134205593dfe1159cf929-dirty,6E118C928729E003E89742D3B57FE6ED35FA9233A38DBE8AF852041EBEE39457,21,Windows 11,10.0,20,"learned-table-v1 (scoreScale=6400, divisor=1, bound=75962, path=D:\採点レポート\OthelloClient\data\evaluation-tables.bin)",18CD490619DC45974F8D968E05E457D1F2DFA2B1BD58DE10B5E2938CA074E9BA,20260721,timed,1,1,1,23,0440387020544040,081E000E18280800,-1,64,500,8,17,925,500.151600,857088,1713656,857088,0,0.000000,0,,0,0,false,0,0,21817,185029,375,3078,135,true,
parallel-search-v3,2026-07-21T11:06:55.046301700Z,95d1867173f185961f8134205593dfe1159cf929-dirty,6E118C928729E003E89742D3B57FE6ED35FA9233A38DBE8AF852041EBEE39457,21,Windows 11,10.0,20,"learned-table-v1 (scoreScale=6400, divisor=1, bound=75962, path=D:\採点レポート\OthelloClient\data\evaluation-tables.bin)",18CD490619DC45974F8D968E05E457D1F2DFA2B1BD58DE10B5E2938CA074E9BA,20260721,timed,2,1,1,23,0440387020544040,081E000E18280800,-1,64,500,8,17,925,500.225600,877824,1754856,251860,625964,0.713086,105,625964,0,0,false,0,0,22568,190389,375,3180,136,true,
parallel-search-v3,2026-07-21T11:06:55.046301700Z,95d1867173f185961f8134205593dfe1159cf929-dirty,6E118C928729E003E89742D3B57FE6ED35FA9233A38DBE8AF852041EBEE39457,21,Windows 11,10.0,20,"learned-table-v1 (scoreScale=6400, divisor=1, bound=75962, path=D:\採点レポート\OthelloClient\data\evaluation-tables.bin)",18CD490619DC45974F8D968E05E457D1F2DFA2B1BD58DE10B5E2938CA074E9BA,20260721,timed,8,2,1,29,040010F300102040,10088C0C3E6F1222,-1,64,500,11,11,-782,500.761900,1029041,2054951,694569,334472,0.325033,120,42687;44749;52569;49133;49167;58490;37677,0,0,false,0,0,50429,300633,180,10492,170,true,
parallel-search-v3,2026-07-21T11:06:55.046301700Z,95d1867173f185961f8134205593dfe1159cf929-dirty,6E118C928729E003E89742D3B57FE6ED35FA9233A38DBE8AF852041EBEE39457,21,Windows 11,10.0,20,"learned-table-v1 (scoreScale=6400, divisor=1, bound=75962, path=D:\採点レポート\OthelloClient\data\evaluation-tables.bin)",18CD490619DC45974F8D968E05E457D1F2DFA2B1BD58DE10B5E2938CA074E9BA,20260721,timed,1,2,1,29,040010F300102040,10088C0C3E6F1222,-1,64,500,11,11,-782,500.487800,772096,1542687,772096,0,0.000000,0,,0,0,false,0,0,39025,225340,180,7929,150,true,
parallel-search-v3,2026-07-21T11:06:55.046301700Z,95d1867173f185961f8134205593dfe1159cf929-dirty,6E118C928729E003E89742D3B57FE6ED35FA9233A38DBE8AF852041EBEE39457,21,Windows 11,10.0,20,"learned-table-v1 (scoreScale=6400, divisor=1, bound=75962, path=D:\採点レポート\OthelloClient\data\evaluation-tables.bin)",18CD490619DC45974F8D968E05E457D1F2DFA2B1BD58DE10B5E2938CA074E9BA,20260721,timed,2,2,1,29,040010F300102040,10088C0C3E6F1222,-1,64,500,11,11,-782,500.248000,766779,1532798,509952,256827,0.334943,108,256827,0,0,false,0,0,38678,223786,180,7867,150,true,
parallel-search-v3,2026-07-21T11:06:55.046301700Z,95d1867173f185961f8134205593dfe1159cf929-dirty,6E118C928729E003E89742D3B57FE6ED35FA9233A38DBE8AF852041EBEE39457,21,Windows 11,10.0,20,"learned-table-v1 (scoreScale=6400, divisor=1, bound=75962, path=D:\採点レポート\OthelloClient\data\evaluation-tables.bin)",18CD490619DC45974F8D968E05E457D1F2DFA2B1BD58DE10B5E2938CA074E9BA,20260721,timed,4,2,1,29,040010F300102040,10088C0C3E6F1222,-1,64,500,11,11,-782,500.207500,925556,1850344,668672,256884,0.277546,108,78553;94520;83811,0,0,false,0,0,44295,270588,180,9366,161,true,
parallel-search-v3,2026-07-21T11:06:55.046301700Z,95d1867173f185961f8134205593dfe1159cf929-dirty,6E118C928729E003E89742D3B57FE6ED35FA9233A38DBE8AF852041EBEE39457,21,Windows 11,10.0,20,"learned-table-v1 (scoreScale=6400, divisor=1, bound=75962, path=D:\採点レポート\OthelloClient\data\evaluation-tables.bin)",18CD490619DC45974F8D968E05E457D1F2DFA2B1BD58DE10B5E2938CA074E9BA,20260721,timed,1,3,1,30,201009113D0C8400,012E764E02F00000,1,64,500,10,60,-522,500.171500,775168,1549804,775168,0,0.000000,0,,0,0,false,0,0,26358,181377,226,5257,116,true,
parallel-search-v3,2026-07-21T11:06:55.046301700Z,95d1867173f185961f8134205593dfe1159cf929-dirty,6E118C928729E003E89742D3B57FE6ED35FA9233A38DBE8AF852041EBEE39457,21,Windows 11,10.0,20,"learned-table-v1 (scoreScale=6400, divisor=1, bound=75962, path=D:\採点レポート\OthelloClient\data\evaluation-tables.bin)",18CD490619DC45974F8D968E05E457D1F2DFA2B1BD58DE10B5E2938CA074E9BA,20260721,timed,2,3,1,30,201009113D0C8400,012E764E02F00000,1,64,500,10,60,-522,500.602700,788671,1575443,545792,242879,0.307960,112,242879,0,0,false,0,0,26882,185286,226,5367,118,true,
parallel-search-v3,2026-07-21T11:06:55.046301700Z,95d1867173f185961f8134205593dfe1159cf929-dirty,6E118C928729E003E89742D3B57FE6ED35FA9233A38DBE8AF852041EBEE39457,21,Windows 11,10.0,20,"learned-table-v1 (scoreScale=6400, divisor=1, bound=75962, path=D:\採点レポート\OthelloClient\data\evaluation-tables.bin)",18CD490619DC45974F8D968E05E457D1F2DFA2B1BD58DE10B5E2938CA074E9BA,20260721,timed,4,3,1,30,201009113D0C8400,012E764E02F00000,1,64,500,10,60,-522,500.757100,1133993,2264557,564643,569350,0.502075,126,194366;173598;201386,0,0,false,0,0,40029,273321,226,8261,184,true,
parallel-search-v3,2026-07-21T11:06:55.046301700Z,95d1867173f185961f8134205593dfe1159cf929-dirty,6E118C928729E003E89742D3B57FE6ED35FA9233A38DBE8AF852041EBEE39457,21,Windows 11,10.0,20,"learned-table-v1 (scoreScale=6400, divisor=1, bound=75962, path=D:\採点レポート\OthelloClient\data\evaluation-tables.bin)",18CD490619DC45974F8D968E05E457D1F2DFA2B1BD58DE10B5E2938CA074E9BA,20260721,timed,8,3,1,30,201009113D0C8400,012E764E02F00000,1,64,500,11,60,-534,500.808300,1202360,2400839,613376,588984,0.489857,126,90803;78735;79802;100517;108642;63623;66862,0,0,false,0,0,42662,292652,242,8668,189,true,
parallel-search-v3,2026-07-21T11:06:55.046301700Z,95d1867173f185961f8134205593dfe1159cf929-dirty,6E118C928729E003E89742D3B57FE6ED35FA9233A38DBE8AF852041EBEE39457,21,Windows 11,10.0,20,"learned-table-v1 (scoreScale=6400, divisor=1, bound=75962, path=D:\採点レポート\OthelloClient\data\evaluation-tables.bin)",18CD490619DC45974F8D968E05E457D1F2DFA2B1BD58DE10B5E2938CA074E9BA,20260721,timed,2,4,1,24,1038040200C00000,408250F858385402,1,64,500,12,56,3966,500.142300,855464,1710441,433152,422312,0.493664,70,422312,0,0,false,0,0,31673,214870,136,4663,156,true,
parallel-search-v3,2026-07-21T11:06:55.046301700Z,95d1867173f185961f8134205593dfe1159cf929-dirty,6E118C928729E003E89742D3B57FE6ED35FA9233A38DBE8AF852041EBEE39457,21,Windows 11,10.0,20,"learned-table-v1 (scoreScale=6400, divisor=1, bound=75962, path=D:\採点レポート\OthelloClient\data\evaluation-tables.bin)",18CD490619DC45974F8D968E05E457D1F2DFA2B1BD58DE10B5E2938CA074E9BA,20260721,timed,4,4,1,24,1038040200C00000,408250F858385402,1,64,500,12,56,3966,500.492600,1233904,2465379,554973,678931,0.550230,77,292433;153180;233318,0,0,false,0,0,48639,312262,138,7215,218,true,
parallel-search-v3,2026-07-21T11:06:55.046301700Z,95d1867173f185961f8134205593dfe1159cf929-dirty,6E118C928729E003E89742D3B57FE6ED35FA9233A38DBE8AF852041EBEE39457,21,Windows 11,10.0,20,"learned-table-v1 (scoreScale=6400, divisor=1, bound=75962, path=D:\採点レポート\OthelloClient\data\evaluation-tables.bin)",18CD490619DC45974F8D968E05E457D1F2DFA2B1BD58DE10B5E2938CA074E9BA,20260721,timed,8,4,1,24,1038040200C00000,408250F858385402,1,64,500,12,56,3966,500.615300,1336687,2670088,554973,781714,0.584815,77,67122;137896;154167;245194;73854;43316;60165,0,0,false,0,0,52423,339162,138,7890,234,true,
parallel-search-v3,2026-07-21T11:06:55.046301700Z,95d1867173f185961f8134205593dfe1159cf929-dirty,6E118C928729E003E89742D3B57FE6ED35FA9233A38DBE8AF852041EBEE39457,21,Windows 11,10.0,20,"learned-table-v1 (scoreScale=6400, divisor=1, bound=75962, path=D:\採点レポート\OthelloClient\data\evaluation-tables.bin)",18CD490619DC45974F8D968E05E457D1F2DFA2B1BD58DE10B5E2938CA074E9BA,20260721,timed,1,4,1,24,1038040200C00000,408250F858385402,1,64,500,12,56,3966,500.266200,837632,1674373,837632,0,0.000000,0,,0,0,false,0,0,30887,210365,136,4538,153,true,
parallel-search-v3,2026-07-21T11:06:55.046301700Z,95d1867173f185961f8134205593dfe1159cf929-dirty,6E118C928729E003E89742D3B57FE6ED35FA9233A38DBE8AF852041EBEE39457,21,Windows 11,10.0,20,"learned-table-v1 (scoreScale=6400, divisor=1, bound=75962, path=D:\採点レポート\OthelloClient\data\evaluation-tables.bin)",18CD490619DC45974F8D968E05E457D1F2DFA2B1BD58DE10B5E2938CA074E9BA,20260721,timed,4,5,1,32,002071AEC8A02020,88500C10355E9040,1,64,500,11,7,1832,500.167700,1105603,2210465,524288,581315,0.525790,153,192733;194594;193988,0,0,false,0,0,50070,296789,171,10042,115,true,
parallel-search-v3,2026-07-21T11:06:55.046301700Z,95d1867173f185961f8134205593dfe1159cf929-dirty,6E118C928729E003E89742D3B57FE6ED35FA9233A38DBE8AF852041EBEE39457,21,Windows 11,10.0,20,"learned-table-v1 (scoreScale=6400, divisor=1, bound=75962, path=D:\採点レポート\OthelloClient\data\evaluation-tables.bin)",18CD490619DC45974F8D968E05E457D1F2DFA2B1BD58DE10B5E2938CA074E9BA,20260721,timed,8,5,1,32,002071AEC8A02020,88500C10355E9040,1,64,500,11,7,1832,500.512500,1173416,2344429,591872,581544,0.495599,153,81140;70970;84679;78015;103298;78798;84644,0,0,false,0,0,52637,314448,171,10669,127,true,
parallel-search-v3,2026-07-21T11:06:55.046301700Z,95d1867173f185961f8134205593dfe1159cf929-dirty,6E118C928729E003E89742D3B57FE6ED35FA9233A38DBE8AF852041EBEE39457,21,Windows 11,10.0,20,"learned-table-v1 (scoreScale=6400, divisor=1, bound=75962, path=D:\採点レポート\OthelloClient\data\evaluation-tables.bin)",18CD490619DC45974F8D968E05E457D1F2DFA2B1BD58DE10B5E2938CA074E9BA,20260721,timed,1,5,1,32,002071AEC8A02020,88500C10355E9040,1,64,500,10,7,1876,500.590300,724992,1448274,724992,0,0.000000,0,,0,0,false,0,0,32811,186751,165,6614,73,true,
parallel-search-v3,2026-07-21T11:06:55.046301700Z,95d1867173f185961f8134205593dfe1159cf929-dirty,6E118C928729E003E89742D3B57FE6ED35FA9233A38DBE8AF852041EBEE39457,21,Windows 11,10.0,20,"learned-table-v1 (scoreScale=6400, divisor=1, bound=75962, path=D:\採点レポート\OthelloClient\data\evaluation-tables.bin)",18CD490619DC45974F8D968E05E457D1F2DFA2B1BD58DE10B5E2938CA074E9BA,20260721,timed,2,5,1,32,002071AEC8A02020,88500C10355E9040,1,64,500,10,7,1876,500.492300,738897,1476340,377062,361835,0.489696,153,361835,0,0,false,0,0,33448,190947,165,6728,75,true,
parallel-search-v3,2026-07-21T11:06:55.046301700Z,95d1867173f185961f8134205593dfe1159cf929-dirty,6E118C928729E003E89742D3B57FE6ED35FA9233A38DBE8AF852041EBEE39457,21,Windows 11,10.0,20,"learned-table-v1 (scoreScale=6400, divisor=1, bound=75962, path=D:\採点レポート\OthelloClient\data\evaluation-tables.bin)",18CD490619DC45974F8D968E05E457D1F2DFA2B1BD58DE10B5E2938CA074E9BA,20260721,timed,8,6,1,18,021E026520202000,00001D1818080000,1,64,500,11,48,-5174,500.531400,912413,1822889,772096,140317,0.153787,54,40245;14727;3950;48829;14788;6372;11406,0,0,false,0,0,26847,183925,222,4891,424,true,
parallel-search-v3,2026-07-21T11:06:55.046301700Z,95d1867173f185961f8134205593dfe1159cf929-dirty,6E118C928729E003E89742D3B57FE6ED35FA9233A38DBE8AF852041EBEE39457,21,Windows 11,10.0,20,"learned-table-v1 (scoreScale=6400, divisor=1, bound=75962, path=D:\採点レポート\OthelloClient\data\evaluation-tables.bin)",18CD490619DC45974F8D968E05E457D1F2DFA2B1BD58DE10B5E2938CA074E9BA,20260721,timed,1,6,1,18,021E026520202000,00001D1818080000,1,64,500,11,48,-5174,500.610400,828416,1654812,828416,0,0.000000,0,,0,0,false,0,0,25351,171107,200,4511,346,true,
parallel-search-v3,2026-07-21T11:06:55.046301700Z,95d1867173f185961f8134205593dfe1159cf929-dirty,6E118C928729E003E89742D3B57FE6ED35FA9233A38DBE8AF852041EBEE39457,21,Windows 11,10.0,20,"learned-table-v1 (scoreScale=6400, divisor=1, bound=75962, path=D:\採点レポート\OthelloClient\data\evaluation-tables.bin)",18CD490619DC45974F8D968E05E457D1F2DFA2B1BD58DE10B5E2938CA074E9BA,20260721,timed,2,6,1,18,021E026520202000,00001D1818080000,1,64,500,11,48,-5174,500.052300,848086,1695995,707584,140502,0.165670,54,140502,0,0,false,0,0,25638,174014,200,4591,382,true,
parallel-search-v3,2026-07-21T11:06:55.046301700Z,95d1867173f185961f8134205593dfe1159cf929-dirty,6E118C928729E003E89742D3B57FE6ED35FA9233A38DBE8AF852041EBEE39457,21,Windows 11,10.0,20,"learned-table-v1 (scoreScale=6400, divisor=1, bound=75962, path=D:\採点レポート\OthelloClient\data\evaluation-tables.bin)",18CD490619DC45974F8D968E05E457D1F2DFA2B1BD58DE10B5E2938CA074E9BA,20260721,timed,4,6,1,18,021E026520202000,00001D1818080000,1,64,500,11,48,-5174,500.226100,921730,1842627,781312,140418,0.152342,54,41745;39563;59110,0,0,false,0,0,27253,185495,226,4947,425,true,
parallel-search-v3,2026-07-21T11:06:55.046301700Z,95d1867173f185961f8134205593dfe1159cf929-dirty,6E118C928729E003E89742D3B57FE6ED35FA9233A38DBE8AF852041EBEE39457,21,Windows 11,10.0,20,"learned-table-v1 (scoreScale=6400, divisor=1, bound=75962, path=D:\採点レポート\OthelloClient\data\evaluation-tables.bin)",18CD490619DC45974F8D968E05E457D1F2DFA2B1BD58DE10B5E2938CA074E9BA,20260721,timed,1,7,1,25,0858607070301000,20039E8E08080000,-1,64,500,10,13,-59,500.246000,837632,1674440,837632,0,0.000000,0,,0,0,false,0,0,24621,187300,224,4774,78,true,
parallel-search-v3,2026-07-21T11:06:55.046301700Z,95d1867173f185961f8134205593dfe1159cf929-dirty,6E118C928729E003E89742D3B57FE6ED35FA9233A38DBE8AF852041EBEE39457,21,Windows 11,10.0,20,"learned-table-v1 (scoreScale=6400, divisor=1, bound=75962, path=D:\採点レポート\OthelloClient\data\evaluation-tables.bin)",18CD490619DC45974F8D968E05E457D1F2DFA2B1BD58DE10B5E2938CA074E9BA,20260721,timed,2,7,1,25,0858607070301000,20039E8E08080000,-1,64,500,10,13,-59,500.569700,833826,1665754,262144,571682,0.685613,104,571682,0,0,false,0,0,24450,186509,224,4724,78,true,
parallel-search-v3,2026-07-21T11:06:55.046301700Z,95d1867173f185961f8134205593dfe1159cf929-dirty,6E118C928729E003E89742D3B57FE6ED35FA9233A38DBE8AF852041EBEE39457,21,Windows 11,10.0,20,"learned-table-v1 (scoreScale=6400, divisor=1, bound=75962, path=D:\採点レポート\OthelloClient\data\evaluation-tables.bin)",18CD490619DC45974F8D968E05E457D1F2DFA2B1BD58DE10B5E2938CA074E9BA,20260721,timed,4,7,1,25,0858607070301000,20039E8E08080000,-1,64,500,10,13,-59,500.567600,1174843,2347022,604160,570683,0.485753,104,233654;167816;169213,0,0,false,0,0,34396,266062,237,7100,111,true,
parallel-search-v3,2026-07-21T11:06:55.046301700Z,95d1867173f185961f8134205593dfe1159cf929-dirty,6E118C928729E003E89742D3B57FE6ED35FA9233A38DBE8AF852041EBEE39457,21,Windows 11,10.0,20,"learned-table-v1 (scoreScale=6400, divisor=1, bound=75962, path=D:\採点レポート\OthelloClient\data\evaluation-tables.bin)",18CD490619DC45974F8D968E05E457D1F2DFA2B1BD58DE10B5E2938CA074E9BA,20260721,timed,8,7,1,25,0858607070301000,20039E8E08080000,-1,64,500,10,13,-59,500.208700,1244025,2487012,671744,572281,0.460024,104,62917;86669;65128;87449;130821;62336;76961,0,0,false,0,0,36557,281702,234,7645,117,true,
