benchmarkVersion,generatedAtUtc,gitRevision,modelSha256,javaVersion,osName,osVersion,availableProcessors,evaluator,suiteSha256,seed,mode,threads,position,repetition,targetPly,black,white,color,depthLimit,timeLimitMillis,completedDepth,bestSquare,score,elapsedMillis,nodes,nodesPerSecond,mainThreadNodes,parallelNodes,workerShare,parallelTasks,parallelWorkerNodes,workerMonitorBlocks,workerMonitorBlockedMillis,stabilityEnabled,stabilityChecks,stabilityCuts,transpositionHits,betaCutoffs,pvsResearches,lmrSearches,lmrResearches,mpcAttempts,mpcHighCuts,mpcLowCuts,mpcProbeNodes,timedOut,consistent
parallel-search-v3,2026-07-21T13:32:41.843714500Z,2e76c1843c74fbcd2f5bf03990d474a5079fdf31,6E118C928729E003E89742D3B57FE6ED35FA9233A38DBE8AF852041EBEE39457,21,Windows 11,10.0,20,"learned-table-v1 (scoreScale=6400, divisor=1, bound=75962, path=D:\採点レポート\OthelloClient\data\evaluation-tables.bin)",18CD490619DC45974F8D968E05E457D1F2DFA2B1BD58DE10B5E2938CA074E9BA,20260721,fixed,1,0,0,29,3F362F263A020200,4048501904000000,-1,9,60000,9,18,-287,56.770900,77478,1364748,77478,0,0.000000,0,,0,0,true,0,0,3553,18133,117,429,7,9,3,0,1238,false,true
parallel-search-v3,2026-07-21T13:32:41.843714500Z,2e76c1843c74fbcd2f5bf03990d474a5079fdf31,6E118C928729E003E89742D3B57FE6ED35FA9233A38DBE8AF852041EBEE39457,21,Windows 11,10.0,20,"learned-table-v1 (scoreScale=6400, divisor=1, bound=75962, path=D:\採点レポート\OthelloClient\data\evaluation-tables.bin)",18CD490619DC45974F8D968E05E457D1F2DFA2B1BD58DE10B5E2938CA074E9BA,20260721,fixed,2,0,0,29,3F362F263A020200,4048501904000000,-1,9,60000,9,18,-287,56.655100,77478,1367538,37340,40138,0.518057,63,40138,0,0,true,0,0,3553,18133,117,429,7,9,3,0,1238,false,true
parallel-search-v3,2026-07-21T13:32:41.843714500Z,2e76c1843c74fbcd2f5bf03990d474a5079fdf31,6E118C928729E003E89742D3B57FE6ED35FA9233A38DBE8AF852041EBEE39457,21,Windows 11,10.0,20,"learned-table-v1 (scoreScale=6400, divisor=1, bound=75962, path=D:\採点レポート\OthelloClient\data\evaluation-tables.bin)",18CD490619DC45974F8D968E05E457D1F2DFA2B1BD58DE10B5E2938CA074E9BA,20260721,fixed,4,0,0,29,3F362F263A020200,4048501904000000,-1,9,60000,9,18,-287,39.295800,77959,1983902,37340,40619,0.521030,63,12683;13633;14303,0,0,true,0,0,3609,18268,116,436,7,9,3,0,1238,false,true
parallel-search-v3,2026-07-21T13:32:41.843714500Z,2e76c1843c74fbcd2f5bf03990d474a5079fdf31,6E118C928729E003E89742D3B57FE6ED35FA9233A38DBE8AF852041EBEE39457,21,Windows 11,10.0,20,"learned-table-v1 (scoreScale=6400, divisor=1, bound=75962, path=D:\採点レポート\OthelloClient\data\evaluation-tables.bin)",18CD490619DC45974F8D968E05E457D1F2DFA2B1BD58DE10B5E2938CA074E9BA,20260721,fixed,8,0,0,29,3F362F263A020200,4048501904000000,-1,9,60000,9,18,-287,35.272700,78074,2213440,37340,40734,0.521736,63,7906;5052;2469;5092;4842;10775;4598,0,0,true,0,0,3611,18334,116,436,7,9,3,0,1238,false,true
parallel-search-v3,2026-07-21T13:32:41.843714500Z,2e76c1843c74fbcd2f5bf03990d474a5079fdf31,6E118C928729E003E89742D3B57FE6ED35FA9233A38DBE8AF852041EBEE39457,21,Windows 11,10.0,20,"learned-table-v1 (scoreScale=6400, divisor=1, bound=75962, path=D:\採点レポート\OthelloClient\data\evaluation-tables.bin)",18CD490619DC45974F8D968E05E457D1F2DFA2B1BD58DE10B5E2938CA074E9BA,20260721,fixed,2,1,0,23,0440387020544040,081E000E18280800,-1,9,60000,9,30,1059,811.553000,1107510,1364680,251860,855650,0.772589,105,855650,0,0,true,0,0,28236,243418,380,4220,165,15,0,0,3460,false,true
parallel-search-v3,2026-07-21T13:32:41.843714500Z,2e76c1843c74fbcd2f5bf03990d474a5079fdf31,6E118C928729E003E89742D3B57FE6ED35FA9233A38DBE8AF852041EBEE39457,21,Windows 11,10.0,20,"learned-table-v1 (scoreScale=6400, divisor=1, bound=75962, path=D:\採点レポート\OthelloClient\data\evaluation-tables.bin)",18CD490619DC45974F8D968E05E457D1F2DFA2B1BD58DE10B5E2938CA074E9BA,20260721,fixed,4,1,0,23,0440387020544040,081E000E18280800,-1,9,60000,9,30,1059,468.016500,1109421,2370474,251505,857916,0.773301,105,274393;284438;299085,0,0,true,0,0,28164,243971,380,4220,163,15,0,0,3460,false,true
parallel-search-v3,2026-07-21T13:32:41.843714500Z,2e76c1843c74fbcd2f5bf03990d474a5079fdf31,6E118C928729E003E89742D3B57FE6ED35FA9233A38DBE8AF852041EBEE39457,21,Windows 11,10.0,20,"learned-table-v1 (scoreScale=6400, divisor=1, bound=75962, path=D:\採点レポート\OthelloClient\data\evaluation-tables.bin)",18CD490619DC45974F8D968E05E457D1F2DFA2B1BD58DE10B5E2938CA074E9BA,20260721,fixed,8,1,0,23,0440387020544040,081E000E18280800,-1,9,60000,9,30,1059,365.884700,1109379,3032045,251160,858219,0.773603,105,203956;164939;89525;108011;69593;118849;103346,0,0,true,0,0,27966,244230,385,4204,163,15,0,0,3460,false,true
parallel-search-v3,2026-07-21T13:32:41.843714500Z,2e76c1843c74fbcd2f5bf03990d474a5079fdf31,6E118C928729E003E89742D3B57FE6ED35FA9233A38DBE8AF852041EBEE39457,21,Windows 11,10.0,20,"learned-table-v1 (scoreScale=6400, divisor=1, bound=75962, path=D:\採点レポート\OthelloClient\data\evaluation-tables.bin)",18CD490619DC45974F8D968E05E457D1F2DFA2B1BD58DE10B5E2938CA074E9BA,20260721,fixed,1,1,0,23,0440387020544040,081E000E18280800,-1,9,60000,9,30,1059,858.418900,1107510,1290174,1107510,0,0.000000,0,,0,0,true,0,0,28236,243418,380,4220,165,15,0,0,3460,false,true
parallel-search-v3,2026-07-21T13:32:41.843714500Z,2e76c1843c74fbcd2f5bf03990d474a5079fdf31,6E118C928729E003E89742D3B57FE6ED35FA9233A38DBE8AF852041EBEE39457,21,Windows 11,10.0,20,"learned-table-v1 (scoreScale=6400, divisor=1, bound=75962, path=D:\採点レポート\OthelloClient\data\evaluation-tables.bin)",18CD490619DC45974F8D968E05E457D1F2DFA2B1BD58DE10B5E2938CA074E9BA,20260721,fixed,4,2,0,29,040010F300102040,10088C0C3E6F1222,-1,9,60000,9,11,-1057,62.048400,100673,1622491,47664,53009,0.526546,84,19326;15359;18324,0,0,true,0,0,5046,27245,92,794,0,12,0,0,2887,false,true
parallel-search-v3,2026-07-21T13:32:41.843714500Z,2e76c1843c74fbcd2f5bf03990d474a5079fdf31,6E118C928729E003E89742D3B57FE6ED35FA9233A38DBE8AF852041EBEE39457,21,Windows 11,10.0,20,"learned-table-v1 (scoreScale=6400, divisor=1, bound=75962, path=D:\採点レポート\OthelloClient\data\evaluation-tables.bin)",18CD490619DC45974F8D968E05E457D1F2DFA2B1BD58DE10B5E2938CA074E9BA,20260721,fixed,8,2,0,29,040010F300102040,10088C0C3E6F1222,-1,9,60000,9,11,-1057,53.220400,101050,1898708,47664,53386,0.528313,84,5829;5733;8821;10695;7480;7081;7747,0,0,true,0,0,5060,27435,92,809,0,12,0,0,2887,false,true
parallel-search-v3,2026-07-21T13:32:41.843714500Z,2e76c1843c74fbcd2f5bf03990d474a5079fdf31,6E118C928729E003E89742D3B57FE6ED35FA9233A38DBE8AF852041EBEE39457,21,Windows 11,10.0,20,"learned-table-v1 (scoreScale=6400, divisor=1, bound=75962, path=D:\採点レポート\OthelloClient\data\evaluation-tables.bin)",18CD490619DC45974F8D968E05E457D1F2DFA2B1BD58DE10B5E2938CA074E9BA,20260721,fixed,1,2,0,29,040010F300102040,10088C0C3E6F1222,-1,9,60000,9,11,-1057,96.031900,100644,1048027,100644,0,0.000000,0,,0,0,true,0,0,5039,27244,92,794,0,12,0,0,2887,false,true
parallel-search-v3,2026-07-21T13:32:41.843714500Z,2e76c1843c74fbcd2f5bf03990d474a5079fdf31,6E118C928729E003E89742D3B57FE6ED35FA9233A38DBE8AF852041EBEE39457,21,Windows 11,10.0,20,"learned-table-v1 (scoreScale=6400, divisor=1, bound=75962, path=D:\採点レポート\OthelloClient\data\evaluation-tables.bin)",18CD490619DC45974F8D968E05E457D1F2DFA2B1BD58DE10B5E2938CA074E9BA,20260721,fixed,2,2,0,29,040010F300102040,10088C0C3E6F1222,-1,9,60000,9,11,-1057,91.539000,100644,1099466,47664,52980,0.526410,84,52980,0,0,true,0,0,5039,27244,92,794,0,12,0,0,2887,false,true
parallel-search-v3,2026-07-21T13:32:41.843714500Z,2e76c1843c74fbcd2f5bf03990d474a5079fdf31,6E118C928729E003E89742D3B57FE6ED35FA9233A38DBE8AF852041EBEE39457,21,Windows 11,10.0,20,"learned-table-v1 (scoreScale=6400, divisor=1, bound=75962, path=D:\採点レポート\OthelloClient\data\evaluation-tables.bin)",18CD490619DC45974F8D968E05E457D1F2DFA2B1BD58DE10B5E2938CA074E9BA,20260721,fixed,8,3,0,30,201009113D0C8400,012E764E02F00000,1,9,60000,9,60,-928,122.276800,233601,1910428,113244,120357,0.515225,98,14549;14639;17461;23058;22366;13220;15064,0,0,true,0,0,8607,53540,170,1157,21,14,4,0,3632,false,true
parallel-search-v3,2026-07-21T13:32:41.843714500Z,2e76c1843c74fbcd2f5bf03990d474a5079fdf31,6E118C928729E003E89742D3B57FE6ED35FA9233A38DBE8AF852041EBEE39457,21,Windows 11,10.0,20,"learned-table-v1 (scoreScale=6400, divisor=1, bound=75962, path=D:\採点レポート\OthelloClient\data\evaluation-tables.bin)",18CD490619DC45974F8D968E05E457D1F2DFA2B1BD58DE10B5E2938CA074E9BA,20260721,fixed,1,3,0,30,201009113D0C8400,012E764E02F00000,1,9,60000,9,60,-928,179.703400,232390,1293186,232390,0,0.000000,0,,0,0,true,0,0,8545,53240,170,1151,21,14,4,0,3642,false,true
parallel-search-v3,2026-07-21T13:32:41.843714500Z,2e76c1843c74fbcd2f5bf03990d474a5079fdf31,6E118C928729E003E89742D3B57FE6ED35FA9233A38DBE8AF852041EBEE39457,21,Windows 11,10.0,20,"learned-table-v1 (scoreScale=6400, divisor=1, bound=75962, path=D:\採点レポート\OthelloClient\data\evaluation-tables.bin)",18CD490619DC45974F8D968E05E457D1F2DFA2B1BD58DE10B5E2938CA074E9BA,20260721,fixed,2,3,0,30,201009113D0C8400,012E764E02F00000,1,9,60000,9,60,-928,184.383200,232390,1260364,113243,119147,0.512703,98,119147,0,0,true,0,0,8545,53240,170,1151,21,14,4,0,3642,false,true
parallel-search-v3,2026-07-21T13:32:41.843714500Z,2e76c1843c74fbcd2f5bf03990d474a5079fdf31,6E118C928729E003E89742D3B57FE6ED35FA9233A38DBE8AF852041EBEE39457,21,Windows 11,10.0,20,"learned-table-v1 (scoreScale=6400, divisor=1, bound=75962, path=D:\採点レポート\OthelloClient\data\evaluation-tables.bin)",18CD490619DC45974F8D968E05E457D1F2DFA2B1BD58DE10B5E2938CA074E9BA,20260721,fixed,4,3,0,30,201009113D0C8400,012E764E02F00000,1,9,60000,9,60,-928,124.012700,232778,1877050,113243,119535,0.513515,98,37705;38807;43023,0,0,true,0,0,8590,53311,170,1155,21,14,4,0,3642,false,true
parallel-search-v3,2026-07-21T13:32:41.843714500Z,2e76c1843c74fbcd2f5bf03990d474a5079fdf31,6E118C928729E003E89742D3B57FE6ED35FA9233A38DBE8AF852041EBEE39457,21,Windows 11,10.0,20,"learned-table-v1 (scoreScale=6400, divisor=1, bound=75962, path=D:\採点レポート\OthelloClient\data\evaluation-tables.bin)",18CD490619DC45974F8D968E05E457D1F2DFA2B1BD58DE10B5E2938CA074E9BA,20260721,fixed,1,4,0,24,1038040200C00000,408250F858385402,1,9,60000,9,56,4480,23.762600,31249,1315050,31249,0,0.000000,0,,0,0,true,0,0,1643,7912,19,195,5,7,0,0,376,false,true
parallel-search-v3,2026-07-21T13:32:41.843714500Z,2e76c1843c74fbcd2f5bf03990d474a5079fdf31,6E118C928729E003E89742D3B57FE6ED35FA9233A38DBE8AF852041EBEE39457,21,Windows 11,10.0,20,"learned-table-v1 (scoreScale=6400, divisor=1, bound=75962, path=D:\採点レポート\OthelloClient\data\evaluation-tables.bin)",18CD490619DC45974F8D968E05E457D1F2DFA2B1BD58DE10B5E2938CA074E9BA,20260721,fixed,2,4,0,24,1038040200C00000,408250F858385402,1,9,60000,9,56,4480,24.110800,31249,1296058,8187,23062,0.738008,49,23062,0,0,true,0,0,1643,7912,19,195,5,7,0,0,376,false,true
parallel-search-v3,2026-07-21T13:32:41.843714500Z,2e76c1843c74fbcd2f5bf03990d474a5079fdf31,6E118C928729E003E89742D3B57FE6ED35FA9233A38DBE8AF852041EBEE39457,21,Windows 11,10.0,20,"learned-table-v1 (scoreScale=6400, divisor=1, bound=75962, path=D:\採点レポート\OthelloClient\data\evaluation-tables.bin)",18CD490619DC45974F8D968E05E457D1F2DFA2B1BD58DE10B5E2938CA074E9BA,20260721,fixed,4,4,0,24,1038040200C00000,408250F858385402,1,9,60000,9,56,4480,17.232000,31381,1821089,8187,23194,0.739110,49,4331;10708;8155,0,0,true,0,0,1652,7940,19,195,5,7,0,0,376,false,true
parallel-search-v3,2026-07-21T13:32:41.843714500Z,2e76c1843c74fbcd2f5bf03990d474a5079fdf31,6E118C928729E003E89742D3B57FE6ED35FA9233A38DBE8AF852041EBEE39457,21,Windows 11,10.0,20,"learned-table-v1 (scoreScale=6400, divisor=1, bound=75962, path=D:\採点レポート\OthelloClient\data\evaluation-tables.bin)",18CD490619DC45974F8D968E05E457D1F2DFA2B1BD58DE10B5E2938CA074E9BA,20260721,fixed,8,4,0,24,1038040200C00000,408250F858385402,1,9,60000,9,56,4480,13.908800,31326,2252243,8187,23139,0.738652,49,7027;5984;2699;1939;1833;1993;1664,0,0,true,0,0,1670,7925,19,195,5,7,0,0,376,false,true
parallel-search-v3,2026-07-21T13:32:41.843714500Z,2e76c1843c74fbcd2f5bf03990d474a5079fdf31,6E118C928729E003E89742D3B57FE6ED35FA9233A38DBE8AF852041EBEE39457,21,Windows 11,10.0,20,"learned-table-v1 (scoreScale=6400, divisor=1, bound=75962, path=D:\採点レポート\OthelloClient\data\evaluation-tables.bin)",18CD490619DC45974F8D968E05E457D1F2DFA2B1BD58DE10B5E2938CA074E9BA,20260721,fixed,2,5,0,32,002071AEC8A02020,88500C10355E9040,1,9,60000,9,7,1677,144.566100,166802,1153811,50378,116424,0.697977,119,116424,0,0,true,0,0,6304,43389,107,1027,17,17,6,0,5074,false,true
parallel-search-v3,2026-07-21T13:32:41.843714500Z,2e76c1843c74fbcd2f5bf03990d474a5079fdf31,6E118C928729E003E89742D3B57FE6ED35FA9233A38DBE8AF852041EBEE39457,21,Windows 11,10.0,20,"learned-table-v1 (scoreScale=6400, divisor=1, bound=75962, path=D:\採点レポート\OthelloClient\data\evaluation-tables.bin)",18CD490619DC45974F8D968E05E457D1F2DFA2B1BD58DE10B5E2938CA074E9BA,20260721,fixed,4,5,0,32,002071AEC8A02020,88500C10355E9040,1,9,60000,9,7,1677,84.046700,166831,1984980,50378,116453,0.698030,119,41942;36154;38357,0,0,true,0,0,6310,43391,107,1027,17,17,6,0,5063,false,true
parallel-search-v3,2026-07-21T13:32:41.843714500Z,2e76c1843c74fbcd2f5bf03990d474a5079fdf31,6E118C928729E003E89742D3B57FE6ED35FA9233A38DBE8AF852041EBEE39457,21,Windows 11,10.0,20,"learned-table-v1 (scoreScale=6400, divisor=1, bound=75962, path=D:\採点レポート\OthelloClient\data\evaluation-tables.bin)",18CD490619DC45974F8D968E05E457D1F2DFA2B1BD58DE10B5E2938CA074E9BA,20260721,fixed,8,5,0,32,002071AEC8A02020,88500C10355E9040,1,9,60000,9,7,1677,67.375300,166891,2477035,50378,116513,0.698138,119,13826;13623;19602;18297;19137;15609;16419,0,0,true,0,0,6306,43397,107,1027,17,17,6,0,5063,false,true
parallel-search-v3,2026-07-21T13:32:41.843714500Z,2e76c1843c74fbcd2f5bf03990d474a5079fdf31,6E118C928729E003E89742D3B57FE6ED35FA9233A38DBE8AF852041EBEE39457,21,Windows 11,10.0,20,"learned-table-v1 (scoreScale=6400, divisor=1, bound=75962, path=D:\採点レポート\OthelloClient\data\evaluation-tables.bin)",18CD490619DC45974F8D968E05E457D1F2DFA2B1BD58DE10B5E2938CA074E9BA,20260721,fixed,1,5,0,32,002071AEC8A02020,88500C10355E9040,1,9,60000,9,7,1677,130.804500,166802,1275201,166802,0,0.000000,0,,0,0,true,0,0,6304,43389,107,1027,17,17,6,0,5074,false,true
parallel-search-v3,2026-07-21T13:32:41.843714500Z,2e76c1843c74fbcd2f5bf03990d474a5079fdf31,6E118C928729E003E89742D3B57FE6ED35FA9233A38DBE8AF852041EBEE39457,21,Windows 11,10.0,20,"learned-table-v1 (scoreScale=6400, divisor=1, bound=75962, path=D:\採点レポート\OthelloClient\data\evaluation-tables.bin)",18CD490619DC45974F8D968E05E457D1F2DFA2B1BD58DE10B5E2938CA074E9BA,20260721,fixed,4,6,0,18,021E026520202000,00001D1818080000,1,9,60000,9,48,-4919,73.269300,128638,1755688,75261,53377,0.414940,42,26636;19967;6774,0,0,true,0,0,4646,30119,96,624,16,6,0,0,1572,false,true
parallel-search-v3,2026-07-21T13:32:41.843714500Z,2e76c1843c74fbcd2f5bf03990d474a5079fdf31,6E118C928729E003E89742D3B57FE6ED35FA9233A38DBE8AF852041EBEE39457,21,Windows 11,10.0,20,"learned-table-v1 (scoreScale=6400, divisor=1, bound=75962, path=D:\採点レポート\OthelloClient\data\evaluation-tables.bin)",18CD490619DC45974F8D968E05E457D1F2DFA2B1BD58DE10B5E2938CA074E9BA,20260721,fixed,8,6,0,18,021E026520202000,00001D1818080000,1,9,60000,9,48,-4919,75.325400,128603,1707299,75261,53342,0.414780,42,3521;5401;6771;2862;15895;2039;16853,0,0,true,0,0,4645,30109,96,624,16,6,0,0,1572,false,true
parallel-search-v3,2026-07-21T13:32:41.843714500Z,2e76c1843c74fbcd2f5bf03990d474a5079fdf31,6E118C928729E003E89742D3B57FE6ED35FA9233A38DBE8AF852041EBEE39457,21,Windows 11,10.0,20,"learned-table-v1 (scoreScale=6400, divisor=1, bound=75962, path=D:\採点レポート\OthelloClient\data\evaluation-tables.bin)",18CD490619DC45974F8D968E05E457D1F2DFA2B1BD58DE10B5E2938CA074E9BA,20260721,fixed,1,6,0,18,021E026520202000,00001D1818080000,1,9,60000,9,48,-4919,90.648400,128478,1417322,128478,0,0.000000,0,,0,0,true,0,0,4639,30053,96,624,16,6,0,0,1572,false,true
parallel-search-v3,2026-07-21T13:32:41.843714500Z,2e76c1843c74fbcd2f5bf03990d474a5079fdf31,6E118C928729E003E89742D3B57FE6ED35FA9233A38DBE8AF852041EBEE39457,21,Windows 11,10.0,20,"learned-table-v1 (scoreScale=6400, divisor=1, bound=75962, path=D:\採点レポート\OthelloClient\data\evaluation-tables.bin)",18CD490619DC45974F8D968E05E457D1F2DFA2B1BD58DE10B5E2938CA074E9BA,20260721,fixed,2,6,0,18,021E026520202000,00001D1818080000,1,9,60000,9,48,-4919,91.360200,128478,1406280,75261,53217,0.414211,42,53217,0,0,true,0,0,4639,30053,96,624,16,6,0,0,1572,false,true
parallel-search-v3,2026-07-21T13:32:41.843714500Z,2e76c1843c74fbcd2f5bf03990d474a5079fdf31,6E118C928729E003E89742D3B57FE6ED35FA9233A38DBE8AF852041EBEE39457,21,Windows 11,10.0,20,"learned-table-v1 (scoreScale=6400, divisor=1, bound=75962, path=D:\採点レポート\OthelloClient\data\evaluation-tables.bin)",18CD490619DC45974F8D968E05E457D1F2DFA2B1BD58DE10B5E2938CA074E9BA,20260721,fixed,8,7,0,25,0858607070301000,20039E8E08080000,-1,9,60000,9,13,-116,175.645900,449223,2557549,96136,353087,0.785995,91,46152;44832;44586;85522;39035;56664;36296,0,0,true,0,0,12105,96986,180,2228,36,13,0,0,2084,false,true
parallel-search-v3,2026-07-21T13:32:41.843714500Z,2e76c1843c74fbcd2f5bf03990d474a5079fdf31,6E118C928729E003E89742D3B57FE6ED35FA9233A38DBE8AF852041EBEE39457,21,Windows 11,10.0,20,"learned-table-v1 (scoreScale=6400, divisor=1, bound=75962, path=D:\採点レポート\OthelloClient\data\evaluation-tables.bin)",18CD490619DC45974F8D968E05E457D1F2DFA2B1BD58DE10B5E2938CA074E9BA,20260721,fixed,1,7,0,25,0858607070301000,20039E8E08080000,-1,9,60000,9,13,-116,387.071600,450785,1164604,450785,0,0.000000,0,,0,0,true,0,0,12266,97137,184,2227,39,13,0,0,2136,false,true
parallel-search-v3,2026-07-21T13:32:41.843714500Z,2e76c1843c74fbcd2f5bf03990d474a5079fdf31,6E118C928729E003E89742D3B57FE6ED35FA9233A38DBE8AF852041EBEE39457,21,Windows 11,10.0,20,"learned-table-v1 (scoreScale=6400, divisor=1, bound=75962, path=D:\採点レポート\OthelloClient\data\evaluation-tables.bin)",18CD490619DC45974F8D968E05E457D1F2DFA2B1BD58DE10B5E2938CA074E9BA,20260721,fixed,2,7,0,25,0858607070301000,20039E8E08080000,-1,9,60000,9,13,-116,331.834200,450785,1358465,96168,354617,0.786665,91,354617,0,0,true,0,0,12266,97137,184,2227,39,13,0,0,2136,false,true
parallel-search-v3,2026-07-21T13:32:41.843714500Z,2e76c1843c74fbcd2f5bf03990d474a5079fdf31,6E118C928729E003E89742D3B57FE6ED35FA9233A38DBE8AF852041EBEE39457,21,Windows 11,10.0,20,"learned-table-v1 (scoreScale=6400, divisor=1, bound=75962, path=D:\採点レポート\OthelloClient\data\evaluation-tables.bin)",18CD490619DC45974F8D968E05E457D1F2DFA2B1BD58DE10B5E2938CA074E9BA,20260721,fixed,4,7,0,25,0858607070301000,20039E8E08080000,-1,9,60000,9,13,-116,199.027100,449614,2259059,96162,353452,0.786123,91,97966;152171;103315,0,0,true,0,0,12126,97102,183,2230,37,13,0,0,2136,false,true
parallel-search-v3,2026-07-21T13:32:41.843714500Z,2e76c1843c74fbcd2f5bf03990d474a5079fdf31,6E118C928729E003E89742D3B57FE6ED35FA9233A38DBE8AF852041EBEE39457,21,Windows 11,10.0,20,"learned-table-v1 (scoreScale=6400, divisor=1, bound=75962, path=D:\採点レポート\OthelloClient\data\evaluation-tables.bin)",18CD490619DC45974F8D968E05E457D1F2DFA2B1BD58DE10B5E2938CA074E9BA,20260721,fixed,2,0,1,29,3F362F263A020200,4048501904000000,-1,9,60000,9,18,-287,54.219200,77478,1428977,37340,40138,0.518057,63,40138,0,0,true,0,0,3553,18133,117,429,7,9,3,0,1238,false,true
parallel-search-v3,2026-07-21T13:32:41.843714500Z,2e76c1843c74fbcd2f5bf03990d474a5079fdf31,6E118C928729E003E89742D3B57FE6ED35FA9233A38DBE8AF852041EBEE39457,21,Windows 11,10.0,20,"learned-table-v1 (scoreScale=6400, divisor=1, bound=75962, path=D:\採点レポート\OthelloClient\data\evaluation-tables.bin)",18CD490619DC45974F8D968E05E457D1F2DFA2B1BD58DE10B5E2938CA074E9BA,20260721,fixed,4,0,1,29,3F362F263A020200,4048501904000000,-1,9,60000,9,18,-287,41.134700,77790,1891104,37340,40450,0.519990,63,13589;14944;11917,0,0,true,0,0,3591,18239,116,429,7,9,3,0,1238,false,true
parallel-search-v3,2026-07-21T13:32:41.843714500Z,2e76c1843c74fbcd2f5bf03990d474a5079fdf31,6E118C928729E003E89742D3B57FE6ED35FA9233A38DBE8AF852041EBEE39457,21,Windows 11,10.0,20,"learned-table-v1 (scoreScale=6400, divisor=1, bound=75962, path=D:\採点レポート\OthelloClient\data\evaluation-tables.bin)",18CD490619DC45974F8D968E05E457D1F2DFA2B1BD58DE10B5E2938CA074E9BA,20260721,fixed,8,0,1,29,3F362F263A020200,4048501904000000,-1,9,60000,9,18,-287,40.619000,77949,1919028,37340,40609,0.520969,63,5108;4700;7685;5910;2569;7543;7094,0,0,true,0,0,3593,18277,116,436,7,9,3,0,1238,false,true
parallel-search-v3,2026-07-21T13:32:41.843714500Z,2e76c1843c74fbcd2f5bf03990d474a5079fdf31,6E118C928729E003E89742D3B57FE6ED35FA9233A38DBE8AF852041EBEE39457,21,Windows 11,10.0,20,"learned-table-v1 (scoreScale=6400, divisor=1, bound=75962, path=D:\採点レポート\OthelloClient\data\evaluation-tables.bin)",18CD490619DC45974F8D968E05E457D1F2DFA2B1BD58DE10B5E2938CA074E9BA,20260721,fixed,1,0,1,29,3F362F263A020200,4048501904000000,-1,9,60000,9,18,-287,52.210100,77478,1483966,77478,0,0.000000,0,,0,0,true,0,0,3553,18133,117,429,7,9,3,0,1238,false,true
parallel-search-v3,2026-07-21T13:32:41.843714500Z,2e76c1843c74fbcd2f5bf03990d474a5079fdf31,6E118C928729E003E89742D3B57FE6ED35FA9233A38DBE8AF852041EBEE39457,21,Windows 11,10.0,20,"learned-table-v1 (scoreScale=6400, divisor=1, bound=75962, path=D:\採点レポート\OthelloClient\data\evaluation-tables.bin)",18CD490619DC45974F8D968E05E457D1F2DFA2B1BD58DE10B5E2938CA074E9BA,20260721,fixed,4,1,1,23,0440387020544040,081E000E18280800,-1,9,60000,9,30,1059,450.568700,1110805,2465340,251654,859151,0.773449,105,278519;273562;307070,0,0,true,0,0,28174,244218,380,4220,163,15,0,0,3460,false,true
parallel-search-v3,2026-07-21T13:32:41.843714500Z,2e76c1843c74fbcd2f5bf03990d474a5079fdf31,6E118C928729E003E89742D3B57FE6ED35FA9233A38DBE8AF852041EBEE39457,21,Windows 11,10.0,20,"learned-table-v1 (scoreScale=6400, divisor=1, bound=75962, path=D:\採点レポート\OthelloClient\data\evaluation-tables.bin)",18CD490619DC45974F8D968E05E457D1F2DFA2B1BD58DE10B5E2938CA074E9BA,20260721,fixed,8,1,1,23,0440387020544040,081E000E18280800,-1,9,60000,9,30,1059,354.394900,1109392,3130384,251160,858232,0.773606,105,94418;69830;117976;151719;137349;203511;83429,0,0,true,0,0,27877,244202,391,4204,162,15,0,0,3460,false,true
parallel-search-v3,2026-07-21T13:32:41.843714500Z,2e76c1843c74fbcd2f5bf03990d474a5079fdf31,6E118C928729E003E89742D3B57FE6ED35FA9233A38DBE8AF852041EBEE39457,21,Windows 11,10.0,20,"learned-table-v1 (scoreScale=6400, divisor=1, bound=75962, path=D:\採点レポート\OthelloClient\data\evaluation-tables.bin)",18CD490619DC45974F8D968E05E457D1F2DFA2B1BD58DE10B5E2938CA074E9BA,20260721,fixed,1,1,1,23,0440387020544040,081E000E18280800,-1,9,60000,9,30,1059,758.587700,1107510,1459963,1107510,0,0.000000,0,,0,0,true,0,0,28236,243418,380,4220,165,15,0,0,3460,false,true
parallel-search-v3,2026-07-21T13:32:41.843714500Z,2e76c1843c74fbcd2f5bf03990d474a5079fdf31,6E118C928729E003E89742D3B57FE6ED35FA9233A38DBE8AF852041EBEE39457,21,Windows 11,10.0,20,"learned-table-v1 (scoreScale=6400, divisor=1, bound=75962, path=D:\採点レポート\OthelloClient\data\evaluation-tables.bin)",18CD490619DC45974F8D968E05E457D1F2DFA2B1BD58DE10B5E2938CA074E9BA,20260721,fixed,2,1,1,23,0440387020544040,081E000E18280800,-1,9,60000,9,30,1059,768.111500,1107510,1441861,251860,855650,0.772589,105,855650,0,0,true,0,0,28236,243418,380,4220,165,15,0,0,3460,false,true
parallel-search-v3,2026-07-21T13:32:41.843714500Z,2e76c1843c74fbcd2f5bf03990d474a5079fdf31,6E118C928729E003E89742D3B57FE6ED35FA9233A38DBE8AF852041EBEE39457,21,Windows 11,10.0,20,"learned-table-v1 (scoreScale=6400, divisor=1, bound=75962, path=D:\採点レポート\OthelloClient\data\evaluation-tables.bin)",18CD490619DC45974F8D968E05E457D1F2DFA2B1BD58DE10B5E2938CA074E9BA,20260721,fixed,8,2,1,29,040010F300102040,10088C0C3E6F1222,-1,9,60000,9,11,-1057,48.481300,100789,2078925,47664,53125,0.527091,84,7812;7681;6319;11184;6681;5616;7832,0,0,true,0,0,4975,27342,92,801,0,12,0,0,2887,false,true
parallel-search-v3,2026-07-21T13:32:41.843714500Z,2e76c1843c74fbcd2f5bf03990d474a5079fdf31,6E118C928729E003E89742D3B57FE6ED35FA9233A38DBE8AF852041EBEE39457,21,Windows 11,10.0,20,"learned-table-v1 (scoreScale=6400, divisor=1, bound=75962, path=D:\採点レポート\OthelloClient\data\evaluation-tables.bin)",18CD490619DC45974F8D968E05E457D1F2DFA2B1BD58DE10B5E2938CA074E9BA,20260721,fixed,1,2,1,29,040010F300102040,10088C0C3E6F1222,-1,9,60000,9,11,-1057,75.069600,100644,1340676,100644,0,0.000000,0,,0,0,true,0,0,5039,27244,92,794,0,12,0,0,2887,false,true
parallel-search-v3,2026-07-21T13:32:41.843714500Z,2e76c1843c74fbcd2f5bf03990d474a5079fdf31,6E118C928729E003E89742D3B57FE6ED35FA9233A38DBE8AF852041EBEE39457,21,Windows 11,10.0,20,"learned-table-v1 (scoreScale=6400, divisor=1, bound=75962, path=D:\採点レポート\OthelloClient\data\evaluation-tables.bin)",18CD490619DC45974F8D968E05E457D1F2DFA2B1BD58DE10B5E2938CA074E9BA,20260721,fixed,2,2,1,29,040010F300102040,10088C0C3E6F1222,-1,9,60000,9,11,-1057,76.281000,100644,1319385,47664,52980,0.526410,84,52980,0,0,true,0,0,5039,27244,92,794,0,12,0,0,2887,false,true
parallel-search-v3,2026-07-21T13:32:41.843714500Z,2e76c1843c74fbcd2f5bf03990d474a5079fdf31,6E118C928729E003E89742D3B57FE6ED35FA9233A38DBE8AF852041EBEE39457,21,Windows 11,10.0,20,"learned-table-v1 (scoreScale=6400, divisor=1, bound=75962, path=D:\採点レポート\OthelloClient\data\evaluation-tables.bin)",18CD490619DC45974F8D968E05E457D1F2DFA2B1BD58DE10B5E2938CA074E9BA,20260721,fixed,4,2,1,29,040010F300102040,10088C0C3E6F1222,-1,9,60000,9,11,-1057,52.663200,100636,1910936,47664,52972,0.526372,84,18409;16947;17616,0,0,true,0,0,5050,27241,92,794,0,12,0,0,2887,false,true
parallel-search-v3,2026-07-21T13:32:41.843714500Z,2e76c1843c74fbcd2f5bf03990d474a5079fdf31,6E118C928729E003E89742D3B57FE6ED35FA9233A38DBE8AF852041EBEE39457,21,Windows 11,10.0,20,"learned-table-v1 (scoreScale=6400, divisor=1, bound=75962, path=D:\採点レポート\OthelloClient\data\evaluation-tables.bin)",18CD490619DC45974F8D968E05E457D1F2DFA2B1BD58DE10B5E2938CA074E9BA,20260721,fixed,1,3,1,30,201009113D0C8400,012E764E02F00000,1,9,60000,9,60,-928,167.525600,232390,1387191,232390,0,0.000000,0,,0,0,true,0,0,8545,53240,170,1151,21,14,4,0,3642,false,true
parallel-search-v3,2026-07-21T13:32:41.843714500Z,2e76c1843c74fbcd2f5bf03990d474a5079fdf31,6E118C928729E003E89742D3B57FE6ED35FA9233A38DBE8AF852041EBEE39457,21,Windows 11,10.0,20,"learned-table-v1 (scoreScale=6400, divisor=1, bound=75962, path=D:\採点レポート\OthelloClient\data\evaluation-tables.bin)",18CD490619DC45974F8D968E05E457D1F2DFA2B1BD58DE10B5E2938CA074E9BA,20260721,fixed,2,3,1,30,201009113D0C8400,012E764E02F00000,1,9,60000,9,60,-928,176.642300,232390,1315597,113243,119147,0.512703,98,119147,0,0,true,0,0,8545,53240,170,1151,21,14,4,0,3642,false,true
parallel-search-v3,2026-07-21T13:32:41.843714500Z,2e76c1843c74fbcd2f5bf03990d474a5079fdf31,6E118C928729E003E89742D3B57FE6ED35FA9233A38DBE8AF852041EBEE39457,21,Windows 11,10.0,20,"learned-table-v1 (scoreScale=6400, divisor=1, bound=75962, path=D:\採点レポート\OthelloClient\data\evaluation-tables.bin)",18CD490619DC45974F8D968E05E457D1F2DFA2B1BD58DE10B5E2938CA074E9BA,20260721,fixed,4,3,1,30,201009113D0C8400,012E764E02F00000,1,9,60000,9,60,-928,127.239900,232745,1829183,113243,119502,0.513446,98,38991;38222;42289,0,0,true,0,0,8577,53325,170,1151,21,14,4,0,3642,false,true
parallel-search-v3,2026-07-21T13:32:41.843714500Z,2e76c1843c74fbcd2f5bf03990d474a5079fdf31,6E118C928729E003E89742D3B57FE6ED35FA9233A38DBE8AF852041EBEE39457,21,Windows 11,10.0,20,"learned-table-v1 (scoreScale=6400, divisor=1, bound=75962, path=D:\採点レポート\OthelloClient\data\evaluation-tables.bin)",18CD490619DC45974F8D968E05E457D1F2DFA2B1BD58DE10B5E2938CA074E9BA,20260721,fixed,8,3,1,30,201009113D0C8400,012E764E02F00000,1,9,60000,9,60,-928,113.993400,233296,2046575,113244,120052,0.514591,98,18045;14311;22860;13835;21361;14119;15521,0,0,true,0,0,8625,53466,170,1163,21,14,4,0,3632,false,true
parallel-search-v3,2026-07-21T13:32:41.843714500Z,2e76c1843c74fbcd2f5bf03990d474a5079fdf31,6E118C928729E003E89742D3B57FE6ED35FA9233A38DBE8AF852041EBEE39457,21,Windows 11,10.0,20,"learned-table-v1 (scoreScale=6400, divisor=1, bound=75962, path=D:\採点レポート\OthelloClient\data\evaluation-tables.bin)",18CD490619DC45974F8D968E05E457D1F2DFA2B1BD58DE10B5E2938CA074E9BA,20260721,fixed,2,4,1,24,1038040200C00000,408250F858385402,1,9,60000,9,56,4480,23.764300,31249,1314956,8187,23062,0.738008,49,23062,0,0,true,0,0,1643,7912,19,195,5,7,0,0,376,false,true
parallel-search-v3,2026-07-21T13:32:41.843714500Z,2e76c1843c74fbcd2f5bf03990d474a5079fdf31,6E118C928729E003E89742D3B57FE6ED35FA9233A38DBE8AF852041EBEE39457,21,Windows 11,10.0,20,"learned-table-v1 (scoreScale=6400, divisor=1, bound=75962, path=D:\採点レポート\OthelloClient\data\evaluation-tables.bin)",18CD490619DC45974F8D968E05E457D1F2DFA2B1BD58DE10B5E2938CA074E9BA,20260721,fixed,4,4,1,24,1038040200C00000,408250F858385402,1,9,60000,9,56,4480,17.572900,31269,1779388,8187,23082,0.738175,49,10736;8310;4036,0,0,true,0,0,1655,7914,19,195,5,7,0,0,376,false,true
parallel-search-v3,2026-07-21T13:32:41.843714500Z,2e76c1843c74fbcd2f5bf03990d474a5079fdf31,6E118C928729E003E89742D3B57FE6ED35FA9233A38DBE8AF852041EBEE39457,21,Windows 11,10.0,20,"learned-table-v1 (scoreScale=6400, divisor=1, bound=75962, path=D:\採点レポート\OthelloClient\data\evaluation-tables.bin)",18CD490619DC45974F8D968E05E457D1F2DFA2B1BD58DE10B5E2938CA074E9BA,20260721,fixed,8,4,1,24,1038040200C00000,408250F858385402,1,9,60000,9,56,4480,31.320500,31269,998356,8187,23082,0.738175,49,1651;2530;5796;1531;3025;6073;2476,0,0,true,0,0,1651,7917,19,195,5,7,0,0,376,false,true
parallel-search-v3,2026-07-21T13:32:41.843714500Z,2e76c1843c74fbcd2f5bf03990d474a5079fdf31,6E118C928729E003E89742D3B57FE6ED35FA9233A38DBE8AF852041EBEE39457,21,Windows 11,10.0,20,"learned-table-v1 (scoreScale=6400, divisor=1, bound=75962, path=D:\採点レポート\OthelloClient\data\evaluation-tables.bin)",18CD490619DC45974F8D968E05E457D1F2DFA2B1BD58DE10B5E2938CA074E9BA,20260721,fixed,1,4,1,24,1038040200C00000,408250F858385402,1,9,60000,9,56,4480,28.678000,31249,1089651,31249,0,0.000000,0,,0,0,true,0,0,1643,7912,19,195,5,7,0,0,376,false,true
parallel-search-v3,2026-07-21T13:32:41.843714500Z,2e76c1843c74fbcd2f5bf03990d474a5079fdf31,6E118C928729E003E89742D3B57FE6ED35FA9233A38DBE8AF852041EBEE39457,21,Windows 11,10.0,20,"learned-table-v1 (scoreScale=6400, divisor=1, bound=75962, path=D:\採点レポート\OthelloClient\data\evaluation-tables.bin)",18CD490619DC45974F8D968E05E457D1F2DFA2B1BD58DE10B5E2938CA074E9BA,20260721,fixed,4,5,1,32,002071AEC8A02020,88500C10355E9040,1,9,60000,9,7,1677,79.960200,166784,2085838,50378,116406,0.697945,119,40525;35379;40502,0,0,true,0,0,6307,43387,107,1027,17,17,6,0,5063,false,true
parallel-search-v3,2026-07-21T13:32:41.843714500Z,2e76c1843c74fbcd2f5bf03990d474a5079fdf31,6E118C928729E003E89742D3B57FE6ED35FA9233A38DBE8AF852041EBEE39457,21,Windows 11,10.0,20,"learned-table-v1 (scoreScale=6400, divisor=1, bound=75962, path=D:\採点レポート\OthelloClient\data\evaluation-tables.bin)",18CD490619DC45974F8D968E05E457D1F2DFA2B1BD58DE10B5E2938CA074E9BA,20260721,fixed,8,5,1,32,002071AEC8A02020,88500C10355E9040,1,9,60000,9,7,1677,64.764200,166835,2576037,50378,116457,0.698037,119,14451;14749;18612;23214;15659;17890;11882,0,0,true,0,0,6327,43392,107,1027,17,17,6,0,5063,false,true
parallel-search-v3,2026-07-21T13:32:41.843714500Z,2e76c1843c74fbcd2f5bf03990d474a5079fdf31,6E118C928729E003E89742D3B57FE6ED35FA9233A38DBE8AF852041EBEE39457,21,Windows 11,10.0,20,"learned-table-v1 (scoreScale=6400, divisor=1, bound=75962, path=D:\採点レポート\OthelloClient\data\evaluation-tables.bin)",18CD490619DC45974F8D968E05E457D1F2DFA2B1BD58DE10B5E2938CA074E9BA,20260721,fixed,1,5,1,32,002071AEC8A02020,88500C10355E9040,1,9,60000,9,7,1677,152.426900,166802,1094308,166802,0,0.000000,0,,0,0,true,0,0,6304,43389,107,1027,17,17,6,0,5074,false,true
parallel-search-v3,2026-07-21T13:32:41.843714500Z,2e76c1843c74fbcd2f5bf03990d474a5079fdf31,6E118C928729E003E89742D3B57FE6ED35FA9233A38DBE8AF852041EBEE39457,21,Windows 11,10.0,20,"learned-table-v1 (scoreScale=6400, divisor=1, bound=75962, path=D:\採点レポート\OthelloClient\data\evaluation-tables.bin)",18CD490619DC45974F8D968E05E457D1F2DFA2B1BD58DE10B5E2938CA074E9BA,20260721,fixed,2,5,1,32,002071AEC8A02020,88500C10355E9040,1,9,60000,9,7,1677,142.374500,166802,1171572,50378,116424,0.697977,119,116424,0,0,true,0,0,6304,43389,107,1027,17,17,6,0,5074,false,true
parallel-search-v3,2026-07-21T13:32:41.843714500Z,2e76c1843c74fbcd2f5bf03990d474a5079fdf31,6E118C928729E003E89742D3B57FE6ED35FA9233A38DBE8AF852041EBEE39457,21,Windows 11,10.0,20,"learned-table-v1 (scoreScale=6400, divisor=1, bound=75962, path=D:\採点レポート\OthelloClient\data\evaluation-tables.bin)",18CD490619DC45974F8D968E05E457D1F2DFA2B1BD58DE10B5E2938CA074E9BA,20260721,fixed,8,6,1,18,021E026520202000,00001D1818080000,1,9,60000,9,48,-4919,76.826300,128608,1674010,75261,53347,0.414803,42,2761;2740;16869;2862;5521;15805;6789,0,0,true,0,0,4644,30110,96,624,16,6,0,0,1572,false,true
parallel-search-v3,2026-07-21T13:32:41.843714500Z,2e76c1843c74fbcd2f5bf03990d474a5079fdf31,6E118C928729E003E89742D3B57FE6ED35FA9233A38DBE8AF852041EBEE39457,21,Windows 11,10.0,20,"learned-table-v1 (scoreScale=6400, divisor=1, bound=75962, path=D:\採点レポート\OthelloClient\data\evaluation-tables.bin)",18CD490619DC45974F8D968E05E457D1F2DFA2B1BD58DE10B5E2938CA074E9BA,20260721,fixed,1,6,1,18,021E026520202000,00001D1818080000,1,9,60000,9,48,-4919,93.129800,128478,1379558,128478,0,0.000000,0,,0,0,true,0,0,4639,30053,96,624,16,6,0,0,1572,false,true
parallel-search-v3,2026-07-21T13:32:41.843714500Z,2e76c1843c74fbcd2f5bf03990d474a5079fdf31,6E118C928729E003E89742D3B57FE6ED35FA9233A38DBE8AF852041EBEE39457,21,Windows 11,10.0,20,"learned-table-v1 (scoreScale=6400, divisor=1, bound=75962, path=D:\採点レポート\OthelloClient\data\evaluation-tables.bin)",18CD490619DC45974F8D968E05E457D1F2DFA2B1BD58DE10B5E2938CA074E9BA,20260721,fixed,2,6,1,18,021E026520202000,00001D1818080000,1,9,60000,9,48,-4919,90.682100,128478,1416796,75261,53217,0.414211,42,53217,0,0,true,0,0,4639,30053,96,624,16,6,0,0,1572,false,true
parallel-search-v3,2026-07-21T13:32:41.843714500Z,2e76c1843c74fbcd2f5bf03990d474a5079fdf31,6E118C928729E003E89742D3B57FE6ED35FA9233A38DBE8AF852041EBEE39457,21,Windows 11,10.0,20,"learned-table-v1 (scoreScale=6400, divisor=1, bound=75962, path=D:\採点レポート\OthelloClient\data\evaluation-tables.bin)",18CD490619DC45974F8D968E05E457D1F2DFA2B1BD58DE10B5E2938CA074E9BA,20260721,fixed,4,6,1,18,021E026520202000,00001D1818080000,1,9,60000,9,48,-4919,78.187200,128625,1645090,75261,53364,0.414880,42,26655;20049;6660,0,0,true,0,0,4646,30114,96,624,16,6,0,0,1572,false,true
parallel-search-v3,2026-07-21T13:32:41.843714500Z,2e76c1843c74fbcd2f5bf03990d474a5079fdf31,6E118C928729E003E89742D3B57FE6ED35FA9233A38DBE8AF852041EBEE39457,21,Windows 11,10.0,20,"learned-table-v1 (scoreScale=6400, divisor=1, bound=75962, path=D:\採点レポート\OthelloClient\data\evaluation-tables.bin)",18CD490619DC45974F8D968E05E457D1F2DFA2B1BD58DE10B5E2938CA074E9BA,20260721,fixed,1,7,1,25,0858607070301000,20039E8E08080000,-1,9,60000,9,13,-116,347.931000,450785,1295616,450785,0,0.000000,0,,0,0,true,0,0,12266,97137,184,2227,39,13,0,0,2136,false,true
parallel-search-v3,2026-07-21T13:32:41.843714500Z,2e76c1843c74fbcd2f5bf03990d474a5079fdf31,6E118C928729E003E89742D3B57FE6ED35FA9233A38DBE8AF852041EBEE39457,21,Windows 11,10.0,20,"learned-table-v1 (scoreScale=6400, divisor=1, bound=75962, path=D:\採点レポート\OthelloClient\data\evaluation-tables.bin)",18CD490619DC45974F8D968E05E457D1F2DFA2B1BD58DE10B5E2938CA074E9BA,20260721,fixed,2,7,1,25,0858607070301000,20039E8E08080000,-1,9,60000,9,13,-116,350.974600,450785,1284381,96168,354617,0.786665,91,354617,0,0,true,0,0,12266,97137,184,2227,39,13,0,0,2136,false,true
parallel-search-v3,2026-07-21T13:32:41.843714500Z,2e76c1843c74fbcd2f5bf03990d474a5079fdf31,6E118C928729E003E89742D3B57FE6ED35FA9233A38DBE8AF852041EBEE39457,21,Windows 11,10.0,20,"learned-table-v1 (scoreScale=6400, divisor=1, bound=75962, path=D:\採点レポート\OthelloClient\data\evaluation-tables.bin)",18CD490619DC45974F8D968E05E457D1F2DFA2B1BD58DE10B5E2938CA074E9BA,20260721,fixed,4,7,1,25,0858607070301000,20039E8E08080000,-1,9,60000,9,13,-116,203.302900,449317,2210087,96162,353155,0.785982,91,97554;98735;156866,0,0,true,0,0,12118,97046,183,2230,37,13,0,0,2136,false,true
parallel-search-v3,2026-07-21T13:32:41.843714500Z,2e76c1843c74fbcd2f5bf03990d474a5079fdf31,6E118C928729E003E89742D3B57FE6ED35FA9233A38DBE8AF852041EBEE39457,21,Windows 11,10.0,20,"learned-table-v1 (scoreScale=6400, divisor=1, bound=75962, path=D:\採点レポート\OthelloClient\data\evaluation-tables.bin)",18CD490619DC45974F8D968E05E457D1F2DFA2B1BD58DE10B5E2938CA074E9BA,20260721,fixed,8,7,1,25,0858607070301000,20039E8E08080000,-1,9,60000,9,13,-116,160.226700,449181,2803409,96136,353045,0.785975,91,56372;38859;98987;36838;35424;37680;48885,0,0,true,0,0,12115,96928,180,2228,36,13,0,0,2084,false,true
parallel-search-v3,2026-07-21T13:32:41.843714500Z,2e76c1843c74fbcd2f5bf03990d474a5079fdf31,6E118C928729E003E89742D3B57FE6ED35FA9233A38DBE8AF852041EBEE39457,21,Windows 11,10.0,20,"learned-table-v1 (scoreScale=6400, divisor=1, bound=75962, path=D:\採点レポート\OthelloClient\data\evaluation-tables.bin)",18CD490619DC45974F8D968E05E457D1F2DFA2B1BD58DE10B5E2938CA074E9BA,20260721,timed,1,0,0,29,3F362F263A020200,4048501904000000,-1,64,500,11,18,202,501.023000,626688,1250817,626688,0,0.000000,0,,0,0,true,0,0,32180,173266,232,5276,104,206,56,12,22920,true,
parallel-search-v3,2026-07-21T13:32:41.843714500Z,2e76c1843c74fbcd2f5bf03990d474a5079fdf31,6E118C928729E003E89742D3B57FE6ED35FA9233A38DBE8AF852041EBEE39457,21,Windows 11,10.0,20,"learned-table-v1 (scoreScale=6400, divisor=1, bound=75962, path=D:\採点レポート\OthelloClient\data\evaluation-tables.bin)",18CD490619DC45974F8D968E05E457D1F2DFA2B1BD58DE10B5E2938CA074E9BA,20260721,timed,2,0,0,29,3F362F263A020200,4048501904000000,-1,64,500,11,18,202,500.492200,656978,1312664,420019,236959,0.360680,90,236959,0,0,true,0,0,33412,183079,232,5599,119,223,64,15,24900,true,
parallel-search-v3,2026-07-21T13:32:41.843714500Z,2e76c1843c74fbcd2f5bf03990d474a5079fdf31,6E118C928729E003E89742D3B57FE6ED35FA9233A38DBE8AF852041EBEE39457,21,Windows 11,10.0,20,"learned-table-v1 (scoreScale=6400, divisor=1, bound=75962, path=D:\採点レポート\OthelloClient\data\evaluation-tables.bin)",18CD490619DC45974F8D968E05E457D1F2DFA2B1BD58DE10B5E2938CA074E9BA,20260721,timed,4,0,0,29,3F362F263A020200,4048501904000000,-1,64,500,12,18,138,500.154800,815294,1630083,464896,350398,0.429781,90,106196;131106;113096,0,0,true,0,0,41202,227242,239,6929,157,301,83,32,33602,true,
parallel-search-v3,2026-07-21T13:32:41.843714500Z,2e76c1843c74fbcd2f5bf03990d474a5079fdf31,6E118C928729E003E89742D3B57FE6ED35FA9233A38DBE8AF852041EBEE39457,21,Windows 11,10.0,20,"learned-table-v1 (scoreScale=6400, divisor=1, bound=75962, path=D:\採点レポート\OthelloClient\data\evaluation-tables.bin)",18CD490619DC45974F8D968E05E457D1F2DFA2B1BD58DE10B5E2938CA074E9BA,20260721,timed,8,0,0,29,3F362F263A020200,4048501904000000,-1,64,500,12,18,138,500.386500,864483,1727631,515072,349411,0.404185,90,29631;109517;44560;52702;51470;40400;21131,0,0,true,0,0,44565,240924,239,7457,173,320,84,32,35237,true,
parallel-search-v3,2026-07-21T13:32:41.843714500Z,2e76c1843c74fbcd2f5bf03990d474a5079fdf31,6E118C928729E003E89742D3B57FE6ED35FA9233A38DBE8AF852041EBEE39457,21,Windows 11,10.0,20,"learned-table-v1 (scoreScale=6400, divisor=1, bound=75962, path=D:\採点レポート\OthelloClient\data\evaluation-tables.bin)",18CD490619DC45974F8D968E05E457D1F2DFA2B1BD58DE10B5E2938CA074E9BA,20260721,timed,2,1,0,23,0440387020544040,081E000E18280800,-1,64,500,8,17,925,500.375900,691438,1381837,251860,439578,0.635745,105,439578,0,0,true,0,0,17085,145292,350,2310,124,2,0,0,2,true,
parallel-search-v3,2026-07-21T13:32:41.843714500Z,2e76c1843c74fbcd2f5bf03990d474a5079fdf31,6E118C928729E003E89742D3B57FE6ED35FA9233A38DBE8AF852041EBEE39457,21,Windows 11,10.0,20,"learned-table-v1 (scoreScale=6400, divisor=1, bound=75962, path=D:\採点レポート\OthelloClient\data\evaluation-tables.bin)",18CD490619DC45974F8D968E05E457D1F2DFA2B1BD58DE10B5E2938CA074E9BA,20260721,timed,4,1,0,23,0440387020544040,081E000E18280800,-1,64,500,9,30,1059,500.410700,1204023,2406070,346112,857911,0.712537,105,286439;315100;256372,0,0,true,0,0,30457,266056,405,4647,170,15,0,0,3460,true,
parallel-search-v3,2026-07-21T13:32:41.843714500Z,2e76c1843c74fbcd2f5bf03990d474a5079fdf31,6E118C928729E003E89742D3B57FE6ED35FA9233A38DBE8AF852041EBEE39457,21,Windows 11,10.0,20,"learned-table-v1 (scoreScale=6400, divisor=1, bound=75962, path=D:\採点レポート\OthelloClient\data\evaluation-tables.bin)",18CD490619DC45974F8D968E05E457D1F2DFA2B1BD58DE10B5E2938CA074E9BA,20260721,timed,8,1,0,23,0440387020544040,081E000E18280800,-1,64,500,9,30,1059,500.797400,1392662,2780889,446187,946475,0.679616,120,90891;115827;177107;118129;216757;133174;94590,0,0,true,0,0,34483,306893,410,5469,183,38,7,0,6072,true,
parallel-search-v3,2026-07-21T13:32:41.843714500Z,2e76c1843c74fbcd2f5bf03990d474a5079fdf31,6E118C928729E003E89742D3B57FE6ED35FA9233A38DBE8AF852041EBEE39457,21,Windows 11,10.0,20,"learned-table-v1 (scoreScale=6400, divisor=1, bound=75962, path=D:\採点レポート\OthelloClient\data\evaluation-tables.bin)",18CD490619DC45974F8D968E05E457D1F2DFA2B1BD58DE10B5E2938CA074E9BA,20260721,timed,1,1,0,23,0440387020544040,081E000E18280800,-1,64,500,8,17,925,500.143800,715776,1431140,715776,0,0.000000,0,,0,0,true,0,0,17684,151975,354,2381,126,2,0,0,2,true,
parallel-search-v3,2026-07-21T13:32:41.843714500Z,2e76c1843c74fbcd2f5bf03990d474a5079fdf31,6E118C928729E003E89742D3B57FE6ED35FA9233A38DBE8AF852041EBEE39457,21,Windows 11,10.0,20,"learned-table-v1 (scoreScale=6400, divisor=1, bound=75962, path=D:\採点レポート\OthelloClient\data\evaluation-tables.bin)",18CD490619DC45974F8D968E05E457D1F2DFA2B1BD58DE10B5E2938CA074E9BA,20260721,timed,4,2,0,29,040010F300102040,10088C0C3E6F1222,-1,64,500,11,11,-782,500.511300,731311,1461128,476160,255151,0.348895,108,89034;73828;92289,0,0,true,0,0,35489,215818,180,6856,142,150,19,1,26776,true,
parallel-search-v3,2026-07-21T13:32:41.843714500Z,2e76c1843c74fbcd2f5bf03990d474a5079fdf31,6E118C928729E003E89742D3B57FE6ED35FA9233A38DBE8AF852041EBEE39457,21,Windows 11,10.0,20,"learned-table-v1 (scoreScale=6400, divisor=1, bound=75962, path=D:\採点レポート\OthelloClient\data\evaluation-tables.bin)",18CD490619DC45974F8D968E05E457D1F2DFA2B1BD58DE10B5E2938CA074E9BA,20260721,timed,8,2,0,29,040010F300102040,10088C0C3E6F1222,-1,64,500,11,11,-782,500.246600,820402,1639995,562176,258226,0.314755,108,36320;39466;41507;27305;40111;38343;35174,0,0,true,0,0,38428,242890,180,7721,155,170,19,3,28617,true,
parallel-search-v3,2026-07-21T13:32:41.843714500Z,2e76c1843c74fbcd2f5bf03990d474a5079fdf31,6E118C928729E003E89742D3B57FE6ED35FA9233A38DBE8AF852041EBEE39457,21,Windows 11,10.0,20,"learned-table-v1 (scoreScale=6400, divisor=1, bound=75962, path=D:\採点レポート\OthelloClient\data\evaluation-tables.bin)",18CD490619DC45974F8D968E05E457D1F2DFA2B1BD58DE10B5E2938CA074E9BA,20260721,timed,1,2,0,29,040010F300102040,10088C0C3E6F1222,-1,64,500,11,11,-782,500.142600,607232,1214118,607232,0,0.000000,0,,0,0,true,0,0,27823,180667,157,5289,121,117,19,1,22004,true,
parallel-search-v3,2026-07-21T13:32:41.843714500Z,2e76c1843c74fbcd2f5bf03990d474a5079fdf31,6E118C928729E003E89742D3B57FE6ED35FA9233A38DBE8AF852041EBEE39457,21,Windows 11,10.0,20,"learned-table-v1 (scoreScale=6400, divisor=1, bound=75962, path=D:\採点レポート\OthelloClient\data\evaluation-tables.bin)",18CD490619DC45974F8D968E05E457D1F2DFA2B1BD58DE10B5E2938CA074E9BA,20260721,timed,2,2,0,29,040010F300102040,10088C0C3E6F1222,-1,64,500,11,11,-782,501.400600,607352,1211311,352256,255096,0.420013,108,255096,0,0,true,0,0,27835,180682,157,5295,121,117,19,1,22004,true,
parallel-search-v3,2026-07-21T13:32:41.843714500Z,2e76c1843c74fbcd2f5bf03990d474a5079fdf31,6E118C928729E003E89742D3B57FE6ED35FA9233A38DBE8AF852041EBEE39457,21,Windows 11,10.0,20,"learned-table-v1 (scoreScale=6400, divisor=1, bound=75962, path=D:\採点レポート\OthelloClient\data\evaluation-tables.bin)",18CD490619DC45974F8D968E05E457D1F2DFA2B1BD58DE10B5E2938CA074E9BA,20260721,timed,8,3,0,30,201009113D0C8400,012E764E02F00000,1,64,500,10,60,-522,500.860500,824254,1645676,529224,295030,0.357936,126,40693;35513;35848;37679;41829;63052;40416,0,0,true,0,0,28269,193675,226,5491,129,96,28,4,18429,true,
parallel-search-v3,2026-07-21T13:32:41.843714500Z,2e76c1843c74fbcd2f5bf03990d474a5079fdf31,6E118C928729E003E89742D3B57FE6ED35FA9233A38DBE8AF852041EBEE39457,21,Windows 11,10.0,20,"learned-table-v1 (scoreScale=6400, divisor=1, bound=75962, path=D:\採点レポート\OthelloClient\data\evaluation-tables.bin)",18CD490619DC45974F8D968E05E457D1F2DFA2B1BD58DE10B5E2938CA074E9BA,20260721,timed,1,3,0,30,201009113D0C8400,012E764E02F00000,1,64,500,10,60,-522,500.113800,626688,1253091,626688,0,0.000000,0,,0,0,true,0,0,20179,143913,226,3828,103,41,4,4,8256,true,
parallel-search-v3,2026-07-21T13:32:41.843714500Z,2e76c1843c74fbcd2f5bf03990d474a5079fdf31,6E118C928729E003E89742D3B57FE6ED35FA9233A38DBE8AF852041EBEE39457,21,Windows 11,10.0,20,"learned-table-v1 (scoreScale=6400, divisor=1, bound=75962, path=D:\採点レポート\OthelloClient\data\evaluation-tables.bin)",18CD490619DC45974F8D968E05E457D1F2DFA2B1BD58DE10B5E2938CA074E9BA,20260721,timed,2,3,0,30,201009113D0C8400,012E764E02F00000,1,64,500,10,60,-522,500.613800,637285,1273007,406528,230757,0.362094,112,230757,0,0,true,0,0,20577,146429,226,3939,105,42,4,4,8402,true,
parallel-search-v3,2026-07-21T13:32:41.843714500Z,2e76c1843c74fbcd2f5bf03990d474a5079fdf31,6E118C928729E003E89742D3B57FE6ED35FA9233A38DBE8AF852041EBEE39457,21,Windows 11,10.0,20,"learned-table-v1 (scoreScale=6400, divisor=1, bound=75962, path=D:\採点レポート\OthelloClient\data\evaluation-tables.bin)",18CD490619DC45974F8D968E05E457D1F2DFA2B1BD58DE10B5E2938CA074E9BA,20260721,timed,4,3,0,30,201009113D0C8400,012E764E02F00000,1,64,500,10,60,-522,500.095800,736055,1471828,504832,231223,0.314138,112,84808;68322;78093,0,0,true,0,0,24200,171135,226,4651,118,67,14,4,14059,true,
parallel-search-v3,2026-07-21T13:32:41.843714500Z,2e76c1843c74fbcd2f5bf03990d474a5079fdf31,6E118C928729E003E89742D3B57FE6ED35FA9233A38DBE8AF852041EBEE39457,21,Windows 11,10.0,20,"learned-table-v1 (scoreScale=6400, divisor=1, bound=75962, path=D:\採点レポート\OthelloClient\data\evaluation-tables.bin)",18CD490619DC45974F8D968E05E457D1F2DFA2B1BD58DE10B5E2938CA074E9BA,20260721,timed,1,4,0,24,1038040200C00000,408250F858385402,1,64,500,12,56,3966,500.463000,685056,1368844,685056,0,0.000000,0,,0,0,true,0,0,25187,175236,136,3565,126,176,22,10,17215,true,
parallel-search-v3,2026-07-21T13:32:41.843714500Z,2e76c1843c74fbcd2f5bf03990d474a5079fdf31,6E118C928729E003E89742D3B57FE6ED35FA9233A38DBE8AF852041EBEE39457,21,Windows 11,10.0,20,"learned-table-v1 (scoreScale=6400, divisor=1, bound=75962, path=D:\採点レポート\OthelloClient\data\evaluation-tables.bin)",18CD490619DC45974F8D968E05E457D1F2DFA2B1BD58DE10B5E2938CA074E9BA,20260721,timed,2,4,0,24,1038040200C00000,408250F858385402,1,64,500,12,56,3966,500.823400,672659,1343106,300032,372627,0.553961,70,372627,0,0,true,0,0,24868,172874,122,3558,123,176,22,10,17215,true,
parallel-search-v3,2026-07-21T13:32:41.843714500Z,2e76c1843c74fbcd2f5bf03990d474a5079fdf31,6E118C928729E003E89742D3B57FE6ED35FA9233A38DBE8AF852041EBEE39457,21,Windows 11,10.0,20,"learned-table-v1 (scoreScale=6400, divisor=1, bound=75962, path=D:\採点レポート\OthelloClient\data\evaluation-tables.bin)",18CD490619DC45974F8D968E05E457D1F2DFA2B1BD58DE10B5E2938CA074E9BA,20260721,timed,4,4,0,24,1038040200C00000,408250F858385402,1,64,500,12,56,3966,500.446400,854961,1708397,481280,373681,0.437074,70,131942;60439;181300,0,0,true,0,0,30378,214975,138,4362,164,201,26,10,20311,true,
parallel-search-v3,2026-07-21T13:32:41.843714500Z,2e76c1843c74fbcd2f5bf03990d474a5079fdf31,6E118C928729E003E89742D3B57FE6ED35FA9233A38DBE8AF852041EBEE39457,21,Windows 11,10.0,20,"learned-table-v1 (scoreScale=6400, divisor=1, bound=75962, path=D:\採点レポート\OthelloClient\data\evaluation-tables.bin)",18CD490619DC45974F8D968E05E457D1F2DFA2B1BD58DE10B5E2938CA074E9BA,20260721,timed,8,4,0,24,1038040200C00000,408250F858385402,1,64,500,12,56,3966,500.149600,869141,1737762,495616,373525,0.429763,70,109907;48093;14535;13288;29644;148432;9626,0,0,true,0,0,30755,218553,138,4444,176,201,26,10,20377,true,
parallel-search-v3,2026-07-21T13:32:41.843714500Z,2e76c1843c74fbcd2f5bf03990d474a5079fdf31,6E118C928729E003E89742D3B57FE6ED35FA9233A38DBE8AF852041EBEE39457,21,Windows 11,10.0,20,"learned-table-v1 (scoreScale=6400, divisor=1, bound=75962, path=D:\採点レポート\OthelloClient\data\evaluation-tables.bin)",18CD490619DC45974F8D968E05E457D1F2DFA2B1BD58DE10B5E2938CA074E9BA,20260721,timed,2,5,0,32,002071AEC8A02020,88500C10355E9040,1,64,500,10,7,1876,500.179700,607758,1215079,356352,251406,0.413661,136,251406,0,0,true,0,0,25432,154320,165,5118,67,78,8,1,12468,true,
parallel-search-v3,2026-07-21T13:32:41.843714500Z,2e76c1843c74fbcd2f5bf03990d474a5079fdf31,6E118C928729E003E89742D3B57FE6ED35FA9233A38DBE8AF852041EBEE39457,21,Windows 11,10.0,20,"learned-table-v1 (scoreScale=6400, divisor=1, bound=75962, path=D:\採点レポート\OthelloClient\data\evaluation-tables.bin)",18CD490619DC45974F8D968E05E457D1F2DFA2B1BD58DE10B5E2938CA074E9BA,20260721,timed,4,5,0,32,002071AEC8A02020,88500C10355E9040,1,64,500,10,7,1876,500.174100,881955,1763296,381263,500692,0.567707,153,170028;166070;164594,0,0,true,0,0,38235,232957,165,7534,93,151,36,2,24428,true,
parallel-search-v3,2026-07-21T13:32:41.843714500Z,2e76c1843c74fbcd2f5bf03990d474a5079fdf31,6E118C928729E003E89742D3B57FE6ED35FA9233A38DBE8AF852041EBEE39457,21,Windows 11,10.0,20,"learned-table-v1 (scoreScale=6400, divisor=1, bound=75962, path=D:\採点レポート\OthelloClient\data\evaluation-tables.bin)",18CD490619DC45974F8D968E05E457D1F2DFA2B1BD58DE10B5E2938CA074E9BA,20260721,timed,8,5,0,32,002071AEC8A02020,88500C10355E9040,1,64,500,11,7,1832,500.095500,991129,1981879,455680,535449,0.540241,153,60221;64842;84332;83075;93300;68600;81079,0,0,true,0,0,43041,265330,165,8405,104,174,38,2,28157,true,
parallel-search-v3,2026-07-21T13:32:41.843714500Z,2e76c1843c74fbcd2f5bf03990d474a5079fdf31,6E118C928729E003E89742D3B57FE6ED35FA9233A38DBE8AF852041EBEE39457,21,Windows 11,10.0,20,"learned-table-v1 (scoreScale=6400, divisor=1, bound=75962, path=D:\採点レポート\OthelloClient\data\evaluation-tables.bin)",18CD490619DC45974F8D968E05E457D1F2DFA2B1BD58DE10B5E2938CA074E9BA,20260721,timed,1,5,0,32,002071AEC8A02020,88500C10355E9040,1,64,500,10,7,1876,500.591100,604160,1206893,604160,0,0.000000,0,,0,0,true,0,0,25311,153270,165,5092,67,77,8,1,12170,true,
parallel-search-v3,2026-07-21T13:32:41.843714500Z,2e76c1843c74fbcd2f5bf03990d474a5079fdf31,6E118C928729E003E89742D3B57FE6ED35FA9233A38DBE8AF852041EBEE39457,21,Windows 11,10.0,20,"learned-table-v1 (scoreScale=6400, divisor=1, bound=75962, path=D:\採点レポート\OthelloClient\data\evaluation-tables.bin)",18CD490619DC45974F8D968E05E457D1F2DFA2B1BD58DE10B5E2938CA074E9BA,20260721,timed,4,6,0,18,021E026520202000,00001D1818080000,1,64,500,11,48,-5174,500.085200,736769,1473287,581632,155137,0.210564,54,59821;42234;53082,0,0,true,0,0,23901,157626,200,3854,231,116,5,6,24922,true,
parallel-search-v3,2026-07-21T13:32:41.843714500Z,2e76c1843c74fbcd2f5bf03990d474a5079fdf31,6E118C928729E003E89742D3B57FE6ED35FA9233A38DBE8AF852041EBEE39457,21,Windows 11,10.0,20,"learned-table-v1 (scoreScale=6400, divisor=1, bound=75962, path=D:\採点レポート\OthelloClient\data\evaluation-tables.bin)",18CD490619DC45974F8D968E05E457D1F2DFA2B1BD58DE10B5E2938CA074E9BA,20260721,timed,8,6,0,18,021E026520202000,00001D1818080000,1,64,500,11,48,-5174,500.829600,778639,1554698,623616,155023,0.199095,54,15201;41731;7411;49027;9440;15692;16521,0,0,true,0,0,24415,164105,200,4066,284,119,5,6,25036,true,
parallel-search-v3,2026-07-21T13:32:41.843714500Z,2e76c1843c74fbcd2f5bf03990d474a5079fdf31,6E118C928729E003E89742D3B57FE6ED35FA9233A38DBE8AF852041EBEE39457,21,Windows 11,10.0,20,"learned-table-v1 (scoreScale=6400, divisor=1, bound=75962, path=D:\採点レポート\OthelloClient\data\evaluation-tables.bin)",18CD490619DC45974F8D968E05E457D1F2DFA2B1BD58DE10B5E2938CA074E9BA,20260721,timed,1,6,0,18,021E026520202000,00001D1818080000,1,64,500,11,48,-5174,500.269200,703488,1406219,703488,0,0.000000,0,,0,0,true,0,0,22972,152267,193,3700,207,113,5,6,24894,true,
parallel-search-v3,2026-07-21T13:32:41.843714500Z,2e76c1843c74fbcd2f5bf03990d474a5079fdf31,6E118C928729E003E89742D3B57FE6ED35FA9233A38DBE8AF852041EBEE39457,21,Windows 11,10.0,20,"learned-table-v1 (scoreScale=6400, divisor=1, bound=75962, path=D:\採点レポート\OthelloClient\data\evaluation-tables.bin)",18CD490619DC45974F8D968E05E457D1F2DFA2B1BD58DE10B5E2938CA074E9BA,20260721,timed,2,6,0,18,021E026520202000,00001D1818080000,1,64,500,11,48,-5174,500.242200,682541,1364421,527360,155181,0.227358,54,155181,0,0,true,0,0,22517,148874,184,3617,194,113,5,6,24894,true,
parallel-search-v3,2026-07-21T13:32:41.843714500Z,2e76c1843c74fbcd2f5bf03990d474a5079fdf31,6E118C928729E003E89742D3B57FE6ED35FA9233A38DBE8AF852041EBEE39457,21,Windows 11,10.0,20,"learned-table-v1 (scoreScale=6400, divisor=1, bound=75962, path=D:\採点レポート\OthelloClient\data\evaluation-tables.bin)",18CD490619DC45974F8D968E05E457D1F2DFA2B1BD58DE10B5E2938CA074E9BA,20260721,timed,8,7,0,25,0858607070301000,20039E8E08080000,-1,64,500,10,13,-59,500.167700,1062470,2124228,485376,577094,0.543163,104,133204;81400;62702;73406;64467;86851;75064,0,0,true,0,0,31251,242403,233,6318,94,77,3,0,13662,true,
parallel-search-v3,2026-07-21T13:32:41.843714500Z,2e76c1843c74fbcd2f5bf03990d474a5079fdf31,6E118C928729E003E89742D3B57FE6ED35FA9233A38DBE8AF852041EBEE39457,21,Windows 11,10.0,20,"learned-table-v1 (scoreScale=6400, divisor=1, bound=75962, path=D:\採点レポート\OthelloClient\data\evaluation-tables.bin)",18CD490619DC45974F8D968E05E457D1F2DFA2B1BD58DE10B5E2938CA074E9BA,20260721,timed,1,7,0,25,0858607070301000,20039E8E08080000,-1,64,500,9,13,-116,500.939500,675840,1349145,675840,0,0.000000,0,,0,0,true,0,0,19550,153640,220,3411,65,40,2,0,7715,true,
parallel-search-v3,2026-07-21T13:32:41.843714500Z,2e76c1843c74fbcd2f5bf03990d474a5079fdf31,6E118C928729E003E89742D3B57FE6ED35FA9233A38DBE8AF852041EBEE39457,21,Windows 11,10.0,20,"learned-table-v1 (scoreScale=6400, divisor=1, bound=75962, path=D:\採点レポート\OthelloClient\data\evaluation-tables.bin)",18CD490619DC45974F8D968E05E457D1F2DFA2B1BD58DE10B5E2938CA074E9BA,20260721,timed,2,7,0,25,0858607070301000,20039E8E08080000,-1,64,500,9,13,-116,500.693700,680180,1358475,252298,427882,0.629072,104,427882,0,0,true,0,0,19770,155007,220,3460,66,41,2,0,7716,true,
parallel-search-v3,2026-07-21T13:32:41.843714500Z,2e76c1843c74fbcd2f5bf03990d474a5079fdf31,6E118C928729E003E89742D3B57FE6ED35FA9233A38DBE8AF852041EBEE39457,21,Windows 11,10.0,20,"learned-table-v1 (scoreScale=6400, divisor=1, bound=75962, path=D:\採点レポート\OthelloClient\data\evaluation-tables.bin)",18CD490619DC45974F8D968E05E457D1F2DFA2B1BD58DE10B5E2938CA074E9BA,20260721,timed,4,7,0,25,0858607070301000,20039E8E08080000,-1,64,500,10,13,-59,500.287500,999752,1998355,422912,576840,0.576983,104,231141;174197;171502,0,0,true,0,0,29693,227387,229,5971,89,75,3,0,13422,true,
parallel-search-v3,2026-07-21T13:32:41.843714500Z,2e76c1843c74fbcd2f5bf03990d474a5079fdf31,6E118C928729E003E89742D3B57FE6ED35FA9233A38DBE8AF852041EBEE39457,21,Windows 11,10.0,20,"learned-table-v1 (scoreScale=6400, divisor=1, bound=75962, path=D:\採点レポート\OthelloClient\data\evaluation-tables.bin)",18CD490619DC45974F8D968E05E457D1F2DFA2B1BD58DE10B5E2938CA074E9BA,20260721,timed,2,0,1,29,3F362F263A020200,4048501904000000,-1,64,500,11,18,202,500.769500,704420,1406675,420019,284401,0.403738,90,284401,0,0,true,0,0,36457,197115,232,6126,132,246,71,17,27730,true,
parallel-search-v3,2026-07-21T13:32:41.843714500Z,2e76c1843c74fbcd2f5bf03990d474a5079fdf31,6E118C928729E003E89742D3B57FE6ED35FA9233A38DBE8AF852041EBEE39457,21,Windows 11,10.0,20,"learned-table-v1 (scoreScale=6400, divisor=1, bound=75962, path=D:\採点レポート\OthelloClient\data\evaluation-tables.bin)",18CD490619DC45974F8D968E05E457D1F2DFA2B1BD58DE10B5E2938CA074E9BA,20260721,timed,4,0,1,29,3F362F263A020200,4048501904000000,-1,64,500,12,18,138,500.802600,864714,1726656,515072,349642,0.404344,90,113876;102190;133576,0,0,true,0,0,44608,240836,238,7451,171,324,88,32,35414,true,
parallel-search-v3,2026-07-21T13:32:41.843714500Z,2e76c1843c74fbcd2f5bf03990d474a5079fdf31,6E118C928729E003E89742D3B57FE6ED35FA9233A38DBE8AF852041EBEE39457,21,Windows 11,10.0,20,"learned-table-v1 (scoreScale=6400, divisor=1, bound=75962, path=D:\採点レポート\OthelloClient\data\evaluation-tables.bin)",18CD490619DC45974F8D968E05E457D1F2DFA2B1BD58DE10B5E2938CA074E9BA,20260721,timed,8,0,1,29,3F362F263A020200,4048501904000000,-1,64,500,12,18,138,500.396900,895214,1789008,545792,349422,0.390322,90,109544;43813;30198;17881;55473;45706;46807,0,0,true,0,0,45808,248958,238,7676,178,327,85,32,36652,true,
parallel-search-v3,2026-07-21T13:32:41.843714500Z,2e76c1843c74fbcd2f5bf03990d474a5079fdf31,6E118C928729E003E89742D3B57FE6ED35FA9233A38DBE8AF852041EBEE39457,21,Windows 11,10.0,20,"learned-table-v1 (scoreScale=6400, divisor=1, bound=75962, path=D:\採点レポート\OthelloClient\data\evaluation-tables.bin)",18CD490619DC45974F8D968E05E457D1F2DFA2B1BD58DE10B5E2938CA074E9BA,20260721,timed,1,0,1,29,3F362F263A020200,4048501904000000,-1,64,500,11,18,202,500.414500,689152,1377162,689152,0,0.000000,0,,0,0,true,0,0,35451,192436,232,5954,128,236,67,16,26595,true,
parallel-search-v3,2026-07-21T13:32:41.843714500Z,2e76c1843c74fbcd2f5bf03990d474a5079fdf31,6E118C928729E003E89742D3B57FE6ED35FA9233A38DBE8AF852041EBEE39457,21,Windows 11,10.0,20,"learned-table-v1 (scoreScale=6400, divisor=1, bound=75962, path=D:\採点レポート\OthelloClient\data\evaluation-tables.bin)",18CD490619DC45974F8D968E05E457D1F2DFA2B1BD58DE10B5E2938CA074E9BA,20260721,timed,4,1,1,23,0440387020544040,081E000E18280800,-1,64,500,9,30,1059,500.285400,1219773,2438154,363520,856253,0.701977,105,323936;267754;264563,0,0,true,0,0,30777,269321,405,4719,170,17,1,0,3818,true,
parallel-search-v3,2026-07-21T13:32:41.843714500Z,2e76c1843c74fbcd2f5bf03990d474a5079fdf31,6E118C928729E003E89742D3B57FE6ED35FA9233A38DBE8AF852041EBEE39457,21,Windows 11,10.0,20,"learned-table-v1 (scoreScale=6400, divisor=1, bound=75962, path=D:\採点レポート\OthelloClient\data\evaluation-tables.bin)",18CD490619DC45974F8D968E05E457D1F2DFA2B1BD58DE10B5E2938CA074E9BA,20260721,timed,8,1,1,23,0440387020544040,081E000E18280800,-1,64,500,9,30,1059,500.768900,1447627,2890809,446145,1001482,0.691809,120,171575;152212;223615;112191;132043;75327;134519,0,0,true,0,0,35970,319167,410,5848,187,41,7,0,6569,true,
parallel-search-v3,2026-07-21T13:32:41.843714500Z,2e76c1843c74fbcd2f5bf03990d474a5079fdf31,6E118C928729E003E89742D3B57FE6ED35FA9233A38DBE8AF852041EBEE39457,21,Windows 11,10.0,20,"learned-table-v1 (scoreScale=6400, divisor=1, bound=75962, path=D:\採点レポート\OthelloClient\data\evaluation-tables.bin)",18CD490619DC45974F8D968E05E457D1F2DFA2B1BD58DE10B5E2938CA074E9BA,20260721,timed,1,1,1,23,0440387020544040,081E000E18280800,-1,64,500,8,17,925,500.458300,700416,1399549,700416,0,0.000000,0,,0,0,true,0,0,17215,147564,353,2342,125,2,0,0,2,true,
parallel-search-v3,2026-07-21T13:32:41.843714500Z,2e76c1843c74fbcd2f5bf03990d474a5079fdf31,6E118C928729E003E89742D3B57FE6ED35FA9233A38DBE8AF852041EBEE39457,21,Windows 11,10.0,20,"learned-table-v1 (scoreScale=6400, divisor=1, bound=75962, path=D:\採点レポート\OthelloClient\data\evaluation-tables.bin)",18CD490619DC45974F8D968E05E457D1F2DFA2B1BD58DE10B5E2938CA074E9BA,20260721,timed,2,1,1,23,0440387020544040,081E000E18280800,-1,64,500,8,17,925,500.484400,731374,1461332,251860,479514,0.655634,105,479514,0,0,true,0,0,18076,155480,354,2433,127,2,0,0,2,true,
parallel-search-v3,2026-07-21T13:32:41.843714500Z,2e76c1843c74fbcd2f5bf03990d474a5079fdf31,6E118C928729E003E89742D3B57FE6ED35FA9233A38DBE8AF852041EBEE39457,21,Windows 11,10.0,20,"learned-table-v1 (scoreScale=6400, divisor=1, bound=75962, path=D:\採点レポート\OthelloClient\data\evaluation-tables.bin)",18CD490619DC45974F8D968E05E457D1F2DFA2B1BD58DE10B5E2938CA074E9BA,20260721,timed,8,2,1,29,040010F300102040,10088C0C3E6F1222,-1,64,500,11,11,-782,500.596200,806245,1610570,548864,257381,0.319234,108,33701;41375;39011;41709;24893;36157;40535,0,0,true,0,0,38398,238470,180,7616,154,168,19,3,28287,true,
parallel-search-v3,2026-07-21T13:32:41.843714500Z,2e76c1843c74fbcd2f5bf03990d474a5079fdf31,6E118C928729E003E89742D3B57FE6ED35FA9233A38DBE8AF852041EBEE39457,21,Windows 11,10.0,20,"learned-table-v1 (scoreScale=6400, divisor=1, bound=75962, path=D:\採点レポート\OthelloClient\data\evaluation-tables.bin)",18CD490619DC45974F8D968E05E457D1F2DFA2B1BD58DE10B5E2938CA074E9BA,20260721,timed,1,2,1,29,040010F300102040,10088C0C3E6F1222,-1,64,500,11,11,-782,500.685400,634880,1268022,634880,0,0.000000,0,,0,0,true,0,0,29202,187925,168,5616,126,120,19,1,22031,true,
parallel-search-v3,2026-07-21T13:32:41.843714500Z,2e76c1843c74fbcd2f5bf03990d474a5079fdf31,6E118C928729E003E89742D3B57FE6ED35FA9233A38DBE8AF852041EBEE39457,21,Windows 11,10.0,20,"learned-table-v1 (scoreScale=6400, divisor=1, bound=75962, path=D:\採点レポート\OthelloClient\data\evaluation-tables.bin)",18CD490619DC45974F8D968E05E457D1F2DFA2B1BD58DE10B5E2938CA074E9BA,20260721,timed,2,2,1,29,040010F300102040,10088C0C3E6F1222,-1,64,500,11,11,-782,500.091500,676984,1353720,421888,255096,0.376812,108,255096,0,0,true,0,0,31664,200242,168,6073,132,133,19,1,24899,true,
parallel-search-v3,2026-07-21T13:32:41.843714500Z,2e76c1843c74fbcd2f5bf03990d474a5079fdf31,6E118C928729E003E89742D3B57FE6ED35FA9233A38DBE8AF852041EBEE39457,21,Windows 11,10.0,20,"learned-table-v1 (scoreScale=6400, divisor=1, bound=75962, path=D:\採点レポート\OthelloClient\data\evaluation-tables.bin)",18CD490619DC45974F8D968E05E457D1F2DFA2B1BD58DE10B5E2938CA074E9BA,20260721,timed,4,2,1,29,040010F300102040,10088C0C3E6F1222,-1,64,500,11,11,-782,500.394600,836269,1671219,580608,255661,0.305716,108,82741;95154;77766,0,0,true,0,0,38785,247100,180,7878,155,178,26,3,29389,true,
parallel-search-v3,2026-07-21T13:32:41.843714500Z,2e76c1843c74fbcd2f5bf03990d474a5079fdf31,6E118C928729E003E89742D3B57FE6ED35FA9233A38DBE8AF852041EBEE39457,21,Windows 11,10.0,20,"learned-table-v1 (scoreScale=6400, divisor=1, bound=75962, path=D:\採点レポート\OthelloClient\data\evaluation-tables.bin)",18CD490619DC45974F8D968E05E457D1F2DFA2B1BD58DE10B5E2938CA074E9BA,20260721,timed,1,3,1,30,201009113D0C8400,012E764E02F00000,1,64,500,10,60,-522,500.212200,735232,1469840,735232,0,0.000000,0,,0,0,true,0,0,24134,170920,226,4637,118,67,14,4,14060,true,
parallel-search-v3,2026-07-21T13:32:41.843714500Z,2e76c1843c74fbcd2f5bf03990d474a5079fdf31,6E118C928729E003E89742D3B57FE6ED35FA9233A38DBE8AF852041EBEE39457,21,Windows 11,10.0,20,"learned-table-v1 (scoreScale=6400, divisor=1, bound=75962, path=D:\採点レポート\OthelloClient\data\evaluation-tables.bin)",18CD490619DC45974F8D968E05E457D1F2DFA2B1BD58DE10B5E2938CA074E9BA,20260721,timed,2,3,1,30,201009113D0C8400,012E764E02F00000,1,64,500,10,60,-522,500.065700,714085,1427982,483328,230757,0.323151,112,230757,0,0,true,0,0,23188,165471,226,4453,115,61,14,4,13747,true,
parallel-search-v3,2026-07-21T13:32:41.843714500Z,2e76c1843c74fbcd2f5bf03990d474a5079fdf31,6E118C928729E003E89742D3B57FE6ED35FA9233A38DBE8AF852041EBEE39457,21,Windows 11,10.0,20,"learned-table-v1 (scoreScale=6400, divisor=1, bound=75962, path=D:\採点レポート\OthelloClient\data\evaluation-tables.bin)",18CD490619DC45974F8D968E05E457D1F2DFA2B1BD58DE10B5E2938CA074E9BA,20260721,timed,4,3,1,30,201009113D0C8400,012E764E02F00000,1,64,500,10,60,-522,500.888400,835666,1668368,529223,306443,0.366705,126,98395;100589;107459,0,0,true,0,0,28629,196455,226,5531,131,93,26,4,17486,true,
parallel-search-v3,2026-07-21T13:32:41.843714500Z,2e76c1843c74fbcd2f5bf03990d474a5079fdf31,6E118C928729E003E89742D3B57FE6ED35FA9233A38DBE8AF852041EBEE39457,21,Windows 11,10.0,20,"learned-table-v1 (scoreScale=6400, divisor=1, bound=75962, path=D:\採点レポート\OthelloClient\data\evaluation-tables.bin)",18CD490619DC45974F8D968E05E457D1F2DFA2B1BD58DE10B5E2938CA074E9BA,20260721,timed,8,3,1,30,201009113D0C8400,012E764E02F00000,1,64,500,10,60,-522,500.912400,1057949,2112044,529224,528725,0.499764,126,86592;74781;101229;57950;55539;68829;83805,0,0,true,0,0,35230,251747,226,6974,183,133,50,4,24762,true,
parallel-search-v3,2026-07-21T13:32:41.843714500Z,2e76c1843c74fbcd2f5bf03990d474a5079fdf31,6E118C928729E003E89742D3B57FE6ED35FA9233A38DBE8AF852041EBEE39457,21,Windows 11,10.0,20,"learned-table-v1 (scoreScale=6400, divisor=1, bound=75962, path=D:\採点レポート\OthelloClient\data\evaluation-tables.bin)",18CD490619DC45974F8D968E05E457D1F2DFA2B1BD58DE10B5E2938CA074E9BA,20260721,timed,2,4,1,24,1038040200C00000,408250F858385402,1,64,500,12,56,3966,500.668500,748435,1494871,375808,372627,0.497875,70,372627,0,0,true,0,0,26842,189029,136,3858,138,183,23,10,19397,true,
parallel-search-v3,2026-07-21T13:32:41.843714500Z,2e76c1843c74fbcd2f5bf03990d474a5079fdf31,6E118C928729E003E89742D3B57FE6ED35FA9233A38DBE8AF852041EBEE39457,21,Windows 11,10.0,20,"learned-table-v1 (scoreScale=6400, divisor=1, bound=75962, path=D:\採点レポート\OthelloClient\data\evaluation-tables.bin)",18CD490619DC45974F8D968E05E457D1F2DFA2B1BD58DE10B5E2938CA074E9BA,20260721,timed,4,4,1,24,1038040200C00000,408250F858385402,1,64,500,12,56,3966,500.502200,935188,1868499,547783,387405,0.414254,77,139067;188016;60322,0,0,true,0,0,34124,235625,138,4872,193,270,55,11,27227,true,
parallel-search-v3,2026-07-21T13:32:41.843714500Z,2e76c1843c74fbcd2f5bf03990d474a5079fdf31,6E118C928729E003E89742D3B57FE6ED35FA9233A38DBE8AF852041EBEE39457,21,Windows 11,10.0,20,"learned-table-v1 (scoreScale=6400, divisor=1, bound=75962, path=D:\採点レポート\OthelloClient\data\evaluation-tables.bin)",18CD490619DC45974F8D968E05E457D1F2DFA2B1BD58DE10B5E2938CA074E9BA,20260721,timed,8,4,1,24,1038040200C00000,408250F858385402,1,64,500,12,56,3966,500.827100,981849,1960455,547783,434066,0.442090,77,159721;22215;21002;60657;117963;35861;16647,0,0,true,0,0,36370,248203,138,5155,194,309,70,13,32222,true,
parallel-search-v3,2026-07-21T13:32:41.843714500Z,2e76c1843c74fbcd2f5bf03990d474a5079fdf31,6E118C928729E003E89742D3B57FE6ED35FA9233A38DBE8AF852041EBEE39457,21,Windows 11,10.0,20,"learned-table-v1 (scoreScale=6400, divisor=1, bound=75962, path=D:\採点レポート\OthelloClient\data\evaluation-tables.bin)",18CD490619DC45974F8D968E05E457D1F2DFA2B1BD58DE10B5E2938CA074E9BA,20260721,timed,1,4,1,24,1038040200C00000,408250F858385402,1,64,500,12,56,3966,500.255600,733184,1465619,733184,0,0.000000,0,,0,0,true,0,0,26423,185234,136,3783,135,181,23,10,18578,true,
parallel-search-v3,2026-07-21T13:32:41.843714500Z,2e76c1843c74fbcd2f5bf03990d474a5079fdf31,6E118C928729E003E89742D3B57FE6ED35FA9233A38DBE8AF852041EBEE39457,21,Windows 11,10.0,20,"learned-table-v1 (scoreScale=6400, divisor=1, bound=75962, path=D:\採点レポート\OthelloClient\data\evaluation-tables.bin)",18CD490619DC45974F8D968E05E457D1F2DFA2B1BD58DE10B5E2938CA074E9BA,20260721,timed,4,5,1,32,002071AEC8A02020,88500C10355E9040,1,64,500,11,7,1832,500.825300,925500,1847950,390144,535356,0.578451,153,178113;171766;185477,0,0,true,0,0,40375,246127,165,7885,99,156,37,2,25531,true,
parallel-search-v3,2026-07-21T13:32:41.843714500Z,2e76c1843c74fbcd2f5bf03990d474a5079fdf31,6E118C928729E003E89742D3B57FE6ED35FA9233A38DBE8AF852041EBEE39457,21,Windows 11,10.0,20,"learned-table-v1 (scoreScale=6400, divisor=1, bound=75962, path=D:\採点レポート\OthelloClient\data\evaluation-tables.bin)",18CD490619DC45974F8D968E05E457D1F2DFA2B1BD58DE10B5E2938CA074E9BA,20260721,timed,8,5,1,32,002071AEC8A02020,88500C10355E9040,1,64,500,11,7,1832,501.102100,1071774,2138834,534528,537246,0.501268,153,80630;76537;68937;65070;92851;71895;81326,0,0,true,0,0,46028,288834,171,8978,115,192,39,2,30342,true,
parallel-search-v3,2026-07-21T13:32:41.843714500Z,2e76c1843c74fbcd2f5bf03990d474a5079fdf31,6E118C928729E003E89742D3B57FE6ED35FA9233A38DBE8AF852041EBEE39457,21,Windows 11,10.0,20,"learned-table-v1 (scoreScale=6400, divisor=1, bound=75962, path=D:\採点レポート\OthelloClient\data\evaluation-tables.bin)",18CD490619DC45974F8D968E05E457D1F2DFA2B1BD58DE10B5E2938CA074E9BA,20260721,timed,1,5,1,32,002071AEC8A02020,88500C10355E9040,1,64,500,10,7,1876,501.047700,652288,1301848,652288,0,0.000000,0,,0,0,true,0,0,27682,166592,165,5510,72,94,12,2,15692,true,
parallel-search-v3,2026-07-21T13:32:41.843714500Z,2e76c1843c74fbcd2f5bf03990d474a5079fdf31,6E118C928729E003E89742D3B57FE6ED35FA9233A38DBE8AF852041EBEE39457,21,Windows 11,10.0,20,"learned-table-v1 (scoreScale=6400, divisor=1, bound=75962, path=D:\採点レポート\OthelloClient\data\evaluation-tables.bin)",18CD490619DC45974F8D968E05E457D1F2DFA2B1BD58DE10B5E2938CA074E9BA,20260721,timed,2,5,1,32,002071AEC8A02020,88500C10355E9040,1,64,500,10,7,1876,500.253500,658901,1317134,381263,277638,0.421365,153,277638,0,0,true,0,0,28056,168342,165,5585,72,95,12,2,15827,true,
parallel-search-v3,2026-07-21T13:32:41.843714500Z,2e76c1843c74fbcd2f5bf03990d474a5079fdf31,6E118C928729E003E89742D3B57FE6ED35FA9233A38DBE8AF852041EBEE39457,21,Windows 11,10.0,20,"learned-table-v1 (scoreScale=6400, divisor=1, bound=75962, path=D:\採点レポート\OthelloClient\data\evaluation-tables.bin)",18CD490619DC45974F8D968E05E457D1F2DFA2B1BD58DE10B5E2938CA074E9BA,20260721,timed,8,6,1,18,021E026520202000,00001D1818080000,1,64,500,11,48,-5174,500.616800,787872,1573803,632832,155040,0.196783,54,36062;11880;9644;7680;29194;40826;19754,0,0,true,0,0,24500,165640,200,4128,295,120,5,6,25037,true,
parallel-search-v3,2026-07-21T13:32:41.843714500Z,2e76c1843c74fbcd2f5bf03990d474a5079fdf31,6E118C928729E003E89742D3B57FE6ED35FA9233A38DBE8AF852041EBEE39457,21,Windows 11,10.0,20,"learned-table-v1 (scoreScale=6400, divisor=1, bound=75962, path=D:\採点レポート\OthelloClient\data\evaluation-tables.bin)",18CD490619DC45974F8D968E05E457D1F2DFA2B1BD58DE10B5E2938CA074E9BA,20260721,timed,1,6,1,18,021E026520202000,00001D1818080000,1,64,500,11,48,-5174,500.238000,745472,1490235,745472,0,0.000000,0,,0,0,true,0,0,24060,158818,200,3892,243,116,5,6,24922,true,
parallel-search-v3,2026-07-21T13:32:41.843714500Z,2e76c1843c74fbcd2f5bf03990d474a5079fdf31,6E118C928729E003E89742D3B57FE6ED35FA9233A38DBE8AF852041EBEE39457,21,Windows 11,10.0,20,"learned-table-v1 (scoreScale=6400, divisor=1, bound=75962, path=D:\採点レポート\OthelloClient\data\evaluation-tables.bin)",18CD490619DC45974F8D968E05E457D1F2DFA2B1BD58DE10B5E2938CA074E9BA,20260721,timed,2,6,1,18,021E026520202000,00001D1818080000,1,64,500,11,48,-5174,500.657500,723501,1445102,568320,155181,0.214486,54,155181,0,0,true,0,0,23633,154992,200,3786,224,114,5,6,24895,true,
parallel-search-v3,2026-07-21T13:32:41.843714500Z,2e76c1843c74fbcd2f5bf03990d474a5079fdf31,6E118C928729E003E89742D3B57FE6ED35FA9233A38DBE8AF852041EBEE39457,21,Windows 11,10.0,20,"learned-table-v1 (scoreScale=6400, divisor=1, bound=75962, path=D:\採点レポート\OthelloClient\data\evaluation-tables.bin)",18CD490619DC45974F8D968E05E457D1F2DFA2B1BD58DE10B5E2938CA074E9BA,20260721,timed,4,6,1,18,021E026520202000,00001D1818080000,1,64,500,11,48,-5174,500.046700,772587,1545030,617472,155115,0.200774,54,59115;52336;43664,0,0,true,0,0,24376,163280,200,4039,275,118,5,6,25042,true,
parallel-search-v3,2026-07-21T13:32:41.843714500Z,2e76c1843c74fbcd2f5bf03990d474a5079fdf31,6E118C928729E003E89742D3B57FE6ED35FA9233A38DBE8AF852041EBEE39457,21,Windows 11,10.0,20,"learned-table-v1 (scoreScale=6400, divisor=1, bound=75962, path=D:\採点レポート\OthelloClient\data\evaluation-tables.bin)",18CD490619DC45974F8D968E05E457D1F2DFA2B1BD58DE10B5E2938CA074E9BA,20260721,timed,1,7,1,25,0858607070301000,20039E8E08080000,-1,64,500,9,13,-116,500.128500,741376,1482371,741376,0,0.000000,0,,0,0,true,0,0,21474,169016,220,3844,71,46,2,0,7994,true,
parallel-search-v3,2026-07-21T13:32:41.843714500Z,2e76c1843c74fbcd2f5bf03990d474a5079fdf31,6E118C928729E003E89742D3B57FE6ED35FA9233A38DBE8AF852041EBEE39457,21,Windows 11,10.0,20,"learned-table-v1 (scoreScale=6400, divisor=1, bound=75962, path=D:\採点レポート\OthelloClient\data\evaluation-tables.bin)",18CD490619DC45974F8D968E05E457D1F2DFA2B1BD58DE10B5E2938CA074E9BA,20260721,timed,2,7,1,25,0858607070301000,20039E8E08080000,-1,64,500,9,13,-116,500.343500,625347,1249835,252298,373049,0.596547,104,373049,0,0,true,0,0,17613,140275,220,3058,55,27,0,0,5244,true,
parallel-search-v3,2026-07-21T13:32:41.843714500Z,2e76c1843c74fbcd2f5bf03990d474a5079fdf31,6E118C928729E003E89742D3B57FE6ED35FA9233A38DBE8AF852041EBEE39457,21,Windows 11,10.0,20,"learned-table-v1 (scoreScale=6400, divisor=1, bound=75962, path=D:\採点レポート\OthelloClient\data\evaluation-tables.bin)",18CD490619DC45974F8D968E05E457D1F2DFA2B1BD58DE10B5E2938CA074E9BA,20260721,timed,4,7,1,25,0858607070301000,20039E8E08080000,-1,64,500,10,13,-59,500.620900,948045,1893738,371712,576333,0.607917,104,171135;223986;181212,0,0,true,0,0,28138,215715,229,5628,85,69,3,0,12741,true,
parallel-search-v3,2026-07-21T13:32:41.843714500Z,2e76c1843c74fbcd2f5bf03990d474a5079fdf31,6E118C928729E003E89742D3B57FE6ED35FA9233A38DBE8AF852041EBEE39457,21,Windows 11,10.0,20,"learned-table-v1 (scoreScale=6400, divisor=1, bound=75962, path=D:\採点レポート\OthelloClient\data\evaluation-tables.bin)",18CD490619DC45974F8D968E05E457D1F2DFA2B1BD58DE10B5E2938CA074E9BA,20260721,timed,8,7,1,25,0858607070301000,20039E8E08080000,-1,64,500,10,13,-59,500.099700,1048800,2097182,472064,576736,0.549901,104,85680;79982;129415;67177;66876;66653;80953,0,0,true,0,0,30564,239606,233,6190,93,76,3,0,13653,true,
