benchmarkVersion,generatedAtUtc,gitRevision,modelSha256,javaVersion,osName,osVersion,availableProcessors,evaluator,suiteSha256,seed,mode,threads,position,repetition,targetPly,black,white,color,depthLimit,timeLimitMillis,completedDepth,bestSquare,score,elapsedMillis,nodes,nodesPerSecond,mainThreadNodes,parallelNodes,workerShare,parallelTasks,parallelWorkerNodes,transpositionHits,betaCutoffs,pvsResearches,timedOut,consistent
parallel-search-v1,2026-07-21T05:16:42.615421700Z,e6c74913a4a77a60ade287d119f1052b0970ac89,6E118C928729E003E89742D3B57FE6ED35FA9233A38DBE8AF852041EBEE39457,21,Windows 11,10.0,20,"learned-table-v1 (scoreScale=6400, divisor=1, bound=75962, path=D:\採点レポート\OthelloClient\data\evaluation-tables.bin)",18CD490619DC45974F8D968E05E457D1F2DFA2B1BD58DE10B5E2938CA074E9BA,20260721,fixed,1,0,0,29,3F362F263A020200,4048501904000000,-1,9,60000,9,18,-287,89.947800,81467,905714,81467,0,0.000000,0,,26185,18535,107,false,true
parallel-search-v1,2026-07-21T05:16:42.615421700Z,e6c74913a4a77a60ade287d119f1052b0970ac89,6E118C928729E003E89742D3B57FE6ED35FA9233A38DBE8AF852041EBEE39457,21,Windows 11,10.0,20,"learned-table-v1 (scoreScale=6400, divisor=1, bound=75962, path=D:\採点レポート\OthelloClient\data\evaluation-tables.bin)",18CD490619DC45974F8D968E05E457D1F2DFA2B1BD58DE10B5E2938CA074E9BA,20260721,fixed,2,0,0,29,3F362F263A020200,4048501904000000,-1,9,60000,9,18,-287,69.672100,82179,1179511,54983,27196,0.330936,7,27196,26176,18764,122,false,true
parallel-search-v1,2026-07-21T05:16:42.615421700Z,e6c74913a4a77a60ade287d119f1052b0970ac89,6E118C928729E003E89742D3B57FE6ED35FA9233A38DBE8AF852041EBEE39457,21,Windows 11,10.0,20,"learned-table-v1 (scoreScale=6400, divisor=1, bound=75962, path=D:\採点レポート\OthelloClient\data\evaluation-tables.bin)",18CD490619DC45974F8D968E05E457D1F2DFA2B1BD58DE10B5E2938CA074E9BA,20260721,fixed,4,0,0,29,3F362F263A020200,4048501904000000,-1,9,60000,9,18,-287,50.020700,85248,1704254,43184,42064,0.493431,21,12506;18257;11301,27555,19171,126,false,true
parallel-search-v1,2026-07-21T05:16:42.615421700Z,e6c74913a4a77a60ade287d119f1052b0970ac89,6E118C928729E003E89742D3B57FE6ED35FA9233A38DBE8AF852041EBEE39457,21,Windows 11,10.0,20,"learned-table-v1 (scoreScale=6400, divisor=1, bound=75962, path=D:\採点レポート\OthelloClient\data\evaluation-tables.bin)",18CD490619DC45974F8D968E05E457D1F2DFA2B1BD58DE10B5E2938CA074E9BA,20260721,fixed,8,0,0,29,3F362F263A020200,4048501904000000,-1,9,60000,9,18,-287,73.007600,87199,1194383,38520,48679,0.558252,49,7808;5179;8938;4021;10651;4719;7363,28992,19297,140,false,true
parallel-search-v1,2026-07-21T05:16:42.615421700Z,e6c74913a4a77a60ade287d119f1052b0970ac89,6E118C928729E003E89742D3B57FE6ED35FA9233A38DBE8AF852041EBEE39457,21,Windows 11,10.0,20,"learned-table-v1 (scoreScale=6400, divisor=1, bound=75962, path=D:\採点レポート\OthelloClient\data\evaluation-tables.bin)",18CD490619DC45974F8D968E05E457D1F2DFA2B1BD58DE10B5E2938CA074E9BA,20260721,fixed,2,1,0,23,0440387020544040,081E000E18280800,-1,9,60000,9,30,1059,729.049900,884265,1212901,525521,358744,0.405697,7,358744,155932,160716,463,false,true
parallel-search-v1,2026-07-21T05:16:42.615421700Z,e6c74913a4a77a60ade287d119f1052b0970ac89,6E118C928729E003E89742D3B57FE6ED35FA9233A38DBE8AF852041EBEE39457,21,Windows 11,10.0,20,"learned-table-v1 (scoreScale=6400, divisor=1, bound=75962, path=D:\採点レポート\OthelloClient\data\evaluation-tables.bin)",18CD490619DC45974F8D968E05E457D1F2DFA2B1BD58DE10B5E2938CA074E9BA,20260721,fixed,4,1,0,23,0440387020544040,081E000E18280800,-1,9,60000,9,30,1059,551.544700,951734,1725579,435052,516682,0.542885,21,190150;169574;156958,170341,173103,666,false,true
parallel-search-v1,2026-07-21T05:16:42.615421700Z,e6c74913a4a77a60ade287d119f1052b0970ac89,6E118C928729E003E89742D3B57FE6ED35FA9233A38DBE8AF852041EBEE39457,21,Windows 11,10.0,20,"learned-table-v1 (scoreScale=6400, divisor=1, bound=75962, path=D:\採点レポート\OthelloClient\data\evaluation-tables.bin)",18CD490619DC45974F8D968E05E457D1F2DFA2B1BD58DE10B5E2938CA074E9BA,20260721,fixed,8,1,0,23,0440387020544040,081E000E18280800,-1,9,60000,9,30,1059,533.467300,1002222,1878694,290056,712166,0.710587,49,56711;104705;133116;114880;70495;108834;123425,178716,178322,661,false,true
parallel-search-v1,2026-07-21T05:16:42.615421700Z,e6c74913a4a77a60ade287d119f1052b0970ac89,6E118C928729E003E89742D3B57FE6ED35FA9233A38DBE8AF852041EBEE39457,21,Windows 11,10.0,20,"learned-table-v1 (scoreScale=6400, divisor=1, bound=75962, path=D:\採点レポート\OthelloClient\data\evaluation-tables.bin)",18CD490619DC45974F8D968E05E457D1F2DFA2B1BD58DE10B5E2938CA074E9BA,20260721,fixed,1,1,0,23,0440387020544040,081E000E18280800,-1,9,60000,9,30,1059,1129.204800,825907,731406,825907,0,0.000000,0,,149170,149813,389,false,true
parallel-search-v1,2026-07-21T05:16:42.615421700Z,e6c74913a4a77a60ade287d119f1052b0970ac89,6E118C928729E003E89742D3B57FE6ED35FA9233A38DBE8AF852041EBEE39457,21,Windows 11,10.0,20,"learned-table-v1 (scoreScale=6400, divisor=1, bound=75962, path=D:\採点レポート\OthelloClient\data\evaluation-tables.bin)",18CD490619DC45974F8D968E05E457D1F2DFA2B1BD58DE10B5E2938CA074E9BA,20260721,fixed,4,2,0,29,040010F300102040,10088C0C3E6F1222,-1,9,60000,9,11,-1057,107.932800,118588,1098721,67450,51138,0.431224,21,18104;17369;15665,46715,29705,101,false,true
parallel-search-v1,2026-07-21T05:16:42.615421700Z,e6c74913a4a77a60ade287d119f1052b0970ac89,6E118C928729E003E89742D3B57FE6ED35FA9233A38DBE8AF852041EBEE39457,21,Windows 11,10.0,20,"learned-table-v1 (scoreScale=6400, divisor=1, bound=75962, path=D:\採点レポート\OthelloClient\data\evaluation-tables.bin)",18CD490619DC45974F8D968E05E457D1F2DFA2B1BD58DE10B5E2938CA074E9BA,20260721,fixed,8,2,0,29,040010F300102040,10088C0C3E6F1222,-1,9,60000,9,11,-1057,137.238400,119092,867775,58761,60331,0.506592,49,9729;9906;8279;7903;8354;8134;8026,47120,29812,101,false,true
parallel-search-v1,2026-07-21T05:16:42.615421700Z,e6c74913a4a77a60ade287d119f1052b0970ac89,6E118C928729E003E89742D3B57FE6ED35FA9233A38DBE8AF852041EBEE39457,21,Windows 11,10.0,20,"learned-table-v1 (scoreScale=6400, divisor=1, bound=75962, path=D:\採点レポート\OthelloClient\data\evaluation-tables.bin)",18CD490619DC45974F8D968E05E457D1F2DFA2B1BD58DE10B5E2938CA074E9BA,20260721,fixed,1,2,0,29,040010F300102040,10088C0C3E6F1222,-1,9,60000,9,11,-1057,162.230900,118238,728825,118238,0,0.000000,0,,45609,29608,101,false,true
parallel-search-v1,2026-07-21T05:16:42.615421700Z,e6c74913a4a77a60ade287d119f1052b0970ac89,6E118C928729E003E89742D3B57FE6ED35FA9233A38DBE8AF852041EBEE39457,21,Windows 11,10.0,20,"learned-table-v1 (scoreScale=6400, divisor=1, bound=75962, path=D:\採点レポート\OthelloClient\data\evaluation-tables.bin)",18CD490619DC45974F8D968E05E457D1F2DFA2B1BD58DE10B5E2938CA074E9BA,20260721,fixed,2,2,0,29,040010F300102040,10088C0C3E6F1222,-1,9,60000,9,11,-1057,125.941300,117536,933260,84434,33102,0.281633,7,33102,45957,29495,101,false,true
parallel-search-v1,2026-07-21T05:16:42.615421700Z,e6c74913a4a77a60ade287d119f1052b0970ac89,6E118C928729E003E89742D3B57FE6ED35FA9233A38DBE8AF852041EBEE39457,21,Windows 11,10.0,20,"learned-table-v1 (scoreScale=6400, divisor=1, bound=75962, path=D:\採点レポート\OthelloClient\data\evaluation-tables.bin)",18CD490619DC45974F8D968E05E457D1F2DFA2B1BD58DE10B5E2938CA074E9BA,20260721,fixed,8,3,0,30,201009113D0C8400,012E764E02F00000,1,9,60000,9,60,-928,207.012200,319789,1544783,134321,185468,0.579970,49,24633;29403;26385;26754;22605;28008;27680,85669,60179,133,false,true
parallel-search-v1,2026-07-21T05:16:42.615421700Z,e6c74913a4a77a60ade287d119f1052b0970ac89,6E118C928729E003E89742D3B57FE6ED35FA9233A38DBE8AF852041EBEE39457,21,Windows 11,10.0,20,"learned-table-v1 (scoreScale=6400, divisor=1, bound=75962, path=D:\採点レポート\OthelloClient\data\evaluation-tables.bin)",18CD490619DC45974F8D968E05E457D1F2DFA2B1BD58DE10B5E2938CA074E9BA,20260721,fixed,1,3,0,30,201009113D0C8400,012E764E02F00000,1,9,60000,9,60,-928,436.717000,318625,729591,318625,0,0.000000,0,,84469,60262,121,false,true
parallel-search-v1,2026-07-21T05:16:42.615421700Z,e6c74913a4a77a60ade287d119f1052b0970ac89,6E118C928729E003E89742D3B57FE6ED35FA9233A38DBE8AF852041EBEE39457,21,Windows 11,10.0,20,"learned-table-v1 (scoreScale=6400, divisor=1, bound=75962, path=D:\採点レポート\OthelloClient\data\evaluation-tables.bin)",18CD490619DC45974F8D968E05E457D1F2DFA2B1BD58DE10B5E2938CA074E9BA,20260721,fixed,2,3,0,30,201009113D0C8400,012E764E02F00000,1,9,60000,9,60,-928,286.935900,318619,1110419,218227,100392,0.315085,7,100392,84479,60294,121,false,true
parallel-search-v1,2026-07-21T05:16:42.615421700Z,e6c74913a4a77a60ade287d119f1052b0970ac89,6E118C928729E003E89742D3B57FE6ED35FA9233A38DBE8AF852041EBEE39457,21,Windows 11,10.0,20,"learned-table-v1 (scoreScale=6400, divisor=1, bound=75962, path=D:\採点レポート\OthelloClient\data\evaluation-tables.bin)",18CD490619DC45974F8D968E05E457D1F2DFA2B1BD58DE10B5E2938CA074E9BA,20260721,fixed,4,3,0,30,201009113D0C8400,012E764E02F00000,1,9,60000,9,60,-928,232.035100,319812,1378291,167363,152449,0.476683,21,57459;50339;44651,84886,60478,125,false,true
parallel-search-v1,2026-07-21T05:16:42.615421700Z,e6c74913a4a77a60ade287d119f1052b0970ac89,6E118C928729E003E89742D3B57FE6ED35FA9233A38DBE8AF852041EBEE39457,21,Windows 11,10.0,20,"learned-table-v1 (scoreScale=6400, divisor=1, bound=75962, path=D:\採点レポート\OthelloClient\data\evaluation-tables.bin)",18CD490619DC45974F8D968E05E457D1F2DFA2B1BD58DE10B5E2938CA074E9BA,20260721,fixed,1,4,0,24,1038040200C00000,408250F858385402,1,9,60000,9,56,4480,50.044400,38903,777370,38903,0,0.000000,0,,12433,8256,19,false,true
parallel-search-v1,2026-07-21T05:16:42.615421700Z,e6c74913a4a77a60ade287d119f1052b0970ac89,6E118C928729E003E89742D3B57FE6ED35FA9233A38DBE8AF852041EBEE39457,21,Windows 11,10.0,20,"learned-table-v1 (scoreScale=6400, divisor=1, bound=75962, path=D:\採点レポート\OthelloClient\data\evaluation-tables.bin)",18CD490619DC45974F8D968E05E457D1F2DFA2B1BD58DE10B5E2938CA074E9BA,20260721,fixed,2,4,0,24,1038040200C00000,408250F858385402,1,9,60000,9,56,4480,32.352800,38919,1202956,22261,16658,0.428017,7,16658,12439,8260,19,false,true
parallel-search-v1,2026-07-21T05:16:42.615421700Z,e6c74913a4a77a60ade287d119f1052b0970ac89,6E118C928729E003E89742D3B57FE6ED35FA9233A38DBE8AF852041EBEE39457,21,Windows 11,10.0,20,"learned-table-v1 (scoreScale=6400, divisor=1, bound=75962, path=D:\採点レポート\OthelloClient\data\evaluation-tables.bin)",18CD490619DC45974F8D968E05E457D1F2DFA2B1BD58DE10B5E2938CA074E9BA,20260721,fixed,4,4,0,24,1038040200C00000,408250F858385402,1,9,60000,9,56,4480,27.926400,38930,1394021,16273,22657,0.581993,21,5470;11009;6178,12449,8263,19,false,true
parallel-search-v1,2026-07-21T05:16:42.615421700Z,e6c74913a4a77a60ade287d119f1052b0970ac89,6E118C928729E003E89742D3B57FE6ED35FA9233A38DBE8AF852041EBEE39457,21,Windows 11,10.0,20,"learned-table-v1 (scoreScale=6400, divisor=1, bound=75962, path=D:\採点レポート\OthelloClient\data\evaluation-tables.bin)",18CD490619DC45974F8D968E05E457D1F2DFA2B1BD58DE10B5E2938CA074E9BA,20260721,fixed,8,4,0,24,1038040200C00000,408250F858385402,1,9,60000,9,56,4480,24.659700,38935,1578892,10055,28880,0.741749,49,2507;4921;8299;2556;1597;6631;2369,12452,8264,19,false,true
parallel-search-v1,2026-07-21T05:16:42.615421700Z,e6c74913a4a77a60ade287d119f1052b0970ac89,6E118C928729E003E89742D3B57FE6ED35FA9233A38DBE8AF852041EBEE39457,21,Windows 11,10.0,20,"learned-table-v1 (scoreScale=6400, divisor=1, bound=75962, path=D:\採点レポート\OthelloClient\data\evaluation-tables.bin)",18CD490619DC45974F8D968E05E457D1F2DFA2B1BD58DE10B5E2938CA074E9BA,20260721,fixed,2,5,0,32,002071AEC8A02020,88500C10355E9040,1,9,60000,9,7,1677,284.609700,327223,1149725,187633,139590,0.426590,7,139590,82653,66374,142,false,true
parallel-search-v1,2026-07-21T05:16:42.615421700Z,e6c74913a4a77a60ade287d119f1052b0970ac89,6E118C928729E003E89742D3B57FE6ED35FA9233A38DBE8AF852041EBEE39457,21,Windows 11,10.0,20,"learned-table-v1 (scoreScale=6400, divisor=1, bound=75962, path=D:\採点レポート\OthelloClient\data\evaluation-tables.bin)",18CD490619DC45974F8D968E05E457D1F2DFA2B1BD58DE10B5E2938CA074E9BA,20260721,fixed,4,5,0,32,002071AEC8A02020,88500C10355E9040,1,9,60000,9,7,1677,196.197300,337515,1720284,117521,219994,0.651805,21,70060;81514;68420,83605,68236,145,false,true
parallel-search-v1,2026-07-21T05:16:42.615421700Z,e6c74913a4a77a60ade287d119f1052b0970ac89,6E118C928729E003E89742D3B57FE6ED35FA9233A38DBE8AF852041EBEE39457,21,Windows 11,10.0,20,"learned-table-v1 (scoreScale=6400, divisor=1, bound=75962, path=D:\採点レポート\OthelloClient\data\evaluation-tables.bin)",18CD490619DC45974F8D968E05E457D1F2DFA2B1BD58DE10B5E2938CA074E9BA,20260721,fixed,8,5,0,32,002071AEC8A02020,88500C10355E9040,1,9,60000,9,7,1677,162.363700,340568,2097562,88004,252564,0.741596,49,35931;38732;32583;34550;51054;26949;32765,86416,68517,155,false,true
parallel-search-v1,2026-07-21T05:16:42.615421700Z,e6c74913a4a77a60ade287d119f1052b0970ac89,6E118C928729E003E89742D3B57FE6ED35FA9233A38DBE8AF852041EBEE39457,21,Windows 11,10.0,20,"learned-table-v1 (scoreScale=6400, divisor=1, bound=75962, path=D:\採点レポート\OthelloClient\data\evaluation-tables.bin)",18CD490619DC45974F8D968E05E457D1F2DFA2B1BD58DE10B5E2938CA074E9BA,20260721,fixed,1,5,0,32,002071AEC8A02020,88500C10355E9040,1,9,60000,9,7,1677,480.390200,327046,680792,327046,0,0.000000,0,,81993,66210,142,false,true
parallel-search-v1,2026-07-21T05:16:42.615421700Z,e6c74913a4a77a60ade287d119f1052b0970ac89,6E118C928729E003E89742D3B57FE6ED35FA9233A38DBE8AF852041EBEE39457,21,Windows 11,10.0,20,"learned-table-v1 (scoreScale=6400, divisor=1, bound=75962, path=D:\採点レポート\OthelloClient\data\evaluation-tables.bin)",18CD490619DC45974F8D968E05E457D1F2DFA2B1BD58DE10B5E2938CA074E9BA,20260721,fixed,4,6,0,18,021E026520202000,00001D1818080000,1,9,60000,9,48,-4919,148.717500,135288,909698,76870,58418,0.431805,21,21830;31170;5418,33335,33185,242,false,true
parallel-search-v1,2026-07-21T05:16:42.615421700Z,e6c74913a4a77a60ade287d119f1052b0970ac89,6E118C928729E003E89742D3B57FE6ED35FA9233A38DBE8AF852041EBEE39457,21,Windows 11,10.0,20,"learned-table-v1 (scoreScale=6400, divisor=1, bound=75962, path=D:\採点レポート\OthelloClient\data\evaluation-tables.bin)",18CD490619DC45974F8D968E05E457D1F2DFA2B1BD58DE10B5E2938CA074E9BA,20260721,fixed,8,6,0,18,021E026520202000,00001D1818080000,1,9,60000,9,48,-4919,144.602800,135283,935549,74605,60678,0.448526,42,1879;1257;1303;29480;20612;1694;4453,33326,33181,242,false,true
parallel-search-v1,2026-07-21T05:16:42.615421700Z,e6c74913a4a77a60ade287d119f1052b0970ac89,6E118C928729E003E89742D3B57FE6ED35FA9233A38DBE8AF852041EBEE39457,21,Windows 11,10.0,20,"learned-table-v1 (scoreScale=6400, divisor=1, bound=75962, path=D:\採点レポート\OthelloClient\data\evaluation-tables.bin)",18CD490619DC45974F8D968E05E457D1F2DFA2B1BD58DE10B5E2938CA074E9BA,20260721,fixed,1,6,0,18,021E026520202000,00001D1818080000,1,9,60000,9,48,-4919,175.023800,105633,603535,105633,0,0.000000,0,,31570,29563,202,false,true
parallel-search-v1,2026-07-21T05:16:42.615421700Z,e6c74913a4a77a60ade287d119f1052b0970ac89,6E118C928729E003E89742D3B57FE6ED35FA9233A38DBE8AF852041EBEE39457,21,Windows 11,10.0,20,"learned-table-v1 (scoreScale=6400, divisor=1, bound=75962, path=D:\採点レポート\OthelloClient\data\evaluation-tables.bin)",18CD490619DC45974F8D968E05E457D1F2DFA2B1BD58DE10B5E2938CA074E9BA,20260721,fixed,2,6,0,18,021E026520202000,00001D1818080000,1,9,60000,9,48,-4919,149.260800,133936,897329,109228,24708,0.184476,7,24708,33321,33025,242,false,true
parallel-search-v1,2026-07-21T05:16:42.615421700Z,e6c74913a4a77a60ade287d119f1052b0970ac89,6E118C928729E003E89742D3B57FE6ED35FA9233A38DBE8AF852041EBEE39457,21,Windows 11,10.0,20,"learned-table-v1 (scoreScale=6400, divisor=1, bound=75962, path=D:\採点レポート\OthelloClient\data\evaluation-tables.bin)",18CD490619DC45974F8D968E05E457D1F2DFA2B1BD58DE10B5E2938CA074E9BA,20260721,fixed,8,7,0,25,0858607070301000,20039E8E08080000,-1,9,60000,9,13,-116,409.346200,497030,1214205,120191,376839,0.758182,49,182092;26655;36533;30334;29896;40479;30850,105885,102658,363,false,true
parallel-search-v1,2026-07-21T05:16:42.615421700Z,e6c74913a4a77a60ade287d119f1052b0970ac89,6E118C928729E003E89742D3B57FE6ED35FA9233A38DBE8AF852041EBEE39457,21,Windows 11,10.0,20,"learned-table-v1 (scoreScale=6400, divisor=1, bound=75962, path=D:\採点レポート\OthelloClient\data\evaluation-tables.bin)",18CD490619DC45974F8D968E05E457D1F2DFA2B1BD58DE10B5E2938CA074E9BA,20260721,fixed,1,7,0,25,0858607070301000,20039E8E08080000,-1,9,60000,9,13,-116,681.115900,522324,766865,522324,0,0.000000,0,,103953,108240,337,false,true
parallel-search-v1,2026-07-21T05:16:42.615421700Z,e6c74913a4a77a60ade287d119f1052b0970ac89,6E118C928729E003E89742D3B57FE6ED35FA9233A38DBE8AF852041EBEE39457,21,Windows 11,10.0,20,"learned-table-v1 (scoreScale=6400, divisor=1, bound=75962, path=D:\採点レポート\OthelloClient\data\evaluation-tables.bin)",18CD490619DC45974F8D968E05E457D1F2DFA2B1BD58DE10B5E2938CA074E9BA,20260721,fixed,2,7,0,25,0858607070301000,20039E8E08080000,-1,9,60000,9,13,-116,520.877000,523407,1004857,231122,292285,0.558428,7,292285,104157,108591,339,false,true
parallel-search-v1,2026-07-21T05:16:42.615421700Z,e6c74913a4a77a60ade287d119f1052b0970ac89,6E118C928729E003E89742D3B57FE6ED35FA9233A38DBE8AF852041EBEE39457,21,Windows 11,10.0,20,"learned-table-v1 (scoreScale=6400, divisor=1, bound=75962, path=D:\採点レポート\OthelloClient\data\evaluation-tables.bin)",18CD490619DC45974F8D968E05E457D1F2DFA2B1BD58DE10B5E2938CA074E9BA,20260721,fixed,4,7,0,25,0858607070301000,20039E8E08080000,-1,9,60000,9,13,-116,402.221100,527741,1312067,166213,361528,0.685048,21,67446;229516;64566,105233,109313,335,false,true
parallel-search-v1,2026-07-21T05:16:42.615421700Z,e6c74913a4a77a60ade287d119f1052b0970ac89,6E118C928729E003E89742D3B57FE6ED35FA9233A38DBE8AF852041EBEE39457,21,Windows 11,10.0,20,"learned-table-v1 (scoreScale=6400, divisor=1, bound=75962, path=D:\採点レポート\OthelloClient\data\evaluation-tables.bin)",18CD490619DC45974F8D968E05E457D1F2DFA2B1BD58DE10B5E2938CA074E9BA,20260721,fixed,2,0,1,29,3F362F263A020200,4048501904000000,-1,9,60000,9,18,-287,64.228400,82227,1280228,54477,27750,0.337480,7,27750,26217,18771,122,false,true
parallel-search-v1,2026-07-21T05:16:42.615421700Z,e6c74913a4a77a60ade287d119f1052b0970ac89,6E118C928729E003E89742D3B57FE6ED35FA9233A38DBE8AF852041EBEE39457,21,Windows 11,10.0,20,"learned-table-v1 (scoreScale=6400, divisor=1, bound=75962, path=D:\採点レポート\OthelloClient\data\evaluation-tables.bin)",18CD490619DC45974F8D968E05E457D1F2DFA2B1BD58DE10B5E2938CA074E9BA,20260721,fixed,4,0,1,29,3F362F263A020200,4048501904000000,-1,9,60000,9,18,-287,50.441700,85432,1693678,48181,37251,0.436031,21,10799;13854;12598,27684,19200,126,false,true
parallel-search-v1,2026-07-21T05:16:42.615421700Z,e6c74913a4a77a60ade287d119f1052b0970ac89,6E118C928729E003E89742D3B57FE6ED35FA9233A38DBE8AF852041EBEE39457,21,Windows 11,10.0,20,"learned-table-v1 (scoreScale=6400, divisor=1, bound=75962, path=D:\採点レポート\OthelloClient\data\evaluation-tables.bin)",18CD490619DC45974F8D968E05E457D1F2DFA2B1BD58DE10B5E2938CA074E9BA,20260721,fixed,8,0,1,29,3F362F263A020200,4048501904000000,-1,9,60000,9,18,-287,51.547900,87183,1691301,42306,44877,0.514745,49,7259;6518;8289;5232;5058;8578;3943,28996,19297,140,false,true
parallel-search-v1,2026-07-21T05:16:42.615421700Z,e6c74913a4a77a60ade287d119f1052b0970ac89,6E118C928729E003E89742D3B57FE6ED35FA9233A38DBE8AF852041EBEE39457,21,Windows 11,10.0,20,"learned-table-v1 (scoreScale=6400, divisor=1, bound=75962, path=D:\採点レポート\OthelloClient\data\evaluation-tables.bin)",18CD490619DC45974F8D968E05E457D1F2DFA2B1BD58DE10B5E2938CA074E9BA,20260721,fixed,1,0,1,29,3F362F263A020200,4048501904000000,-1,9,60000,9,18,-287,87.897400,81467,926842,81467,0,0.000000,0,,26185,18535,107,false,true
parallel-search-v1,2026-07-21T05:16:42.615421700Z,e6c74913a4a77a60ade287d119f1052b0970ac89,6E118C928729E003E89742D3B57FE6ED35FA9233A38DBE8AF852041EBEE39457,21,Windows 11,10.0,20,"learned-table-v1 (scoreScale=6400, divisor=1, bound=75962, path=D:\採点レポート\OthelloClient\data\evaluation-tables.bin)",18CD490619DC45974F8D968E05E457D1F2DFA2B1BD58DE10B5E2938CA074E9BA,20260721,fixed,4,1,1,23,0440387020544040,081E000E18280800,-1,9,60000,9,30,1059,589.294300,972719,1650651,411311,561408,0.577153,21,199910;173927;187571,172021,175768,666,false,true
parallel-search-v1,2026-07-21T05:16:42.615421700Z,e6c74913a4a77a60ade287d119f1052b0970ac89,6E118C928729E003E89742D3B57FE6ED35FA9233A38DBE8AF852041EBEE39457,21,Windows 11,10.0,20,"learned-table-v1 (scoreScale=6400, divisor=1, bound=75962, path=D:\採点レポート\OthelloClient\data\evaluation-tables.bin)",18CD490619DC45974F8D968E05E457D1F2DFA2B1BD58DE10B5E2938CA074E9BA,20260721,fixed,8,1,1,23,0440387020544040,081E000E18280800,-1,9,60000,9,30,1059,549.136000,1001433,1823652,290422,711011,0.709994,49,71776;114590;62853;124089;134942;93759;109002,178144,178217,661,false,true
parallel-search-v1,2026-07-21T05:16:42.615421700Z,e6c74913a4a77a60ade287d119f1052b0970ac89,6E118C928729E003E89742D3B57FE6ED35FA9233A38DBE8AF852041EBEE39457,21,Windows 11,10.0,20,"learned-table-v1 (scoreScale=6400, divisor=1, bound=75962, path=D:\採点レポート\OthelloClient\data\evaluation-tables.bin)",18CD490619DC45974F8D968E05E457D1F2DFA2B1BD58DE10B5E2938CA074E9BA,20260721,fixed,1,1,1,23,0440387020544040,081E000E18280800,-1,9,60000,9,30,1059,1022.901800,825907,807416,825907,0,0.000000,0,,149170,149813,389,false,true
parallel-search-v1,2026-07-21T05:16:42.615421700Z,e6c74913a4a77a60ade287d119f1052b0970ac89,6E118C928729E003E89742D3B57FE6ED35FA9233A38DBE8AF852041EBEE39457,21,Windows 11,10.0,20,"learned-table-v1 (scoreScale=6400, divisor=1, bound=75962, path=D:\採点レポート\OthelloClient\data\evaluation-tables.bin)",18CD490619DC45974F8D968E05E457D1F2DFA2B1BD58DE10B5E2938CA074E9BA,20260721,fixed,2,1,1,23,0440387020544040,081E000E18280800,-1,9,60000,9,30,1059,757.452200,884710,1168008,561013,323697,0.365879,7,323697,156595,160745,463,false,true
parallel-search-v1,2026-07-21T05:16:42.615421700Z,e6c74913a4a77a60ade287d119f1052b0970ac89,6E118C928729E003E89742D3B57FE6ED35FA9233A38DBE8AF852041EBEE39457,21,Windows 11,10.0,20,"learned-table-v1 (scoreScale=6400, divisor=1, bound=75962, path=D:\採点レポート\OthelloClient\data\evaluation-tables.bin)",18CD490619DC45974F8D968E05E457D1F2DFA2B1BD58DE10B5E2938CA074E9BA,20260721,fixed,8,2,1,29,040010F300102040,10088C0C3E6F1222,-1,9,60000,9,11,-1057,89.784600,118672,1321741,58880,59792,0.503843,49,7765;11928;11309;7615;7023;6803;7349,46903,29717,101,false,true
parallel-search-v1,2026-07-21T05:16:42.615421700Z,e6c74913a4a77a60ade287d119f1052b0970ac89,6E118C928729E003E89742D3B57FE6ED35FA9233A38DBE8AF852041EBEE39457,21,Windows 11,10.0,20,"learned-table-v1 (scoreScale=6400, divisor=1, bound=75962, path=D:\採点レポート\OthelloClient\data\evaluation-tables.bin)",18CD490619DC45974F8D968E05E457D1F2DFA2B1BD58DE10B5E2938CA074E9BA,20260721,fixed,1,2,1,29,040010F300102040,10088C0C3E6F1222,-1,9,60000,9,11,-1057,150.611700,118238,785052,118238,0,0.000000,0,,45609,29608,101,false,true
parallel-search-v1,2026-07-21T05:16:42.615421700Z,e6c74913a4a77a60ade287d119f1052b0970ac89,6E118C928729E003E89742D3B57FE6ED35FA9233A38DBE8AF852041EBEE39457,21,Windows 11,10.0,20,"learned-table-v1 (scoreScale=6400, divisor=1, bound=75962, path=D:\採点レポート\OthelloClient\data\evaluation-tables.bin)",18CD490619DC45974F8D968E05E457D1F2DFA2B1BD58DE10B5E2938CA074E9BA,20260721,fixed,2,2,1,29,040010F300102040,10088C0C3E6F1222,-1,9,60000,9,11,-1057,110.125700,117388,1065946,84431,32957,0.280753,7,32957,45873,29464,101,false,true
parallel-search-v1,2026-07-21T05:16:42.615421700Z,e6c74913a4a77a60ade287d119f1052b0970ac89,6E118C928729E003E89742D3B57FE6ED35FA9233A38DBE8AF852041EBEE39457,21,Windows 11,10.0,20,"learned-table-v1 (scoreScale=6400, divisor=1, bound=75962, path=D:\採点レポート\OthelloClient\data\evaluation-tables.bin)",18CD490619DC45974F8D968E05E457D1F2DFA2B1BD58DE10B5E2938CA074E9BA,20260721,fixed,4,2,1,29,040010F300102040,10088C0C3E6F1222,-1,9,60000,9,11,-1057,98.118100,119302,1215902,67412,51890,0.434947,21,15112;17909;18869,47162,29789,101,false,true
parallel-search-v1,2026-07-21T05:16:42.615421700Z,e6c74913a4a77a60ade287d119f1052b0970ac89,6E118C928729E003E89742D3B57FE6ED35FA9233A38DBE8AF852041EBEE39457,21,Windows 11,10.0,20,"learned-table-v1 (scoreScale=6400, divisor=1, bound=75962, path=D:\採点レポート\OthelloClient\data\evaluation-tables.bin)",18CD490619DC45974F8D968E05E457D1F2DFA2B1BD58DE10B5E2938CA074E9BA,20260721,fixed,1,3,1,30,201009113D0C8400,012E764E02F00000,1,9,60000,9,60,-928,417.587800,318625,763013,318625,0,0.000000,0,,84469,60262,121,false,true
parallel-search-v1,2026-07-21T05:16:42.615421700Z,e6c74913a4a77a60ade287d119f1052b0970ac89,6E118C928729E003E89742D3B57FE6ED35FA9233A38DBE8AF852041EBEE39457,21,Windows 11,10.0,20,"learned-table-v1 (scoreScale=6400, divisor=1, bound=75962, path=D:\採点レポート\OthelloClient\data\evaluation-tables.bin)",18CD490619DC45974F8D968E05E457D1F2DFA2B1BD58DE10B5E2938CA074E9BA,20260721,fixed,2,3,1,30,201009113D0C8400,012E764E02F00000,1,9,60000,9,60,-928,287.598000,318634,1107915,212102,106532,0.334340,7,106532,84490,60295,121,false,true
parallel-search-v1,2026-07-21T05:16:42.615421700Z,e6c74913a4a77a60ade287d119f1052b0970ac89,6E118C928729E003E89742D3B57FE6ED35FA9233A38DBE8AF852041EBEE39457,21,Windows 11,10.0,20,"learned-table-v1 (scoreScale=6400, divisor=1, bound=75962, path=D:\採点レポート\OthelloClient\data\evaluation-tables.bin)",18CD490619DC45974F8D968E05E457D1F2DFA2B1BD58DE10B5E2938CA074E9BA,20260721,fixed,4,3,1,30,201009113D0C8400,012E764E02F00000,1,9,60000,9,60,-928,214.307300,328007,1530545,160060,167947,0.512023,21,58413;57551;51983,86909,61587,129,false,true
parallel-search-v1,2026-07-21T05:16:42.615421700Z,e6c74913a4a77a60ade287d119f1052b0970ac89,6E118C928729E003E89742D3B57FE6ED35FA9233A38DBE8AF852041EBEE39457,21,Windows 11,10.0,20,"learned-table-v1 (scoreScale=6400, divisor=1, bound=75962, path=D:\採点レポート\OthelloClient\data\evaluation-tables.bin)",18CD490619DC45974F8D968E05E457D1F2DFA2B1BD58DE10B5E2938CA074E9BA,20260721,fixed,8,3,1,30,201009113D0C8400,012E764E02F00000,1,9,60000,9,60,-928,179.107300,320351,1788598,136300,184051,0.574529,49,25086;26774;30148;21558;28104;22346;30035,85987,60233,133,false,true
parallel-search-v1,2026-07-21T05:16:42.615421700Z,e6c74913a4a77a60ade287d119f1052b0970ac89,6E118C928729E003E89742D3B57FE6ED35FA9233A38DBE8AF852041EBEE39457,21,Windows 11,10.0,20,"learned-table-v1 (scoreScale=6400, divisor=1, bound=75962, path=D:\採点レポート\OthelloClient\data\evaluation-tables.bin)",18CD490619DC45974F8D968E05E457D1F2DFA2B1BD58DE10B5E2938CA074E9BA,20260721,fixed,2,4,1,24,1038040200C00000,408250F858385402,1,9,60000,9,56,4480,30.253400,38919,1286434,23566,15353,0.394486,7,15353,12438,8260,19,false,true
parallel-search-v1,2026-07-21T05:16:42.615421700Z,e6c74913a4a77a60ade287d119f1052b0970ac89,6E118C928729E003E89742D3B57FE6ED35FA9233A38DBE8AF852041EBEE39457,21,Windows 11,10.0,20,"learned-table-v1 (scoreScale=6400, divisor=1, bound=75962, path=D:\採点レポート\OthelloClient\data\evaluation-tables.bin)",18CD490619DC45974F8D968E05E457D1F2DFA2B1BD58DE10B5E2938CA074E9BA,20260721,fixed,4,4,1,24,1038040200C00000,408250F858385402,1,9,60000,9,56,4480,25.605200,38943,1520902,11581,27362,0.702617,21,10396;6139;10827,12457,8265,19,false,true
parallel-search-v1,2026-07-21T05:16:42.615421700Z,e6c74913a4a77a60ade287d119f1052b0970ac89,6E118C928729E003E89742D3B57FE6ED35FA9233A38DBE8AF852041EBEE39457,21,Windows 11,10.0,20,"learned-table-v1 (scoreScale=6400, divisor=1, bound=75962, path=D:\採点レポート\OthelloClient\data\evaluation-tables.bin)",18CD490619DC45974F8D968E05E457D1F2DFA2B1BD58DE10B5E2938CA074E9BA,20260721,fixed,8,4,1,24,1038040200C00000,408250F858385402,1,9,60000,9,56,4480,23.780500,38927,1636929,10095,28832,0.740668,49,4926;8283;6764;1560;2430;2471;2398,12442,8264,19,false,true
parallel-search-v1,2026-07-21T05:16:42.615421700Z,e6c74913a4a77a60ade287d119f1052b0970ac89,6E118C928729E003E89742D3B57FE6ED35FA9233A38DBE8AF852041EBEE39457,21,Windows 11,10.0,20,"learned-table-v1 (scoreScale=6400, divisor=1, bound=75962, path=D:\採点レポート\OthelloClient\data\evaluation-tables.bin)",18CD490619DC45974F8D968E05E457D1F2DFA2B1BD58DE10B5E2938CA074E9BA,20260721,fixed,1,4,1,24,1038040200C00000,408250F858385402,1,9,60000,9,56,4480,42.732900,38903,910376,38903,0,0.000000,0,,12433,8256,19,false,true
parallel-search-v1,2026-07-21T05:16:42.615421700Z,e6c74913a4a77a60ade287d119f1052b0970ac89,6E118C928729E003E89742D3B57FE6ED35FA9233A38DBE8AF852041EBEE39457,21,Windows 11,10.0,20,"learned-table-v1 (scoreScale=6400, divisor=1, bound=75962, path=D:\採点レポート\OthelloClient\data\evaluation-tables.bin)",18CD490619DC45974F8D968E05E457D1F2DFA2B1BD58DE10B5E2938CA074E9BA,20260721,fixed,4,5,1,32,002071AEC8A02020,88500C10355E9040,1,9,60000,9,7,1677,187.802200,337602,1797647,116130,221472,0.656015,21,70804;67377;83291,83662,68241,145,false,true
parallel-search-v1,2026-07-21T05:16:42.615421700Z,e6c74913a4a77a60ade287d119f1052b0970ac89,6E118C928729E003E89742D3B57FE6ED35FA9233A38DBE8AF852041EBEE39457,21,Windows 11,10.0,20,"learned-table-v1 (scoreScale=6400, divisor=1, bound=75962, path=D:\採点レポート\OthelloClient\data\evaluation-tables.bin)",18CD490619DC45974F8D968E05E457D1F2DFA2B1BD58DE10B5E2938CA074E9BA,20260721,fixed,8,5,1,32,002071AEC8A02020,88500C10355E9040,1,9,60000,9,7,1677,154.280300,356670,2311831,84765,271905,0.762343,49,56143;31767;53361;34053;33216;27259;36106,85615,72590,152,false,true
parallel-search-v1,2026-07-21T05:16:42.615421700Z,e6c74913a4a77a60ade287d119f1052b0970ac89,6E118C928729E003E89742D3B57FE6ED35FA9233A38DBE8AF852041EBEE39457,21,Windows 11,10.0,20,"learned-table-v1 (scoreScale=6400, divisor=1, bound=75962, path=D:\採点レポート\OthelloClient\data\evaluation-tables.bin)",18CD490619DC45974F8D968E05E457D1F2DFA2B1BD58DE10B5E2938CA074E9BA,20260721,fixed,1,5,1,32,002071AEC8A02020,88500C10355E9040,1,9,60000,9,7,1677,426.163000,327046,767420,327046,0,0.000000,0,,81993,66210,142,false,true
parallel-search-v1,2026-07-21T05:16:42.615421700Z,e6c74913a4a77a60ade287d119f1052b0970ac89,6E118C928729E003E89742D3B57FE6ED35FA9233A38DBE8AF852041EBEE39457,21,Windows 11,10.0,20,"learned-table-v1 (scoreScale=6400, divisor=1, bound=75962, path=D:\採点レポート\OthelloClient\data\evaluation-tables.bin)",18CD490619DC45974F8D968E05E457D1F2DFA2B1BD58DE10B5E2938CA074E9BA,20260721,fixed,2,5,1,32,002071AEC8A02020,88500C10355E9040,1,9,60000,9,7,1677,268.470100,327224,1218847,188046,139178,0.425329,7,139178,82652,66374,142,false,true
parallel-search-v1,2026-07-21T05:16:42.615421700Z,e6c74913a4a77a60ade287d119f1052b0970ac89,6E118C928729E003E89742D3B57FE6ED35FA9233A38DBE8AF852041EBEE39457,21,Windows 11,10.0,20,"learned-table-v1 (scoreScale=6400, divisor=1, bound=75962, path=D:\採点レポート\OthelloClient\data\evaluation-tables.bin)",18CD490619DC45974F8D968E05E457D1F2DFA2B1BD58DE10B5E2938CA074E9BA,20260721,fixed,8,6,1,18,021E026520202000,00001D1818080000,1,9,60000,9,48,-4919,130.727100,135292,1034919,74315,60977,0.450707,42,1291;20604;4722;1932;29498;1694;1236,33332,33185,242,false,true
parallel-search-v1,2026-07-21T05:16:42.615421700Z,e6c74913a4a77a60ade287d119f1052b0970ac89,6E118C928729E003E89742D3B57FE6ED35FA9233A38DBE8AF852041EBEE39457,21,Windows 11,10.0,20,"learned-table-v1 (scoreScale=6400, divisor=1, bound=75962, path=D:\採点レポート\OthelloClient\data\evaluation-tables.bin)",18CD490619DC45974F8D968E05E457D1F2DFA2B1BD58DE10B5E2938CA074E9BA,20260721,fixed,1,6,1,18,021E026520202000,00001D1818080000,1,9,60000,9,48,-4919,120.019500,105633,880132,105633,0,0.000000,0,,31570,29563,202,false,true
parallel-search-v1,2026-07-21T05:16:42.615421700Z,e6c74913a4a77a60ade287d119f1052b0970ac89,6E118C928729E003E89742D3B57FE6ED35FA9233A38DBE8AF852041EBEE39457,21,Windows 11,10.0,20,"learned-table-v1 (scoreScale=6400, divisor=1, bound=75962, path=D:\採点レポート\OthelloClient\data\evaluation-tables.bin)",18CD490619DC45974F8D968E05E457D1F2DFA2B1BD58DE10B5E2938CA074E9BA,20260721,fixed,2,6,1,18,021E026520202000,00001D1818080000,1,9,60000,9,48,-4919,138.135500,133951,969707,109451,24500,0.182903,7,24500,33350,33029,242,false,true
parallel-search-v1,2026-07-21T05:16:42.615421700Z,e6c74913a4a77a60ade287d119f1052b0970ac89,6E118C928729E003E89742D3B57FE6ED35FA9233A38DBE8AF852041EBEE39457,21,Windows 11,10.0,20,"learned-table-v1 (scoreScale=6400, divisor=1, bound=75962, path=D:\採点レポート\OthelloClient\data\evaluation-tables.bin)",18CD490619DC45974F8D968E05E457D1F2DFA2B1BD58DE10B5E2938CA074E9BA,20260721,fixed,4,6,1,18,021E026520202000,00001D1818080000,1,9,60000,9,48,-4919,135.434600,135299,998999,76328,58971,0.435857,21,1481;30798;26692,33346,33185,242,false,true
parallel-search-v1,2026-07-21T05:16:42.615421700Z,e6c74913a4a77a60ade287d119f1052b0970ac89,6E118C928729E003E89742D3B57FE6ED35FA9233A38DBE8AF852041EBEE39457,21,Windows 11,10.0,20,"learned-table-v1 (scoreScale=6400, divisor=1, bound=75962, path=D:\採点レポート\OthelloClient\data\evaluation-tables.bin)",18CD490619DC45974F8D968E05E457D1F2DFA2B1BD58DE10B5E2938CA074E9BA,20260721,fixed,1,7,1,25,0858607070301000,20039E8E08080000,-1,9,60000,9,13,-116,620.983400,522324,841124,522324,0,0.000000,0,,103953,108240,337,false,true
parallel-search-v1,2026-07-21T05:16:42.615421700Z,e6c74913a4a77a60ade287d119f1052b0970ac89,6E118C928729E003E89742D3B57FE6ED35FA9233A38DBE8AF852041EBEE39457,21,Windows 11,10.0,20,"learned-table-v1 (scoreScale=6400, divisor=1, bound=75962, path=D:\採点レポート\OthelloClient\data\evaluation-tables.bin)",18CD490619DC45974F8D968E05E457D1F2DFA2B1BD58DE10B5E2938CA074E9BA,20260721,fixed,2,7,1,25,0858607070301000,20039E8E08080000,-1,9,60000,9,13,-116,526.123000,522445,993009,227627,294818,0.564304,7,294818,103913,108426,329,false,true
parallel-search-v1,2026-07-21T05:16:42.615421700Z,e6c74913a4a77a60ade287d119f1052b0970ac89,6E118C928729E003E89742D3B57FE6ED35FA9233A38DBE8AF852041EBEE39457,21,Windows 11,10.0,20,"learned-table-v1 (scoreScale=6400, divisor=1, bound=75962, path=D:\採点レポート\OthelloClient\data\evaluation-tables.bin)",18CD490619DC45974F8D968E05E457D1F2DFA2B1BD58DE10B5E2938CA074E9BA,20260721,fixed,4,7,1,25,0858607070301000,20039E8E08080000,-1,9,60000,9,13,-116,407.676600,527918,1294943,163858,364060,0.689615,21,230556;64736;68768,105229,109365,335,false,true
parallel-search-v1,2026-07-21T05:16:42.615421700Z,e6c74913a4a77a60ade287d119f1052b0970ac89,6E118C928729E003E89742D3B57FE6ED35FA9233A38DBE8AF852041EBEE39457,21,Windows 11,10.0,20,"learned-table-v1 (scoreScale=6400, divisor=1, bound=75962, path=D:\採点レポート\OthelloClient\data\evaluation-tables.bin)",18CD490619DC45974F8D968E05E457D1F2DFA2B1BD58DE10B5E2938CA074E9BA,20260721,fixed,8,7,1,25,0858607070301000,20039E8E08080000,-1,9,60000,9,13,-116,347.507500,498625,1434861,122276,376349,0.754774,49,26986;30250;27635;35721;181084;36300;38373,104912,102955,363,false,true
parallel-search-v1,2026-07-21T05:16:42.615421700Z,e6c74913a4a77a60ade287d119f1052b0970ac89,6E118C928729E003E89742D3B57FE6ED35FA9233A38DBE8AF852041EBEE39457,21,Windows 11,10.0,20,"learned-table-v1 (scoreScale=6400, divisor=1, bound=75962, path=D:\採点レポート\OthelloClient\data\evaluation-tables.bin)",18CD490619DC45974F8D968E05E457D1F2DFA2B1BD58DE10B5E2938CA074E9BA,20260721,timed,1,0,0,29,3F362F263A020200,4048501904000000,-1,64,500,10,18,-219,500.436600,462848,924888,462848,0,0.000000,0,,114661,116889,496,true,
parallel-search-v1,2026-07-21T05:16:42.615421700Z,e6c74913a4a77a60ade287d119f1052b0970ac89,6E118C928729E003E89742D3B57FE6ED35FA9233A38DBE8AF852041EBEE39457,21,Windows 11,10.0,20,"learned-table-v1 (scoreScale=6400, divisor=1, bound=75962, path=D:\採点レポート\OthelloClient\data\evaluation-tables.bin)",18CD490619DC45974F8D968E05E457D1F2DFA2B1BD58DE10B5E2938CA074E9BA,20260721,timed,2,0,0,29,3F362F263A020200,4048501904000000,-1,64,500,10,18,-219,500.983000,502792,1003611,413696,89096,0.177203,9,89096,124195,122821,512,true,
parallel-search-v1,2026-07-21T05:16:42.615421700Z,e6c74913a4a77a60ade287d119f1052b0970ac89,6E118C928729E003E89742D3B57FE6ED35FA9233A38DBE8AF852041EBEE39457,21,Windows 11,10.0,20,"learned-table-v1 (scoreScale=6400, divisor=1, bound=75962, path=D:\採点レポート\OthelloClient\data\evaluation-tables.bin)",18CD490619DC45974F8D968E05E457D1F2DFA2B1BD58DE10B5E2938CA074E9BA,20260721,timed,4,0,0,29,3F362F263A020200,4048501904000000,-1,64,500,11,18,202,500.182000,597650,1194865,418816,178834,0.299229,27,58939;56944;62951,143846,145211,511,true,
parallel-search-v1,2026-07-21T05:16:42.615421700Z,e6c74913a4a77a60ade287d119f1052b0970ac89,6E118C928729E003E89742D3B57FE6ED35FA9233A38DBE8AF852041EBEE39457,21,Windows 11,10.0,20,"learned-table-v1 (scoreScale=6400, divisor=1, bound=75962, path=D:\採点レポート\OthelloClient\data\evaluation-tables.bin)",18CD490619DC45974F8D968E05E457D1F2DFA2B1BD58DE10B5E2938CA074E9BA,20260721,timed,8,0,0,29,3F362F263A020200,4048501904000000,-1,64,500,11,18,202,500.956900,630695,1258981,402432,228263,0.361923,63,21116;25407;21371;78278;23478;28361;30252,144644,149529,524,true,
parallel-search-v1,2026-07-21T05:16:42.615421700Z,e6c74913a4a77a60ade287d119f1052b0970ac89,6E118C928729E003E89742D3B57FE6ED35FA9233A38DBE8AF852041EBEE39457,21,Windows 11,10.0,20,"learned-table-v1 (scoreScale=6400, divisor=1, bound=75962, path=D:\採点レポート\OthelloClient\data\evaluation-tables.bin)",18CD490619DC45974F8D968E05E457D1F2DFA2B1BD58DE10B5E2938CA074E9BA,20260721,timed,2,1,0,23,0440387020544040,081E000E18280800,-1,64,500,8,30,995,500.731900,553562,1105506,354304,199258,0.359956,6,199258,109117,111395,463,true,
parallel-search-v1,2026-07-21T05:16:42.615421700Z,e6c74913a4a77a60ade287d119f1052b0970ac89,6E118C928729E003E89742D3B57FE6ED35FA9233A38DBE8AF852041EBEE39457,21,Windows 11,10.0,20,"learned-table-v1 (scoreScale=6400, divisor=1, bound=75962, path=D:\採点レポート\OthelloClient\data\evaluation-tables.bin)",18CD490619DC45974F8D968E05E457D1F2DFA2B1BD58DE10B5E2938CA074E9BA,20260721,timed,4,1,0,23,0440387020544040,081E000E18280800,-1,64,500,8,30,995,501.010400,768873,1534645,344064,424809,0.552509,21,128270;157085;139454,144500,152656,666,true,
parallel-search-v1,2026-07-21T05:16:42.615421700Z,e6c74913a4a77a60ade287d119f1052b0970ac89,6E118C928729E003E89742D3B57FE6ED35FA9233A38DBE8AF852041EBEE39457,21,Windows 11,10.0,20,"learned-table-v1 (scoreScale=6400, divisor=1, bound=75962, path=D:\採点レポート\OthelloClient\data\evaluation-tables.bin)",18CD490619DC45974F8D968E05E457D1F2DFA2B1BD58DE10B5E2938CA074E9BA,20260721,timed,8,1,0,23,0440387020544040,081E000E18280800,-1,64,500,8,30,995,500.853800,973386,1943453,293149,680237,0.698836,49,64200;102826;58740;89368;108575;133317;123211,174499,174784,660,true,
parallel-search-v1,2026-07-21T05:16:42.615421700Z,e6c74913a4a77a60ade287d119f1052b0970ac89,6E118C928729E003E89742D3B57FE6ED35FA9233A38DBE8AF852041EBEE39457,21,Windows 11,10.0,20,"learned-table-v1 (scoreScale=6400, divisor=1, bound=75962, path=D:\採点レポート\OthelloClient\data\evaluation-tables.bin)",18CD490619DC45974F8D968E05E457D1F2DFA2B1BD58DE10B5E2938CA074E9BA,20260721,timed,1,1,0,23,0440387020544040,081E000E18280800,-1,64,500,7,46,988,500.541600,420864,840817,420864,0,0.000000,0,,85101,84225,379,true,
parallel-search-v1,2026-07-21T05:16:42.615421700Z,e6c74913a4a77a60ade287d119f1052b0970ac89,6E118C928729E003E89742D3B57FE6ED35FA9233A38DBE8AF852041EBEE39457,21,Windows 11,10.0,20,"learned-table-v1 (scoreScale=6400, divisor=1, bound=75962, path=D:\採点レポート\OthelloClient\data\evaluation-tables.bin)",18CD490619DC45974F8D968E05E457D1F2DFA2B1BD58DE10B5E2938CA074E9BA,20260721,timed,4,2,0,29,040010F300102040,10088C0C3E6F1222,-1,64,500,10,11,-1651,500.963800,496150,990391,343040,153110,0.308596,24,42489;54590;56031,130857,133500,265,true,
parallel-search-v1,2026-07-21T05:16:42.615421700Z,e6c74913a4a77a60ade287d119f1052b0970ac89,6E118C928729E003E89742D3B57FE6ED35FA9233A38DBE8AF852041EBEE39457,21,Windows 11,10.0,20,"learned-table-v1 (scoreScale=6400, divisor=1, bound=75962, path=D:\採点レポート\OthelloClient\data\evaluation-tables.bin)",18CD490619DC45974F8D968E05E457D1F2DFA2B1BD58DE10B5E2938CA074E9BA,20260721,timed,8,2,0,29,040010F300102040,10088C0C3E6F1222,-1,64,500,10,11,-1651,500.759700,520322,1039065,346112,174210,0.334812,56,47599;28302;17314;24302;17539;15202;23952,137998,144462,265,true,
parallel-search-v1,2026-07-21T05:16:42.615421700Z,e6c74913a4a77a60ade287d119f1052b0970ac89,6E118C928729E003E89742D3B57FE6ED35FA9233A38DBE8AF852041EBEE39457,21,Windows 11,10.0,20,"learned-table-v1 (scoreScale=6400, divisor=1, bound=75962, path=D:\採点レポート\OthelloClient\data\evaluation-tables.bin)",18CD490619DC45974F8D968E05E457D1F2DFA2B1BD58DE10B5E2938CA074E9BA,20260721,timed,1,2,0,29,040010F300102040,10088C0C3E6F1222,-1,64,500,10,11,-1651,501.264600,364544,727249,364544,0,0.000000,0,,104011,90441,238,true,
parallel-search-v1,2026-07-21T05:16:42.615421700Z,e6c74913a4a77a60ade287d119f1052b0970ac89,6E118C928729E003E89742D3B57FE6ED35FA9233A38DBE8AF852041EBEE39457,21,Windows 11,10.0,20,"learned-table-v1 (scoreScale=6400, divisor=1, bound=75962, path=D:\採点レポート\OthelloClient\data\evaluation-tables.bin)",18CD490619DC45974F8D968E05E457D1F2DFA2B1BD58DE10B5E2938CA074E9BA,20260721,timed,2,2,0,29,040010F300102040,10088C0C3E6F1222,-1,64,500,10,11,-1651,500.301300,474033,947495,381952,92081,0.194250,8,92081,125280,124852,265,true,
parallel-search-v1,2026-07-21T05:16:42.615421700Z,e6c74913a4a77a60ade287d119f1052b0970ac89,6E118C928729E003E89742D3B57FE6ED35FA9233A38DBE8AF852041EBEE39457,21,Windows 11,10.0,20,"learned-table-v1 (scoreScale=6400, divisor=1, bound=75962, path=D:\採点レポート\OthelloClient\data\evaluation-tables.bin)",18CD490619DC45974F8D968E05E457D1F2DFA2B1BD58DE10B5E2938CA074E9BA,20260721,timed,8,3,0,30,201009113D0C8400,012E764E02F00000,1,64,500,10,60,-522,500.891500,769212,1535686,326656,442556,0.575337,56,51187;67475;56093;63787;53556;79454;71004,176808,229541,153,true,
parallel-search-v1,2026-07-21T05:16:42.615421700Z,e6c74913a4a77a60ade287d119f1052b0970ac89,6E118C928729E003E89742D3B57FE6ED35FA9233A38DBE8AF852041EBEE39457,21,Windows 11,10.0,20,"learned-table-v1 (scoreScale=6400, divisor=1, bound=75962, path=D:\採点レポート\OthelloClient\data\evaluation-tables.bin)",18CD490619DC45974F8D968E05E457D1F2DFA2B1BD58DE10B5E2938CA074E9BA,20260721,timed,1,3,0,30,201009113D0C8400,012E764E02F00000,1,64,500,9,60,-928,501.695400,394240,785815,394240,0,0.000000,0,,103048,91243,143,true,
parallel-search-v1,2026-07-21T05:16:42.615421700Z,e6c74913a4a77a60ade287d119f1052b0970ac89,6E118C928729E003E89742D3B57FE6ED35FA9233A38DBE8AF852041EBEE39457,21,Windows 11,10.0,20,"learned-table-v1 (scoreScale=6400, divisor=1, bound=75962, path=D:\採点レポート\OthelloClient\data\evaluation-tables.bin)",18CD490619DC45974F8D968E05E457D1F2DFA2B1BD58DE10B5E2938CA074E9BA,20260721,timed,2,3,0,30,201009113D0C8400,012E764E02F00000,1,64,500,9,60,-928,500.797800,474886,948259,352256,122630,0.258230,8,122630,120345,120907,141,true,
parallel-search-v1,2026-07-21T05:16:42.615421700Z,e6c74913a4a77a60ade287d119f1052b0970ac89,6E118C928729E003E89742D3B57FE6ED35FA9233A38DBE8AF852041EBEE39457,21,Windows 11,10.0,20,"learned-table-v1 (scoreScale=6400, divisor=1, bound=75962, path=D:\採点レポート\OthelloClient\data\evaluation-tables.bin)",18CD490619DC45974F8D968E05E457D1F2DFA2B1BD58DE10B5E2938CA074E9BA,20260721,timed,4,3,0,30,201009113D0C8400,012E764E02F00000,1,64,500,9,60,-928,501.341100,688438,1373193,337920,350518,0.509150,24,110666;118764;121088,164829,210543,149,true,
parallel-search-v1,2026-07-21T05:16:42.615421700Z,e6c74913a4a77a60ade287d119f1052b0970ac89,6E118C928729E003E89742D3B57FE6ED35FA9233A38DBE8AF852041EBEE39457,21,Windows 11,10.0,20,"learned-table-v1 (scoreScale=6400, divisor=1, bound=75962, path=D:\採点レポート\OthelloClient\data\evaluation-tables.bin)",18CD490619DC45974F8D968E05E457D1F2DFA2B1BD58DE10B5E2938CA074E9BA,20260721,timed,1,4,0,24,1038040200C00000,408250F858385402,1,64,500,11,56,4337,500.388900,421888,843120,421888,0,0.000000,0,,88178,101251,68,true,
parallel-search-v1,2026-07-21T05:16:42.615421700Z,e6c74913a4a77a60ade287d119f1052b0970ac89,6E118C928729E003E89742D3B57FE6ED35FA9233A38DBE8AF852041EBEE39457,21,Windows 11,10.0,20,"learned-table-v1 (scoreScale=6400, divisor=1, bound=75962, path=D:\採点レポート\OthelloClient\data\evaluation-tables.bin)",18CD490619DC45974F8D968E05E457D1F2DFA2B1BD58DE10B5E2938CA074E9BA,20260721,timed,2,4,0,24,1038040200C00000,408250F858385402,1,64,500,11,56,4337,500.547900,507576,1014041,396288,111288,0.219254,9,111288,97385,129642,183,true,
parallel-search-v1,2026-07-21T05:16:42.615421700Z,e6c74913a4a77a60ade287d119f1052b0970ac89,6E118C928729E003E89742D3B57FE6ED35FA9233A38DBE8AF852041EBEE39457,21,Windows 11,10.0,20,"learned-table-v1 (scoreScale=6400, divisor=1, bound=75962, path=D:\採点レポート\OthelloClient\data\evaluation-tables.bin)",18CD490619DC45974F8D968E05E457D1F2DFA2B1BD58DE10B5E2938CA074E9BA,20260721,timed,4,4,0,24,1038040200C00000,408250F858385402,1,64,500,11,56,4337,500.475100,637055,1272900,330752,306303,0.480811,30,124868;65048;116387,124909,184026,183,true,
parallel-search-v1,2026-07-21T05:16:42.615421700Z,e6c74913a4a77a60ade287d119f1052b0970ac89,6E118C928729E003E89742D3B57FE6ED35FA9233A38DBE8AF852041EBEE39457,21,Windows 11,10.0,20,"learned-table-v1 (scoreScale=6400, divisor=1, bound=75962, path=D:\採点レポート\OthelloClient\data\evaluation-tables.bin)",18CD490619DC45974F8D968E05E457D1F2DFA2B1BD58DE10B5E2938CA074E9BA,20260721,timed,8,4,0,24,1038040200C00000,408250F858385402,1,64,500,11,56,4337,501.374300,681851,1359964,311514,370337,0.543135,70,74776;23915;93551;60235;26397;50339;41124,131299,200415,183,true,
parallel-search-v1,2026-07-21T05:16:42.615421700Z,e6c74913a4a77a60ade287d119f1052b0970ac89,6E118C928729E003E89742D3B57FE6ED35FA9233A38DBE8AF852041EBEE39457,21,Windows 11,10.0,20,"learned-table-v1 (scoreScale=6400, divisor=1, bound=75962, path=D:\採点レポート\OthelloClient\data\evaluation-tables.bin)",18CD490619DC45974F8D968E05E457D1F2DFA2B1BD58DE10B5E2938CA074E9BA,20260721,timed,2,5,0,32,002071AEC8A02020,88500C10355E9040,1,64,500,9,7,1677,501.023500,514409,1026716,340992,173417,0.337119,8,173417,123911,146072,253,true,
parallel-search-v1,2026-07-21T05:16:42.615421700Z,e6c74913a4a77a60ade287d119f1052b0970ac89,6E118C928729E003E89742D3B57FE6ED35FA9233A38DBE8AF852041EBEE39457,21,Windows 11,10.0,20,"learned-table-v1 (scoreScale=6400, divisor=1, bound=75962, path=D:\採点レポート\OthelloClient\data\evaluation-tables.bin)",18CD490619DC45974F8D968E05E457D1F2DFA2B1BD58DE10B5E2938CA074E9BA,20260721,timed,4,5,0,32,002071AEC8A02020,88500C10355E9040,1,64,500,9,7,1677,500.663900,780012,1557955,327501,452511,0.580133,24,154248;152106;146157,185208,267758,257,true,
parallel-search-v1,2026-07-21T05:16:42.615421700Z,e6c74913a4a77a60ade287d119f1052b0970ac89,6E118C928729E003E89742D3B57FE6ED35FA9233A38DBE8AF852041EBEE39457,21,Windows 11,10.0,20,"learned-table-v1 (scoreScale=6400, divisor=1, bound=75962, path=D:\採点レポート\OthelloClient\data\evaluation-tables.bin)",18CD490619DC45974F8D968E05E457D1F2DFA2B1BD58DE10B5E2938CA074E9BA,20260721,timed,8,5,0,32,002071AEC8A02020,88500C10355E9040,1,64,500,10,7,1876,500.112500,843434,1686489,269312,574122,0.680696,56,82083;110943;80951;64447;74426;86052;75220,193900,284515,270,true,
parallel-search-v1,2026-07-21T05:16:42.615421700Z,e6c74913a4a77a60ade287d119f1052b0970ac89,6E118C928729E003E89742D3B57FE6ED35FA9233A38DBE8AF852041EBEE39457,21,Windows 11,10.0,20,"learned-table-v1 (scoreScale=6400, divisor=1, bound=75962, path=D:\採点レポート\OthelloClient\data\evaluation-tables.bin)",18CD490619DC45974F8D968E05E457D1F2DFA2B1BD58DE10B5E2938CA074E9BA,20260721,timed,1,5,0,32,002071AEC8A02020,88500C10355E9040,1,64,500,9,7,1677,500.849400,369664,738074,369664,0,0.000000,0,,94241,84971,176,true,
parallel-search-v1,2026-07-21T05:16:42.615421700Z,e6c74913a4a77a60ade287d119f1052b0970ac89,6E118C928729E003E89742D3B57FE6ED35FA9233A38DBE8AF852041EBEE39457,21,Windows 11,10.0,20,"learned-table-v1 (scoreScale=6400, divisor=1, bound=75962, path=D:\採点レポート\OthelloClient\data\evaluation-tables.bin)",18CD490619DC45974F8D968E05E457D1F2DFA2B1BD58DE10B5E2938CA074E9BA,20260721,timed,4,6,0,18,021E026520202000,00001D1818080000,1,64,500,10,48,-4886,501.032300,470681,939422,391168,79513,0.168932,24,24580;46965;7968,91692,119944,427,true,
parallel-search-v1,2026-07-21T05:16:42.615421700Z,e6c74913a4a77a60ade287d119f1052b0970ac89,6E118C928729E003E89742D3B57FE6ED35FA9233A38DBE8AF852041EBEE39457,21,Windows 11,10.0,20,"learned-table-v1 (scoreScale=6400, divisor=1, bound=75962, path=D:\採点レポート\OthelloClient\data\evaluation-tables.bin)",18CD490619DC45974F8D968E05E457D1F2DFA2B1BD58DE10B5E2938CA074E9BA,20260721,timed,8,6,0,18,021E026520202000,00001D1818080000,1,64,500,10,48,-4886,500.764400,460328,919251,377856,82472,0.179159,48,2367;1266;5210;3929;45281;1276;23143,90034,115008,427,true,
parallel-search-v1,2026-07-21T05:16:42.615421700Z,e6c74913a4a77a60ade287d119f1052b0970ac89,6E118C928729E003E89742D3B57FE6ED35FA9233A38DBE8AF852041EBEE39457,21,Windows 11,10.0,20,"learned-table-v1 (scoreScale=6400, divisor=1, bound=75962, path=D:\採点レポート\OthelloClient\data\evaluation-tables.bin)",18CD490619DC45974F8D968E05E457D1F2DFA2B1BD58DE10B5E2938CA074E9BA,20260721,timed,1,6,0,18,021E026520202000,00001D1818080000,1,64,500,10,48,-4886,500.614600,422912,844786,422912,0,0.000000,0,,87016,101929,389,true,
parallel-search-v1,2026-07-21T05:16:42.615421700Z,e6c74913a4a77a60ade287d119f1052b0970ac89,6E118C928729E003E89742D3B57FE6ED35FA9233A38DBE8AF852041EBEE39457,21,Windows 11,10.0,20,"learned-table-v1 (scoreScale=6400, divisor=1, bound=75962, path=D:\採点レポート\OthelloClient\data\evaluation-tables.bin)",18CD490619DC45974F8D968E05E457D1F2DFA2B1BD58DE10B5E2938CA074E9BA,20260721,timed,2,6,0,18,021E026520202000,00001D1818080000,1,64,500,10,48,-4886,501.228900,451499,900784,411648,39851,0.088264,8,39851,89689,111168,427,true,
parallel-search-v1,2026-07-21T05:16:42.615421700Z,e6c74913a4a77a60ade287d119f1052b0970ac89,6E118C928729E003E89742D3B57FE6ED35FA9233A38DBE8AF852041EBEE39457,21,Windows 11,10.0,20,"learned-table-v1 (scoreScale=6400, divisor=1, bound=75962, path=D:\採点レポート\OthelloClient\data\evaluation-tables.bin)",18CD490619DC45974F8D968E05E457D1F2DFA2B1BD58DE10B5E2938CA074E9BA,20260721,timed,8,7,0,25,0858607070301000,20039E8E08080000,-1,64,500,9,13,-116,501.391500,633295,1263075,252928,380367,0.600616,49,33330;181954;30665;40014;26758;39737;27909,132867,133625,396,true,
parallel-search-v1,2026-07-21T05:16:42.615421700Z,e6c74913a4a77a60ade287d119f1052b0970ac89,6E118C928729E003E89742D3B57FE6ED35FA9233A38DBE8AF852041EBEE39457,21,Windows 11,10.0,20,"learned-table-v1 (scoreScale=6400, divisor=1, bound=75962, path=D:\採点レポート\OthelloClient\data\evaluation-tables.bin)",18CD490619DC45974F8D968E05E457D1F2DFA2B1BD58DE10B5E2938CA074E9BA,20260721,timed,1,7,0,25,0858607070301000,20039E8E08080000,-1,64,500,8,60,56,501.474300,388096,773910,388096,0,0.000000,0,,85791,86199,199,true,
parallel-search-v1,2026-07-21T05:16:42.615421700Z,e6c74913a4a77a60ade287d119f1052b0970ac89,6E118C928729E003E89742D3B57FE6ED35FA9233A38DBE8AF852041EBEE39457,21,Windows 11,10.0,20,"learned-table-v1 (scoreScale=6400, divisor=1, bound=75962, path=D:\採点レポート\OthelloClient\data\evaluation-tables.bin)",18CD490619DC45974F8D968E05E457D1F2DFA2B1BD58DE10B5E2938CA074E9BA,20260721,timed,2,7,0,25,0858607070301000,20039E8E08080000,-1,64,500,9,13,-116,501.208200,532906,1063243,240640,292266,0.548438,7,292266,106258,111418,373,true,
parallel-search-v1,2026-07-21T05:16:42.615421700Z,e6c74913a4a77a60ade287d119f1052b0970ac89,6E118C928729E003E89742D3B57FE6ED35FA9233A38DBE8AF852041EBEE39457,21,Windows 11,10.0,20,"learned-table-v1 (scoreScale=6400, divisor=1, bound=75962, path=D:\採点レポート\OthelloClient\data\evaluation-tables.bin)",18CD490619DC45974F8D968E05E457D1F2DFA2B1BD58DE10B5E2938CA074E9BA,20260721,timed,4,7,0,25,0858607070301000,20039E8E08080000,-1,64,500,9,13,-116,501.257300,601308,1199599,230400,370908,0.616835,21,229108;77701;64099,122244,129930,376,true,
parallel-search-v1,2026-07-21T05:16:42.615421700Z,e6c74913a4a77a60ade287d119f1052b0970ac89,6E118C928729E003E89742D3B57FE6ED35FA9233A38DBE8AF852041EBEE39457,21,Windows 11,10.0,20,"learned-table-v1 (scoreScale=6400, divisor=1, bound=75962, path=D:\採点レポート\OthelloClient\data\evaluation-tables.bin)",18CD490619DC45974F8D968E05E457D1F2DFA2B1BD58DE10B5E2938CA074E9BA,20260721,timed,2,0,1,29,3F362F263A020200,4048501904000000,-1,64,500,10,18,-219,501.076500,530479,1058679,428032,102447,0.193122,9,102447,128909,127641,512,true,
parallel-search-v1,2026-07-21T05:16:42.615421700Z,e6c74913a4a77a60ade287d119f1052b0970ac89,6E118C928729E003E89742D3B57FE6ED35FA9233A38DBE8AF852041EBEE39457,21,Windows 11,10.0,20,"learned-table-v1 (scoreScale=6400, divisor=1, bound=75962, path=D:\採点レポート\OthelloClient\data\evaluation-tables.bin)",18CD490619DC45974F8D968E05E457D1F2DFA2B1BD58DE10B5E2938CA074E9BA,20260721,timed,4,0,1,29,3F362F263A020200,4048501904000000,-1,64,500,11,18,202,500.289800,620719,1240719,442368,178351,0.287330,27,64128;60395;53828,150278,155833,511,true,
parallel-search-v1,2026-07-21T05:16:42.615421700Z,e6c74913a4a77a60ade287d119f1052b0970ac89,6E118C928729E003E89742D3B57FE6ED35FA9233A38DBE8AF852041EBEE39457,21,Windows 11,10.0,20,"learned-table-v1 (scoreScale=6400, divisor=1, bound=75962, path=D:\採点レポート\OthelloClient\data\evaluation-tables.bin)",18CD490619DC45974F8D968E05E457D1F2DFA2B1BD58DE10B5E2938CA074E9BA,20260721,timed,8,0,1,29,3F362F263A020200,4048501904000000,-1,64,500,11,18,202,500.679800,631408,1261101,400384,231024,0.365887,63,27558;27007;27811;22736;24420;78417;23075,145137,149294,525,true,
parallel-search-v1,2026-07-21T05:16:42.615421700Z,e6c74913a4a77a60ade287d119f1052b0970ac89,6E118C928729E003E89742D3B57FE6ED35FA9233A38DBE8AF852041EBEE39457,21,Windows 11,10.0,20,"learned-table-v1 (scoreScale=6400, divisor=1, bound=75962, path=D:\採点レポート\OthelloClient\data\evaluation-tables.bin)",18CD490619DC45974F8D968E05E457D1F2DFA2B1BD58DE10B5E2938CA074E9BA,20260721,timed,1,0,1,29,3F362F263A020200,4048501904000000,-1,64,500,10,18,-219,500.281600,433152,865816,433152,0,0.000000,0,,108882,111568,496,true,
parallel-search-v1,2026-07-21T05:16:42.615421700Z,e6c74913a4a77a60ade287d119f1052b0970ac89,6E118C928729E003E89742D3B57FE6ED35FA9233A38DBE8AF852041EBEE39457,21,Windows 11,10.0,20,"learned-table-v1 (scoreScale=6400, divisor=1, bound=75962, path=D:\採点レポート\OthelloClient\data\evaluation-tables.bin)",18CD490619DC45974F8D968E05E457D1F2DFA2B1BD58DE10B5E2938CA074E9BA,20260721,timed,4,1,1,23,0440387020544040,081E000E18280800,-1,64,500,8,30,995,500.892700,717722,1432886,337920,379802,0.529177,21,110715;137537;131550,139059,146376,666,true,
parallel-search-v1,2026-07-21T05:16:42.615421700Z,e6c74913a4a77a60ade287d119f1052b0970ac89,6E118C928729E003E89742D3B57FE6ED35FA9233A38DBE8AF852041EBEE39457,21,Windows 11,10.0,20,"learned-table-v1 (scoreScale=6400, divisor=1, bound=75962, path=D:\採点レポート\OthelloClient\data\evaluation-tables.bin)",18CD490619DC45974F8D968E05E457D1F2DFA2B1BD58DE10B5E2938CA074E9BA,20260721,timed,8,1,1,23,0440387020544040,081E000E18280800,-1,64,500,8,30,995,501.196200,884614,1765005,281600,603014,0.681669,49,111825;120501;53568;77731;94437;99559;45393,163111,164450,661,true,
parallel-search-v1,2026-07-21T05:16:42.615421700Z,e6c74913a4a77a60ade287d119f1052b0970ac89,6E118C928729E003E89742D3B57FE6ED35FA9233A38DBE8AF852041EBEE39457,21,Windows 11,10.0,20,"learned-table-v1 (scoreScale=6400, divisor=1, bound=75962, path=D:\採点レポート\OthelloClient\data\evaluation-tables.bin)",18CD490619DC45974F8D968E05E457D1F2DFA2B1BD58DE10B5E2938CA074E9BA,20260721,timed,1,1,1,23,0440387020544040,081E000E18280800,-1,64,500,7,46,988,500.702200,413696,826232,413696,0,0.000000,0,,84555,82721,379,true,
parallel-search-v1,2026-07-21T05:16:42.615421700Z,e6c74913a4a77a60ade287d119f1052b0970ac89,6E118C928729E003E89742D3B57FE6ED35FA9233A38DBE8AF852041EBEE39457,21,Windows 11,10.0,20,"learned-table-v1 (scoreScale=6400, divisor=1, bound=75962, path=D:\採点レポート\OthelloClient\data\evaluation-tables.bin)",18CD490619DC45974F8D968E05E457D1F2DFA2B1BD58DE10B5E2938CA074E9BA,20260721,timed,2,1,1,23,0440387020544040,081E000E18280800,-1,64,500,8,30,995,500.523700,561785,1122394,362496,199289,0.354742,6,199289,110184,113749,463,true,
parallel-search-v1,2026-07-21T05:16:42.615421700Z,e6c74913a4a77a60ade287d119f1052b0970ac89,6E118C928729E003E89742D3B57FE6ED35FA9233A38DBE8AF852041EBEE39457,21,Windows 11,10.0,20,"learned-table-v1 (scoreScale=6400, divisor=1, bound=75962, path=D:\採点レポート\OthelloClient\data\evaluation-tables.bin)",18CD490619DC45974F8D968E05E457D1F2DFA2B1BD58DE10B5E2938CA074E9BA,20260721,timed,8,2,1,29,040010F300102040,10088C0C3E6F1222,-1,64,500,10,11,-1651,501.684900,527816,1052087,352256,175560,0.332616,56,46457;18576;17629;29132;20107;18576;25083,139686,147438,265,true,
parallel-search-v1,2026-07-21T05:16:42.615421700Z,e6c74913a4a77a60ade287d119f1052b0970ac89,6E118C928729E003E89742D3B57FE6ED35FA9233A38DBE8AF852041EBEE39457,21,Windows 11,10.0,20,"learned-table-v1 (scoreScale=6400, divisor=1, bound=75962, path=D:\採点レポート\OthelloClient\data\evaluation-tables.bin)",18CD490619DC45974F8D968E05E457D1F2DFA2B1BD58DE10B5E2938CA074E9BA,20260721,timed,1,2,1,29,040010F300102040,10088C0C3E6F1222,-1,64,500,10,11,-1651,500.279500,369664,738915,369664,0,0.000000,0,,105417,92721,238,true,
parallel-search-v1,2026-07-21T05:16:42.615421700Z,e6c74913a4a77a60ade287d119f1052b0970ac89,6E118C928729E003E89742D3B57FE6ED35FA9233A38DBE8AF852041EBEE39457,21,Windows 11,10.0,20,"learned-table-v1 (scoreScale=6400, divisor=1, bound=75962, path=D:\採点レポート\OthelloClient\data\evaluation-tables.bin)",18CD490619DC45974F8D968E05E457D1F2DFA2B1BD58DE10B5E2938CA074E9BA,20260721,timed,2,2,1,29,040010F300102040,10088C0C3E6F1222,-1,64,500,10,11,-1651,501.484700,458759,914802,358400,100359,0.218762,8,100359,123867,119553,265,true,
parallel-search-v1,2026-07-21T05:16:42.615421700Z,e6c74913a4a77a60ade287d119f1052b0970ac89,6E118C928729E003E89742D3B57FE6ED35FA9233A38DBE8AF852041EBEE39457,21,Windows 11,10.0,20,"learned-table-v1 (scoreScale=6400, divisor=1, bound=75962, path=D:\採点レポート\OthelloClient\data\evaluation-tables.bin)",18CD490619DC45974F8D968E05E457D1F2DFA2B1BD58DE10B5E2938CA074E9BA,20260721,timed,4,2,1,29,040010F300102040,10088C0C3E6F1222,-1,64,500,10,11,-1651,501.407800,502711,1002599,360448,142263,0.282992,24,48761;40658;52844,132641,136608,265,true,
parallel-search-v1,2026-07-21T05:16:42.615421700Z,e6c74913a4a77a60ade287d119f1052b0970ac89,6E118C928729E003E89742D3B57FE6ED35FA9233A38DBE8AF852041EBEE39457,21,Windows 11,10.0,20,"learned-table-v1 (scoreScale=6400, divisor=1, bound=75962, path=D:\採点レポート\OthelloClient\data\evaluation-tables.bin)",18CD490619DC45974F8D968E05E457D1F2DFA2B1BD58DE10B5E2938CA074E9BA,20260721,timed,1,3,1,30,201009113D0C8400,012E764E02F00000,1,64,500,9,60,-928,501.118700,397312,792850,397312,0,0.000000,0,,103504,92400,143,true,
parallel-search-v1,2026-07-21T05:16:42.615421700Z,e6c74913a4a77a60ade287d119f1052b0970ac89,6E118C928729E003E89742D3B57FE6ED35FA9233A38DBE8AF852041EBEE39457,21,Windows 11,10.0,20,"learned-table-v1 (scoreScale=6400, divisor=1, bound=75962, path=D:\採点レポート\OthelloClient\data\evaluation-tables.bin)",18CD490619DC45974F8D968E05E457D1F2DFA2B1BD58DE10B5E2938CA074E9BA,20260721,timed,2,3,1,30,201009113D0C8400,012E764E02F00000,1,64,500,9,60,-928,500.964800,494278,986652,359424,134854,0.272830,8,134854,123852,128997,141,true,
parallel-search-v1,2026-07-21T05:16:42.615421700Z,e6c74913a4a77a60ade287d119f1052b0970ac89,6E118C928729E003E89742D3B57FE6ED35FA9233A38DBE8AF852041EBEE39457,21,Windows 11,10.0,20,"learned-table-v1 (scoreScale=6400, divisor=1, bound=75962, path=D:\採点レポート\OthelloClient\data\evaluation-tables.bin)",18CD490619DC45974F8D968E05E457D1F2DFA2B1BD58DE10B5E2938CA074E9BA,20260721,timed,4,3,1,30,201009113D0C8400,012E764E02F00000,1,64,500,9,60,-928,500.240900,715463,1430237,346112,369351,0.516241,24,114407;131902;123042,169389,221148,151,true,
parallel-search-v1,2026-07-21T05:16:42.615421700Z,e6c74913a4a77a60ade287d119f1052b0970ac89,6E118C928729E003E89742D3B57FE6ED35FA9233A38DBE8AF852041EBEE39457,21,Windows 11,10.0,20,"learned-table-v1 (scoreScale=6400, divisor=1, bound=75962, path=D:\採点レポート\OthelloClient\data\evaluation-tables.bin)",18CD490619DC45974F8D968E05E457D1F2DFA2B1BD58DE10B5E2938CA074E9BA,20260721,timed,8,3,1,30,201009113D0C8400,012E764E02F00000,1,64,500,10,60,-522,501.827000,747580,1489717,319488,428092,0.572637,56,81463;62377;65984;59423;52595;52259;53991,174214,227087,155,true,
parallel-search-v1,2026-07-21T05:16:42.615421700Z,e6c74913a4a77a60ade287d119f1052b0970ac89,6E118C928729E003E89742D3B57FE6ED35FA9233A38DBE8AF852041EBEE39457,21,Windows 11,10.0,20,"learned-table-v1 (scoreScale=6400, divisor=1, bound=75962, path=D:\採点レポート\OthelloClient\data\evaluation-tables.bin)",18CD490619DC45974F8D968E05E457D1F2DFA2B1BD58DE10B5E2938CA074E9BA,20260721,timed,2,4,1,24,1038040200C00000,408250F858385402,1,64,500,11,56,4337,500.620300,502885,1004524,391168,111717,0.222152,9,111717,96744,128265,167,true,
parallel-search-v1,2026-07-21T05:16:42.615421700Z,e6c74913a4a77a60ade287d119f1052b0970ac89,6E118C928729E003E89742D3B57FE6ED35FA9233A38DBE8AF852041EBEE39457,21,Windows 11,10.0,20,"learned-table-v1 (scoreScale=6400, divisor=1, bound=75962, path=D:\採点レポート\OthelloClient\data\evaluation-tables.bin)",18CD490619DC45974F8D968E05E457D1F2DFA2B1BD58DE10B5E2938CA074E9BA,20260721,timed,4,4,1,24,1038040200C00000,408250F858385402,1,64,500,11,56,4337,500.880000,554897,1107844,301056,253841,0.457456,30,43348;113070;97423,108486,149486,183,true,
parallel-search-v1,2026-07-21T05:16:42.615421700Z,e6c74913a4a77a60ade287d119f1052b0970ac89,6E118C928729E003E89742D3B57FE6ED35FA9233A38DBE8AF852041EBEE39457,21,Windows 11,10.0,20,"learned-table-v1 (scoreScale=6400, divisor=1, bound=75962, path=D:\採点レポート\OthelloClient\data\evaluation-tables.bin)",18CD490619DC45974F8D968E05E457D1F2DFA2B1BD58DE10B5E2938CA074E9BA,20260721,timed,8,4,1,24,1038040200C00000,408250F858385402,1,64,500,11,56,4337,500.795100,695353,1388498,311482,383871,0.552052,70,74768;61406;57353;41270;23244;100884;24946,133869,206289,183,true,
parallel-search-v1,2026-07-21T05:16:42.615421700Z,e6c74913a4a77a60ade287d119f1052b0970ac89,6E118C928729E003E89742D3B57FE6ED35FA9233A38DBE8AF852041EBEE39457,21,Windows 11,10.0,20,"learned-table-v1 (scoreScale=6400, divisor=1, bound=75962, path=D:\採点レポート\OthelloClient\data\evaluation-tables.bin)",18CD490619DC45974F8D968E05E457D1F2DFA2B1BD58DE10B5E2938CA074E9BA,20260721,timed,1,4,1,24,1038040200C00000,408250F858385402,1,64,500,11,56,4337,500.042600,429056,858039,429056,0,0.000000,0,,88688,103408,68,true,
parallel-search-v1,2026-07-21T05:16:42.615421700Z,e6c74913a4a77a60ade287d119f1052b0970ac89,6E118C928729E003E89742D3B57FE6ED35FA9233A38DBE8AF852041EBEE39457,21,Windows 11,10.0,20,"learned-table-v1 (scoreScale=6400, divisor=1, bound=75962, path=D:\採点レポート\OthelloClient\data\evaluation-tables.bin)",18CD490619DC45974F8D968E05E457D1F2DFA2B1BD58DE10B5E2938CA074E9BA,20260721,timed,4,5,1,32,002071AEC8A02020,88500C10355E9040,1,64,500,9,7,1677,500.566800,766878,1532019,321366,445512,0.580942,24,150781;145149;149582,182032,262393,259,true,
parallel-search-v1,2026-07-21T05:16:42.615421700Z,e6c74913a4a77a60ade287d119f1052b0970ac89,6E118C928729E003E89742D3B57FE6ED35FA9233A38DBE8AF852041EBEE39457,21,Windows 11,10.0,20,"learned-table-v1 (scoreScale=6400, divisor=1, bound=75962, path=D:\採点レポート\OthelloClient\data\evaluation-tables.bin)",18CD490619DC45974F8D968E05E457D1F2DFA2B1BD58DE10B5E2938CA074E9BA,20260721,timed,8,5,1,32,002071AEC8A02020,88500C10355E9040,1,64,500,10,7,1876,501.177600,853420,1702829,288768,564652,0.661634,56,117225;74054;77373;63296;85161;66899;80644,194223,285848,305,true,
parallel-search-v1,2026-07-21T05:16:42.615421700Z,e6c74913a4a77a60ade287d119f1052b0970ac89,6E118C928729E003E89742D3B57FE6ED35FA9233A38DBE8AF852041EBEE39457,21,Windows 11,10.0,20,"learned-table-v1 (scoreScale=6400, divisor=1, bound=75962, path=D:\採点レポート\OthelloClient\data\evaluation-tables.bin)",18CD490619DC45974F8D968E05E457D1F2DFA2B1BD58DE10B5E2938CA074E9BA,20260721,timed,1,5,1,32,002071AEC8A02020,88500C10355E9040,1,64,500,9,7,1677,501.605200,360448,718589,360448,0,0.000000,0,,92177,81275,176,true,
parallel-search-v1,2026-07-21T05:16:42.615421700Z,e6c74913a4a77a60ade287d119f1052b0970ac89,6E118C928729E003E89742D3B57FE6ED35FA9233A38DBE8AF852041EBEE39457,21,Windows 11,10.0,20,"learned-table-v1 (scoreScale=6400, divisor=1, bound=75962, path=D:\採点レポート\OthelloClient\data\evaluation-tables.bin)",18CD490619DC45974F8D968E05E457D1F2DFA2B1BD58DE10B5E2938CA074E9BA,20260721,timed,2,5,1,32,002071AEC8A02020,88500C10355E9040,1,64,500,9,7,1677,502.315300,519122,1033458,344064,175058,0.337219,8,175058,125147,148320,253,true,
parallel-search-v1,2026-07-21T05:16:42.615421700Z,e6c74913a4a77a60ade287d119f1052b0970ac89,6E118C928729E003E89742D3B57FE6ED35FA9233A38DBE8AF852041EBEE39457,21,Windows 11,10.0,20,"learned-table-v1 (scoreScale=6400, divisor=1, bound=75962, path=D:\採点レポート\OthelloClient\data\evaluation-tables.bin)",18CD490619DC45974F8D968E05E457D1F2DFA2B1BD58DE10B5E2938CA074E9BA,20260721,timed,8,6,1,18,021E026520202000,00001D1818080000,1,64,500,10,48,-4886,500.239800,408106,815821,325632,82474,0.202090,48,4193;1269;5217;2151;23047;1261;45336,86402,92217,368,true,
parallel-search-v1,2026-07-21T05:16:42.615421700Z,e6c74913a4a77a60ade287d119f1052b0970ac89,6E118C928729E003E89742D3B57FE6ED35FA9233A38DBE8AF852041EBEE39457,21,Windows 11,10.0,20,"learned-table-v1 (scoreScale=6400, divisor=1, bound=75962, path=D:\採点レポート\OthelloClient\data\evaluation-tables.bin)",18CD490619DC45974F8D968E05E457D1F2DFA2B1BD58DE10B5E2938CA074E9BA,20260721,timed,1,6,1,18,021E026520202000,00001D1818080000,1,64,500,10,48,-4886,501.106500,425984,850087,425984,0,0.000000,0,,87140,103333,389,true,
parallel-search-v1,2026-07-21T05:16:42.615421700Z,e6c74913a4a77a60ade287d119f1052b0970ac89,6E118C928729E003E89742D3B57FE6ED35FA9233A38DBE8AF852041EBEE39457,21,Windows 11,10.0,20,"learned-table-v1 (scoreScale=6400, divisor=1, bound=75962, path=D:\採点レポート\OthelloClient\data\evaluation-tables.bin)",18CD490619DC45974F8D968E05E457D1F2DFA2B1BD58DE10B5E2938CA074E9BA,20260721,timed,2,6,1,18,021E026520202000,00001D1818080000,1,64,500,10,48,-4886,501.129800,452294,902549,411648,40646,0.089866,8,40646,89684,111511,427,true,
parallel-search-v1,2026-07-21T05:16:42.615421700Z,e6c74913a4a77a60ade287d119f1052b0970ac89,6E118C928729E003E89742D3B57FE6ED35FA9233A38DBE8AF852041EBEE39457,21,Windows 11,10.0,20,"learned-table-v1 (scoreScale=6400, divisor=1, bound=75962, path=D:\採点レポート\OthelloClient\data\evaluation-tables.bin)",18CD490619DC45974F8D968E05E457D1F2DFA2B1BD58DE10B5E2938CA074E9BA,20260721,timed,4,6,1,18,021E026520202000,00001D1818080000,1,64,500,10,48,-4886,501.005500,457387,912938,377856,79531,0.173881,24,8889;24547;46095,89928,113644,427,true,
parallel-search-v1,2026-07-21T05:16:42.615421700Z,e6c74913a4a77a60ade287d119f1052b0970ac89,6E118C928729E003E89742D3B57FE6ED35FA9233A38DBE8AF852041EBEE39457,21,Windows 11,10.0,20,"learned-table-v1 (scoreScale=6400, divisor=1, bound=75962, path=D:\採点レポート\OthelloClient\data\evaluation-tables.bin)",18CD490619DC45974F8D968E05E457D1F2DFA2B1BD58DE10B5E2938CA074E9BA,20260721,timed,1,7,1,25,0858607070301000,20039E8E08080000,-1,64,500,8,60,56,501.498600,358400,714658,358400,0,0.000000,0,,78912,76023,164,true,
parallel-search-v1,2026-07-21T05:16:42.615421700Z,e6c74913a4a77a60ade287d119f1052b0970ac89,6E118C928729E003E89742D3B57FE6ED35FA9233A38DBE8AF852041EBEE39457,21,Windows 11,10.0,20,"learned-table-v1 (scoreScale=6400, divisor=1, bound=75962, path=D:\採点レポート\OthelloClient\data\evaluation-tables.bin)",18CD490619DC45974F8D968E05E457D1F2DFA2B1BD58DE10B5E2938CA074E9BA,20260721,timed,2,7,1,25,0858607070301000,20039E8E08080000,-1,64,500,8,60,56,500.383400,488940,977131,228046,260894,0.533591,7,260894,98318,102947,311,true,
parallel-search-v1,2026-07-21T05:16:42.615421700Z,e6c74913a4a77a60ade287d119f1052b0970ac89,6E118C928729E003E89742D3B57FE6ED35FA9233A38DBE8AF852041EBEE39457,21,Windows 11,10.0,20,"learned-table-v1 (scoreScale=6400, divisor=1, bound=75962, path=D:\採点レポート\OthelloClient\data\evaluation-tables.bin)",18CD490619DC45974F8D968E05E457D1F2DFA2B1BD58DE10B5E2938CA074E9BA,20260721,timed,4,7,1,25,0858607070301000,20039E8E08080000,-1,64,500,9,13,-116,500.706700,578376,1155119,202752,375624,0.649446,21,225489;77864;72271,117947,126515,376,true,
parallel-search-v1,2026-07-21T05:16:42.615421700Z,e6c74913a4a77a60ade287d119f1052b0970ac89,6E118C928729E003E89742D3B57FE6ED35FA9233A38DBE8AF852041EBEE39457,21,Windows 11,10.0,20,"learned-table-v1 (scoreScale=6400, divisor=1, bound=75962, path=D:\採点レポート\OthelloClient\data\evaluation-tables.bin)",18CD490619DC45974F8D968E05E457D1F2DFA2B1BD58DE10B5E2938CA074E9BA,20260721,timed,8,7,1,25,0858607070301000,20039E8E08080000,-1,64,500,9,13,-116,500.337600,590064,1179332,351232,238832,0.404756,49,36930;32125;26365;39599;35158;32012;36643,123803,127527,384,true,
