benchmarkVersion,generatedAtUtc,gitRevision,modelSha256,javaVersion,osName,osVersion,availableProcessors,evaluator,suiteSha256,seed,mode,threads,position,repetition,targetPly,black,white,color,depthLimit,timeLimitMillis,completedDepth,bestSquare,score,elapsedMillis,nodes,nodesPerSecond,mainThreadNodes,parallelNodes,workerShare,parallelTasks,parallelWorkerNodes,workerMonitorBlocks,workerMonitorBlockedMillis,transpositionHits,betaCutoffs,pvsResearches,aspirationSearches,aspirationResearches,timedOut,consistent
parallel-search-v2,2026-07-21T06:17:32.393473800Z,6306a057e8f144e8d3c7f58d7a50026f1528cdc3,6E118C928729E003E89742D3B57FE6ED35FA9233A38DBE8AF852041EBEE39457,21,Windows 11,10.0,20,"learned-table-v1 (scoreScale=6400, divisor=1, bound=75962, path=D:\採点レポート\OthelloClient\data\evaluation-tables.bin)",18CD490619DC45974F8D968E05E457D1F2DFA2B1BD58DE10B5E2938CA074E9BA,20260721,fixed,1,0,0,29,3F362F263A020200,4048501904000000,-1,9,60000,9,18,-287,86.345600,80449,931709,80449,0,0.000000,0,,0,0,25703,18337,82,6,0,false,true
parallel-search-v2,2026-07-21T06:17:32.393473800Z,6306a057e8f144e8d3c7f58d7a50026f1528cdc3,6E118C928729E003E89742D3B57FE6ED35FA9233A38DBE8AF852041EBEE39457,21,Windows 11,10.0,20,"learned-table-v1 (scoreScale=6400, divisor=1, bound=75962, path=D:\採点レポート\OthelloClient\data\evaluation-tables.bin)",18CD490619DC45974F8D968E05E457D1F2DFA2B1BD58DE10B5E2938CA074E9BA,20260721,fixed,2,0,0,29,3F362F263A020200,4048501904000000,-1,9,60000,9,18,-287,91.264500,80449,881493,29013,51436,0.639362,63,51436,0,0,25703,18337,82,6,0,false,true
parallel-search-v2,2026-07-21T06:17:32.393473800Z,6306a057e8f144e8d3c7f58d7a50026f1528cdc3,6E118C928729E003E89742D3B57FE6ED35FA9233A38DBE8AF852041EBEE39457,21,Windows 11,10.0,20,"learned-table-v1 (scoreScale=6400, divisor=1, bound=75962, path=D:\採点レポート\OthelloClient\data\evaluation-tables.bin)",18CD490619DC45974F8D968E05E457D1F2DFA2B1BD58DE10B5E2938CA074E9BA,20260721,fixed,4,0,0,29,3F362F263A020200,4048501904000000,-1,9,60000,9,18,-287,58.187000,82792,1422861,29155,53637,0.647852,63,16481;20251;16905,0,0,26722,18606,88,6,0,false,true
parallel-search-v2,2026-07-21T06:17:32.393473800Z,6306a057e8f144e8d3c7f58d7a50026f1528cdc3,6E118C928729E003E89742D3B57FE6ED35FA9233A38DBE8AF852041EBEE39457,21,Windows 11,10.0,20,"learned-table-v1 (scoreScale=6400, divisor=1, bound=75962, path=D:\採点レポート\OthelloClient\data\evaluation-tables.bin)",18CD490619DC45974F8D968E05E457D1F2DFA2B1BD58DE10B5E2938CA074E9BA,20260721,fixed,8,0,0,29,3F362F263A020200,4048501904000000,-1,9,60000,9,18,-287,49.816600,83416,1674462,29178,54238,0.650211,63,5617;7476;9416;7514;8298;6342;9575,2,0,26905,18696,92,6,0,false,true
parallel-search-v2,2026-07-21T06:17:32.393473800Z,6306a057e8f144e8d3c7f58d7a50026f1528cdc3,6E118C928729E003E89742D3B57FE6ED35FA9233A38DBE8AF852041EBEE39457,21,Windows 11,10.0,20,"learned-table-v1 (scoreScale=6400, divisor=1, bound=75962, path=D:\採点レポート\OthelloClient\data\evaluation-tables.bin)",18CD490619DC45974F8D968E05E457D1F2DFA2B1BD58DE10B5E2938CA074E9BA,20260721,fixed,2,1,0,23,0440387020544040,081E000E18280800,-1,9,60000,9,30,1059,1049.010200,812145,774201,195585,616560,0.759175,135,616560,0,0,149673,147559,201,6,2,false,true
parallel-search-v2,2026-07-21T06:17:32.393473800Z,6306a057e8f144e8d3c7f58d7a50026f1528cdc3,6E118C928729E003E89742D3B57FE6ED35FA9233A38DBE8AF852041EBEE39457,21,Windows 11,10.0,20,"learned-table-v1 (scoreScale=6400, divisor=1, bound=75962, path=D:\採点レポート\OthelloClient\data\evaluation-tables.bin)",18CD490619DC45974F8D968E05E457D1F2DFA2B1BD58DE10B5E2938CA074E9BA,20260721,fixed,4,1,0,23,0440387020544040,081E000E18280800,-1,9,60000,9,30,1059,636.520200,875553,1375531,195716,679837,0.776466,135,231936;243777;204124,15,0,157637,158514,252,6,2,false,true
parallel-search-v2,2026-07-21T06:17:32.393473800Z,6306a057e8f144e8d3c7f58d7a50026f1528cdc3,6E118C928729E003E89742D3B57FE6ED35FA9233A38DBE8AF852041EBEE39457,21,Windows 11,10.0,20,"learned-table-v1 (scoreScale=6400, divisor=1, bound=75962, path=D:\採点レポート\OthelloClient\data\evaluation-tables.bin)",18CD490619DC45974F8D968E05E457D1F2DFA2B1BD58DE10B5E2938CA074E9BA,20260721,fixed,8,1,0,23,0440387020544040,081E000E18280800,-1,9,60000,9,30,1059,465.778800,958923,2058752,195671,763252,0.795947,135,104158;82287;115269;95806;101330;137947;126455,28,0,175271,168844,316,6,2,false,true
parallel-search-v2,2026-07-21T06:17:32.393473800Z,6306a057e8f144e8d3c7f58d7a50026f1528cdc3,6E118C928729E003E89742D3B57FE6ED35FA9233A38DBE8AF852041EBEE39457,21,Windows 11,10.0,20,"learned-table-v1 (scoreScale=6400, divisor=1, bound=75962, path=D:\採点レポート\OthelloClient\data\evaluation-tables.bin)",18CD490619DC45974F8D968E05E457D1F2DFA2B1BD58DE10B5E2938CA074E9BA,20260721,fixed,1,1,0,23,0440387020544040,081E000E18280800,-1,9,60000,9,30,1059,1024.216200,812145,792943,812145,0,0.000000,0,,0,0,149673,147559,201,6,2,false,true
parallel-search-v2,2026-07-21T06:17:32.393473800Z,6306a057e8f144e8d3c7f58d7a50026f1528cdc3,6E118C928729E003E89742D3B57FE6ED35FA9233A38DBE8AF852041EBEE39457,21,Windows 11,10.0,20,"learned-table-v1 (scoreScale=6400, divisor=1, bound=75962, path=D:\採点レポート\OthelloClient\data\evaluation-tables.bin)",18CD490619DC45974F8D968E05E457D1F2DFA2B1BD58DE10B5E2938CA074E9BA,20260721,fixed,4,2,0,29,040010F300102040,10088C0C3E6F1222,-1,9,60000,9,11,-1057,97.791700,116796,1194334,47911,68885,0.589789,96,24151;22307;22427,1,0,48108,29526,65,6,1,false,true
parallel-search-v2,2026-07-21T06:17:32.393473800Z,6306a057e8f144e8d3c7f58d7a50026f1528cdc3,6E118C928729E003E89742D3B57FE6ED35FA9233A38DBE8AF852041EBEE39457,21,Windows 11,10.0,20,"learned-table-v1 (scoreScale=6400, divisor=1, bound=75962, path=D:\採点レポート\OthelloClient\data\evaluation-tables.bin)",18CD490619DC45974F8D968E05E457D1F2DFA2B1BD58DE10B5E2938CA074E9BA,20260721,fixed,8,2,0,29,040010F300102040,10088C0C3E6F1222,-1,9,60000,9,11,-1057,86.358400,118594,1373277,47911,70683,0.596008,96,11553;14038;10283;9546;7894;8923;8446,1,0,49652,29920,65,6,1,false,true
parallel-search-v2,2026-07-21T06:17:32.393473800Z,6306a057e8f144e8d3c7f58d7a50026f1528cdc3,6E118C928729E003E89742D3B57FE6ED35FA9233A38DBE8AF852041EBEE39457,21,Windows 11,10.0,20,"learned-table-v1 (scoreScale=6400, divisor=1, bound=75962, path=D:\採点レポート\OthelloClient\data\evaluation-tables.bin)",18CD490619DC45974F8D968E05E457D1F2DFA2B1BD58DE10B5E2938CA074E9BA,20260721,fixed,1,2,0,29,040010F300102040,10088C0C3E6F1222,-1,9,60000,9,11,-1057,153.267800,115898,756180,115898,0,0.000000,0,,0,0,47521,29403,65,6,1,false,true
parallel-search-v2,2026-07-21T06:17:32.393473800Z,6306a057e8f144e8d3c7f58d7a50026f1528cdc3,6E118C928729E003E89742D3B57FE6ED35FA9233A38DBE8AF852041EBEE39457,21,Windows 11,10.0,20,"learned-table-v1 (scoreScale=6400, divisor=1, bound=75962, path=D:\採点レポート\OthelloClient\data\evaluation-tables.bin)",18CD490619DC45974F8D968E05E457D1F2DFA2B1BD58DE10B5E2938CA074E9BA,20260721,fixed,2,2,0,29,040010F300102040,10088C0C3E6F1222,-1,9,60000,9,11,-1057,157.868900,115898,734141,47890,68008,0.586792,96,68008,0,0,47521,29403,65,6,1,false,true
parallel-search-v2,2026-07-21T06:17:32.393473800Z,6306a057e8f144e8d3c7f58d7a50026f1528cdc3,6E118C928729E003E89742D3B57FE6ED35FA9233A38DBE8AF852041EBEE39457,21,Windows 11,10.0,20,"learned-table-v1 (scoreScale=6400, divisor=1, bound=75962, path=D:\採点レポート\OthelloClient\data\evaluation-tables.bin)",18CD490619DC45974F8D968E05E457D1F2DFA2B1BD58DE10B5E2938CA074E9BA,20260721,fixed,8,3,0,30,201009113D0C8400,012E764E02F00000,1,9,60000,9,60,-928,192.243300,314655,1636754,106084,208571,0.662856,98,24570;32660;34841;28165;28155;31954;28226,2,0,84765,58937,101,6,0,false,true
parallel-search-v2,2026-07-21T06:17:32.393473800Z,6306a057e8f144e8d3c7f58d7a50026f1528cdc3,6E118C928729E003E89742D3B57FE6ED35FA9233A38DBE8AF852041EBEE39457,21,Windows 11,10.0,20,"learned-table-v1 (scoreScale=6400, divisor=1, bound=75962, path=D:\採点レポート\OthelloClient\data\evaluation-tables.bin)",18CD490619DC45974F8D968E05E457D1F2DFA2B1BD58DE10B5E2938CA074E9BA,20260721,fixed,1,3,0,30,201009113D0C8400,012E764E02F00000,1,9,60000,9,60,-928,382.163900,313086,819245,313086,0,0.000000,0,,0,0,83546,58970,88,6,0,false,true
parallel-search-v2,2026-07-21T06:17:32.393473800Z,6306a057e8f144e8d3c7f58d7a50026f1528cdc3,6E118C928729E003E89742D3B57FE6ED35FA9233A38DBE8AF852041EBEE39457,21,Windows 11,10.0,20,"learned-table-v1 (scoreScale=6400, divisor=1, bound=75962, path=D:\採点レポート\OthelloClient\data\evaluation-tables.bin)",18CD490619DC45974F8D968E05E457D1F2DFA2B1BD58DE10B5E2938CA074E9BA,20260721,fixed,2,3,0,30,201009113D0C8400,012E764E02F00000,1,9,60000,9,60,-928,422.086300,313086,741758,106014,207072,0.661390,98,207072,0,0,83546,58970,88,6,0,false,true
parallel-search-v2,2026-07-21T06:17:32.393473800Z,6306a057e8f144e8d3c7f58d7a50026f1528cdc3,6E118C928729E003E89742D3B57FE6ED35FA9233A38DBE8AF852041EBEE39457,21,Windows 11,10.0,20,"learned-table-v1 (scoreScale=6400, divisor=1, bound=75962, path=D:\採点レポート\OthelloClient\data\evaluation-tables.bin)",18CD490619DC45974F8D968E05E457D1F2DFA2B1BD58DE10B5E2938CA074E9BA,20260721,fixed,4,3,0,30,201009113D0C8400,012E764E02F00000,1,9,60000,9,60,-928,240.267200,315155,1311685,106064,209091,0.663454,98,72577;71565;64949,0,0,84578,59275,95,6,0,false,true
parallel-search-v2,2026-07-21T06:17:32.393473800Z,6306a057e8f144e8d3c7f58d7a50026f1528cdc3,6E118C928729E003E89742D3B57FE6ED35FA9233A38DBE8AF852041EBEE39457,21,Windows 11,10.0,20,"learned-table-v1 (scoreScale=6400, divisor=1, bound=75962, path=D:\採点レポート\OthelloClient\data\evaluation-tables.bin)",18CD490619DC45974F8D968E05E457D1F2DFA2B1BD58DE10B5E2938CA074E9BA,20260721,fixed,1,4,0,24,1038040200C00000,408250F858385402,1,9,60000,9,56,4480,48.135900,39604,822754,39604,0,0.000000,0,,0,0,12811,8407,18,6,3,false,true
parallel-search-v2,2026-07-21T06:17:32.393473800Z,6306a057e8f144e8d3c7f58d7a50026f1528cdc3,6E118C928729E003E89742D3B57FE6ED35FA9233A38DBE8AF852041EBEE39457,21,Windows 11,10.0,20,"learned-table-v1 (scoreScale=6400, divisor=1, bound=75962, path=D:\採点レポート\OthelloClient\data\evaluation-tables.bin)",18CD490619DC45974F8D968E05E457D1F2DFA2B1BD58DE10B5E2938CA074E9BA,20260721,fixed,2,4,0,24,1038040200C00000,408250F858385402,1,9,60000,9,56,4480,44.950700,39604,881054,7841,31763,0.802015,63,31763,0,0,12811,8407,18,6,3,false,true
parallel-search-v2,2026-07-21T06:17:32.393473800Z,6306a057e8f144e8d3c7f58d7a50026f1528cdc3,6E118C928729E003E89742D3B57FE6ED35FA9233A38DBE8AF852041EBEE39457,21,Windows 11,10.0,20,"learned-table-v1 (scoreScale=6400, divisor=1, bound=75962, path=D:\採点レポート\OthelloClient\data\evaluation-tables.bin)",18CD490619DC45974F8D968E05E457D1F2DFA2B1BD58DE10B5E2938CA074E9BA,20260721,fixed,4,4,0,24,1038040200C00000,408250F858385402,1,9,60000,9,56,4480,27.271000,39710,1456126,7841,31869,0.802543,63,12742;11278;7849,0,0,12891,8427,18,6,3,false,true
parallel-search-v2,2026-07-21T06:17:32.393473800Z,6306a057e8f144e8d3c7f58d7a50026f1528cdc3,6E118C928729E003E89742D3B57FE6ED35FA9233A38DBE8AF852041EBEE39457,21,Windows 11,10.0,20,"learned-table-v1 (scoreScale=6400, divisor=1, bound=75962, path=D:\採点レポート\OthelloClient\data\evaluation-tables.bin)",18CD490619DC45974F8D968E05E457D1F2DFA2B1BD58DE10B5E2938CA074E9BA,20260721,fixed,8,4,0,24,1038040200C00000,408250F858385402,1,9,60000,9,56,4480,25.190400,39634,1573377,7841,31793,0.802165,63,3691;1822;8864;2462;4746;7847;2361,0,0,12817,8417,18,6,3,false,true
parallel-search-v2,2026-07-21T06:17:32.393473800Z,6306a057e8f144e8d3c7f58d7a50026f1528cdc3,6E118C928729E003E89742D3B57FE6ED35FA9233A38DBE8AF852041EBEE39457,21,Windows 11,10.0,20,"learned-table-v1 (scoreScale=6400, divisor=1, bound=75962, path=D:\採点レポート\OthelloClient\data\evaluation-tables.bin)",18CD490619DC45974F8D968E05E457D1F2DFA2B1BD58DE10B5E2938CA074E9BA,20260721,fixed,2,5,0,32,002071AEC8A02020,88500C10355E9040,1,9,60000,9,7,1677,449.161800,320314,713137,45551,274763,0.857793,119,274763,0,0,80904,64945,50,6,0,false,true
parallel-search-v2,2026-07-21T06:17:32.393473800Z,6306a057e8f144e8d3c7f58d7a50026f1528cdc3,6E118C928729E003E89742D3B57FE6ED35FA9233A38DBE8AF852041EBEE39457,21,Windows 11,10.0,20,"learned-table-v1 (scoreScale=6400, divisor=1, bound=75962, path=D:\採点レポート\OthelloClient\data\evaluation-tables.bin)",18CD490619DC45974F8D968E05E457D1F2DFA2B1BD58DE10B5E2938CA074E9BA,20260721,fixed,4,5,0,32,002071AEC8A02020,88500C10355E9040,1,9,60000,9,7,1677,206.862900,323033,1561580,45699,277334,0.858531,119,86136;101466;89732,1,0,81958,65203,51,6,0,false,true
parallel-search-v2,2026-07-21T06:17:32.393473800Z,6306a057e8f144e8d3c7f58d7a50026f1528cdc3,6E118C928729E003E89742D3B57FE6ED35FA9233A38DBE8AF852041EBEE39457,21,Windows 11,10.0,20,"learned-table-v1 (scoreScale=6400, divisor=1, bound=75962, path=D:\採点レポート\OthelloClient\data\evaluation-tables.bin)",18CD490619DC45974F8D968E05E457D1F2DFA2B1BD58DE10B5E2938CA074E9BA,20260721,fixed,8,5,0,32,002071AEC8A02020,88500C10355E9040,1,9,60000,9,7,1677,143.259200,325234,2270249,45713,279521,0.859446,119,33064;36039;37440;50232;43982;40052;38712,10,0,82391,65481,52,6,0,false,true
parallel-search-v2,2026-07-21T06:17:32.393473800Z,6306a057e8f144e8d3c7f58d7a50026f1528cdc3,6E118C928729E003E89742D3B57FE6ED35FA9233A38DBE8AF852041EBEE39457,21,Windows 11,10.0,20,"learned-table-v1 (scoreScale=6400, divisor=1, bound=75962, path=D:\採点レポート\OthelloClient\data\evaluation-tables.bin)",18CD490619DC45974F8D968E05E457D1F2DFA2B1BD58DE10B5E2938CA074E9BA,20260721,fixed,1,5,0,32,002071AEC8A02020,88500C10355E9040,1,9,60000,9,7,1677,432.583300,320314,740468,320314,0,0.000000,0,,0,0,80904,64945,50,6,0,false,true
parallel-search-v2,2026-07-21T06:17:32.393473800Z,6306a057e8f144e8d3c7f58d7a50026f1528cdc3,6E118C928729E003E89742D3B57FE6ED35FA9233A38DBE8AF852041EBEE39457,21,Windows 11,10.0,20,"learned-table-v1 (scoreScale=6400, divisor=1, bound=75962, path=D:\採点レポート\OthelloClient\data\evaluation-tables.bin)",18CD490619DC45974F8D968E05E457D1F2DFA2B1BD58DE10B5E2938CA074E9BA,20260721,fixed,4,6,0,18,021E026520202000,00001D1818080000,1,9,60000,9,48,-4919,134.561500,132485,984568,74253,58232,0.439537,48,32629;20612;4991,0,0,33135,32567,145,6,1,false,true
parallel-search-v2,2026-07-21T06:17:32.393473800Z,6306a057e8f144e8d3c7f58d7a50026f1528cdc3,6E118C928729E003E89742D3B57FE6ED35FA9233A38DBE8AF852041EBEE39457,21,Windows 11,10.0,20,"learned-table-v1 (scoreScale=6400, divisor=1, bound=75962, path=D:\採点レポート\OthelloClient\data\evaluation-tables.bin)",18CD490619DC45974F8D968E05E457D1F2DFA2B1BD58DE10B5E2938CA074E9BA,20260721,fixed,8,6,0,18,021E026520202000,00001D1818080000,1,9,60000,9,48,-4919,126.396500,132466,1048020,74253,58213,0.439456,48,2455;25384;5682;983;2251;1527;19931,0,0,33107,32561,145,6,1,false,true
parallel-search-v2,2026-07-21T06:17:32.393473800Z,6306a057e8f144e8d3c7f58d7a50026f1528cdc3,6E118C928729E003E89742D3B57FE6ED35FA9233A38DBE8AF852041EBEE39457,21,Windows 11,10.0,20,"learned-table-v1 (scoreScale=6400, divisor=1, bound=75962, path=D:\採点レポート\OthelloClient\data\evaluation-tables.bin)",18CD490619DC45974F8D968E05E457D1F2DFA2B1BD58DE10B5E2938CA074E9BA,20260721,fixed,1,6,0,18,021E026520202000,00001D1818080000,1,9,60000,9,48,-4919,123.901000,106971,863359,106971,0,0.000000,0,,0,0,31792,29659,129,6,1,false,true
parallel-search-v2,2026-07-21T06:17:32.393473800Z,6306a057e8f144e8d3c7f58d7a50026f1528cdc3,6E118C928729E003E89742D3B57FE6ED35FA9233A38DBE8AF852041EBEE39457,21,Windows 11,10.0,20,"learned-table-v1 (scoreScale=6400, divisor=1, bound=75962, path=D:\採点レポート\OthelloClient\data\evaluation-tables.bin)",18CD490619DC45974F8D968E05E457D1F2DFA2B1BD58DE10B5E2938CA074E9BA,20260721,fixed,2,6,0,18,021E026520202000,00001D1818080000,1,9,60000,9,48,-4919,129.942700,106971,823217,74222,32749,0.306148,48,32749,0,0,31792,29659,129,6,1,false,true
parallel-search-v2,2026-07-21T06:17:32.393473800Z,6306a057e8f144e8d3c7f58d7a50026f1528cdc3,6E118C928729E003E89742D3B57FE6ED35FA9233A38DBE8AF852041EBEE39457,21,Windows 11,10.0,20,"learned-table-v1 (scoreScale=6400, divisor=1, bound=75962, path=D:\採点レポート\OthelloClient\data\evaluation-tables.bin)",18CD490619DC45974F8D968E05E457D1F2DFA2B1BD58DE10B5E2938CA074E9BA,20260721,fixed,8,7,0,25,0858607070301000,20039E8E08080000,-1,9,60000,9,13,-116,285.893000,461387,1613845,76197,385190,0.834852,91,59725;38042;47927;33516;32094;135443;38443,6,0,98559,97299,148,6,0,false,true
parallel-search-v2,2026-07-21T06:17:32.393473800Z,6306a057e8f144e8d3c7f58d7a50026f1528cdc3,6E118C928729E003E89742D3B57FE6ED35FA9233A38DBE8AF852041EBEE39457,21,Windows 11,10.0,20,"learned-table-v1 (scoreScale=6400, divisor=1, bound=75962, path=D:\採点レポート\OthelloClient\data\evaluation-tables.bin)",18CD490619DC45974F8D968E05E457D1F2DFA2B1BD58DE10B5E2938CA074E9BA,20260721,fixed,1,7,0,25,0858607070301000,20039E8E08080000,-1,9,60000,9,13,-116,599.558900,459583,766535,459583,0,0.000000,0,,0,0,95620,97345,126,6,0,false,true
parallel-search-v2,2026-07-21T06:17:32.393473800Z,6306a057e8f144e8d3c7f58d7a50026f1528cdc3,6E118C928729E003E89742D3B57FE6ED35FA9233A38DBE8AF852041EBEE39457,21,Windows 11,10.0,20,"learned-table-v1 (scoreScale=6400, divisor=1, bound=75962, path=D:\採点レポート\OthelloClient\data\evaluation-tables.bin)",18CD490619DC45974F8D968E05E457D1F2DFA2B1BD58DE10B5E2938CA074E9BA,20260721,fixed,2,7,0,25,0858607070301000,20039E8E08080000,-1,9,60000,9,13,-116,602.823600,459583,762384,76224,383359,0.834145,91,383359,0,0,95620,97345,126,6,0,false,true
parallel-search-v2,2026-07-21T06:17:32.393473800Z,6306a057e8f144e8d3c7f58d7a50026f1528cdc3,6E118C928729E003E89742D3B57FE6ED35FA9233A38DBE8AF852041EBEE39457,21,Windows 11,10.0,20,"learned-table-v1 (scoreScale=6400, divisor=1, bound=75962, path=D:\採点レポート\OthelloClient\data\evaluation-tables.bin)",18CD490619DC45974F8D968E05E457D1F2DFA2B1BD58DE10B5E2938CA074E9BA,20260721,fixed,4,7,0,25,0858607070301000,20039E8E08080000,-1,9,60000,9,13,-116,384.153800,463381,1206238,76207,387174,0.835541,91,194821;96811;95542,1,0,96965,97742,132,6,0,false,true
parallel-search-v2,2026-07-21T06:17:32.393473800Z,6306a057e8f144e8d3c7f58d7a50026f1528cdc3,6E118C928729E003E89742D3B57FE6ED35FA9233A38DBE8AF852041EBEE39457,21,Windows 11,10.0,20,"learned-table-v1 (scoreScale=6400, divisor=1, bound=75962, path=D:\採点レポート\OthelloClient\data\evaluation-tables.bin)",18CD490619DC45974F8D968E05E457D1F2DFA2B1BD58DE10B5E2938CA074E9BA,20260721,fixed,2,0,1,29,3F362F263A020200,4048501904000000,-1,9,60000,9,18,-287,88.307100,80449,911014,29013,51436,0.639362,63,51436,0,0,25703,18337,82,6,0,false,true
parallel-search-v2,2026-07-21T06:17:32.393473800Z,6306a057e8f144e8d3c7f58d7a50026f1528cdc3,6E118C928729E003E89742D3B57FE6ED35FA9233A38DBE8AF852041EBEE39457,21,Windows 11,10.0,20,"learned-table-v1 (scoreScale=6400, divisor=1, bound=75962, path=D:\採点レポート\OthelloClient\data\evaluation-tables.bin)",18CD490619DC45974F8D968E05E457D1F2DFA2B1BD58DE10B5E2938CA074E9BA,20260721,fixed,4,0,1,29,3F362F263A020200,4048501904000000,-1,9,60000,9,18,-287,56.208800,83305,1482063,29178,54127,0.649745,63,21496;17342;15289,0,0,26833,18661,92,6,0,false,true
parallel-search-v2,2026-07-21T06:17:32.393473800Z,6306a057e8f144e8d3c7f58d7a50026f1528cdc3,6E118C928729E003E89742D3B57FE6ED35FA9233A38DBE8AF852041EBEE39457,21,Windows 11,10.0,20,"learned-table-v1 (scoreScale=6400, divisor=1, bound=75962, path=D:\採点レポート\OthelloClient\data\evaluation-tables.bin)",18CD490619DC45974F8D968E05E457D1F2DFA2B1BD58DE10B5E2938CA074E9BA,20260721,fixed,8,0,1,29,3F362F263A020200,4048501904000000,-1,9,60000,9,18,-287,44.479500,83388,1874751,29178,54210,0.650094,63,6857;4617;10841;10190;5625;9464;6616,1,0,26878,18677,92,6,0,false,true
parallel-search-v2,2026-07-21T06:17:32.393473800Z,6306a057e8f144e8d3c7f58d7a50026f1528cdc3,6E118C928729E003E89742D3B57FE6ED35FA9233A38DBE8AF852041EBEE39457,21,Windows 11,10.0,20,"learned-table-v1 (scoreScale=6400, divisor=1, bound=75962, path=D:\採点レポート\OthelloClient\data\evaluation-tables.bin)",18CD490619DC45974F8D968E05E457D1F2DFA2B1BD58DE10B5E2938CA074E9BA,20260721,fixed,1,0,1,29,3F362F263A020200,4048501904000000,-1,9,60000,9,18,-287,77.800300,80449,1034045,80449,0,0.000000,0,,0,0,25703,18337,82,6,0,false,true
parallel-search-v2,2026-07-21T06:17:32.393473800Z,6306a057e8f144e8d3c7f58d7a50026f1528cdc3,6E118C928729E003E89742D3B57FE6ED35FA9233A38DBE8AF852041EBEE39457,21,Windows 11,10.0,20,"learned-table-v1 (scoreScale=6400, divisor=1, bound=75962, path=D:\採点レポート\OthelloClient\data\evaluation-tables.bin)",18CD490619DC45974F8D968E05E457D1F2DFA2B1BD58DE10B5E2938CA074E9BA,20260721,fixed,4,1,1,23,0440387020544040,081E000E18280800,-1,9,60000,9,30,1059,598.649200,873769,1459568,195718,678051,0.776007,135,243370;213504;221177,21,0,156911,158325,252,6,2,false,true
parallel-search-v2,2026-07-21T06:17:32.393473800Z,6306a057e8f144e8d3c7f58d7a50026f1528cdc3,6E118C928729E003E89742D3B57FE6ED35FA9233A38DBE8AF852041EBEE39457,21,Windows 11,10.0,20,"learned-table-v1 (scoreScale=6400, divisor=1, bound=75962, path=D:\採点レポート\OthelloClient\data\evaluation-tables.bin)",18CD490619DC45974F8D968E05E457D1F2DFA2B1BD58DE10B5E2938CA074E9BA,20260721,fixed,8,1,1,23,0440387020544040,081E000E18280800,-1,9,60000,9,30,1059,452.370900,950816,2101850,195590,755226,0.794292,135,104633;110272;91748;92909;105050;131049;119565,22,0,173588,167622,314,6,2,false,true
parallel-search-v2,2026-07-21T06:17:32.393473800Z,6306a057e8f144e8d3c7f58d7a50026f1528cdc3,6E118C928729E003E89742D3B57FE6ED35FA9233A38DBE8AF852041EBEE39457,21,Windows 11,10.0,20,"learned-table-v1 (scoreScale=6400, divisor=1, bound=75962, path=D:\採点レポート\OthelloClient\data\evaluation-tables.bin)",18CD490619DC45974F8D968E05E457D1F2DFA2B1BD58DE10B5E2938CA074E9BA,20260721,fixed,1,1,1,23,0440387020544040,081E000E18280800,-1,9,60000,9,30,1059,1055.709100,812145,769289,812145,0,0.000000,0,,0,0,149673,147559,201,6,2,false,true
parallel-search-v2,2026-07-21T06:17:32.393473800Z,6306a057e8f144e8d3c7f58d7a50026f1528cdc3,6E118C928729E003E89742D3B57FE6ED35FA9233A38DBE8AF852041EBEE39457,21,Windows 11,10.0,20,"learned-table-v1 (scoreScale=6400, divisor=1, bound=75962, path=D:\採点レポート\OthelloClient\data\evaluation-tables.bin)",18CD490619DC45974F8D968E05E457D1F2DFA2B1BD58DE10B5E2938CA074E9BA,20260721,fixed,2,1,1,23,0440387020544040,081E000E18280800,-1,9,60000,9,30,1059,1057.636200,812145,767887,195585,616560,0.759175,135,616560,0,0,149673,147559,201,6,2,false,true
parallel-search-v2,2026-07-21T06:17:32.393473800Z,6306a057e8f144e8d3c7f58d7a50026f1528cdc3,6E118C928729E003E89742D3B57FE6ED35FA9233A38DBE8AF852041EBEE39457,21,Windows 11,10.0,20,"learned-table-v1 (scoreScale=6400, divisor=1, bound=75962, path=D:\採点レポート\OthelloClient\data\evaluation-tables.bin)",18CD490619DC45974F8D968E05E457D1F2DFA2B1BD58DE10B5E2938CA074E9BA,20260721,fixed,8,2,1,29,040010F300102040,10088C0C3E6F1222,-1,9,60000,9,11,-1057,88.408700,118098,1335819,47911,70187,0.594312,96,9240;11064;10816;8732;9262;12082;8991,0,0,49334,29805,65,6,1,false,true
parallel-search-v2,2026-07-21T06:17:32.393473800Z,6306a057e8f144e8d3c7f58d7a50026f1528cdc3,6E118C928729E003E89742D3B57FE6ED35FA9233A38DBE8AF852041EBEE39457,21,Windows 11,10.0,20,"learned-table-v1 (scoreScale=6400, divisor=1, bound=75962, path=D:\採点レポート\OthelloClient\data\evaluation-tables.bin)",18CD490619DC45974F8D968E05E457D1F2DFA2B1BD58DE10B5E2938CA074E9BA,20260721,fixed,1,2,1,29,040010F300102040,10088C0C3E6F1222,-1,9,60000,9,11,-1057,148.571800,115898,780081,115898,0,0.000000,0,,0,0,47521,29403,65,6,1,false,true
parallel-search-v2,2026-07-21T06:17:32.393473800Z,6306a057e8f144e8d3c7f58d7a50026f1528cdc3,6E118C928729E003E89742D3B57FE6ED35FA9233A38DBE8AF852041EBEE39457,21,Windows 11,10.0,20,"learned-table-v1 (scoreScale=6400, divisor=1, bound=75962, path=D:\採点レポート\OthelloClient\data\evaluation-tables.bin)",18CD490619DC45974F8D968E05E457D1F2DFA2B1BD58DE10B5E2938CA074E9BA,20260721,fixed,2,2,1,29,040010F300102040,10088C0C3E6F1222,-1,9,60000,9,11,-1057,173.754100,115898,667023,47890,68008,0.586792,96,68008,0,0,47521,29403,65,6,1,false,true
parallel-search-v2,2026-07-21T06:17:32.393473800Z,6306a057e8f144e8d3c7f58d7a50026f1528cdc3,6E118C928729E003E89742D3B57FE6ED35FA9233A38DBE8AF852041EBEE39457,21,Windows 11,10.0,20,"learned-table-v1 (scoreScale=6400, divisor=1, bound=75962, path=D:\採点レポート\OthelloClient\data\evaluation-tables.bin)",18CD490619DC45974F8D968E05E457D1F2DFA2B1BD58DE10B5E2938CA074E9BA,20260721,fixed,4,2,1,29,040010F300102040,10088C0C3E6F1222,-1,9,60000,9,11,-1057,97.088500,116857,1203613,47911,68946,0.590003,96,21617;23749;23580,0,0,48320,29556,65,6,1,false,true
parallel-search-v2,2026-07-21T06:17:32.393473800Z,6306a057e8f144e8d3c7f58d7a50026f1528cdc3,6E118C928729E003E89742D3B57FE6ED35FA9233A38DBE8AF852041EBEE39457,21,Windows 11,10.0,20,"learned-table-v1 (scoreScale=6400, divisor=1, bound=75962, path=D:\採点レポート\OthelloClient\data\evaluation-tables.bin)",18CD490619DC45974F8D968E05E457D1F2DFA2B1BD58DE10B5E2938CA074E9BA,20260721,fixed,1,3,1,30,201009113D0C8400,012E764E02F00000,1,9,60000,9,60,-928,377.447700,313086,829482,313086,0,0.000000,0,,0,0,83546,58970,88,6,0,false,true
parallel-search-v2,2026-07-21T06:17:32.393473800Z,6306a057e8f144e8d3c7f58d7a50026f1528cdc3,6E118C928729E003E89742D3B57FE6ED35FA9233A38DBE8AF852041EBEE39457,21,Windows 11,10.0,20,"learned-table-v1 (scoreScale=6400, divisor=1, bound=75962, path=D:\採点レポート\OthelloClient\data\evaluation-tables.bin)",18CD490619DC45974F8D968E05E457D1F2DFA2B1BD58DE10B5E2938CA074E9BA,20260721,fixed,2,3,1,30,201009113D0C8400,012E764E02F00000,1,9,60000,9,60,-928,388.931500,313086,804990,106014,207072,0.661390,98,207072,0,0,83546,58970,88,6,0,false,true
parallel-search-v2,2026-07-21T06:17:32.393473800Z,6306a057e8f144e8d3c7f58d7a50026f1528cdc3,6E118C928729E003E89742D3B57FE6ED35FA9233A38DBE8AF852041EBEE39457,21,Windows 11,10.0,20,"learned-table-v1 (scoreScale=6400, divisor=1, bound=75962, path=D:\採点レポート\OthelloClient\data\evaluation-tables.bin)",18CD490619DC45974F8D968E05E457D1F2DFA2B1BD58DE10B5E2938CA074E9BA,20260721,fixed,4,3,1,30,201009113D0C8400,012E764E02F00000,1,9,60000,9,60,-928,234.408000,314506,1341703,106054,208452,0.662792,98,71982;64709;71761,3,0,84217,59161,96,6,0,false,true
parallel-search-v2,2026-07-21T06:17:32.393473800Z,6306a057e8f144e8d3c7f58d7a50026f1528cdc3,6E118C928729E003E89742D3B57FE6ED35FA9233A38DBE8AF852041EBEE39457,21,Windows 11,10.0,20,"learned-table-v1 (scoreScale=6400, divisor=1, bound=75962, path=D:\採点レポート\OthelloClient\data\evaluation-tables.bin)",18CD490619DC45974F8D968E05E457D1F2DFA2B1BD58DE10B5E2938CA074E9BA,20260721,fixed,8,3,1,30,201009113D0C8400,012E764E02F00000,1,9,60000,9,60,-928,222.852600,314833,1412741,106084,208749,0.663047,98,32268;34791;29358;26488;24516;32121;29207,14,0,84939,58935,100,6,0,false,true
parallel-search-v2,2026-07-21T06:17:32.393473800Z,6306a057e8f144e8d3c7f58d7a50026f1528cdc3,6E118C928729E003E89742D3B57FE6ED35FA9233A38DBE8AF852041EBEE39457,21,Windows 11,10.0,20,"learned-table-v1 (scoreScale=6400, divisor=1, bound=75962, path=D:\採点レポート\OthelloClient\data\evaluation-tables.bin)",18CD490619DC45974F8D968E05E457D1F2DFA2B1BD58DE10B5E2938CA074E9BA,20260721,fixed,2,4,1,24,1038040200C00000,408250F858385402,1,9,60000,9,56,4480,49.415400,39604,801451,7841,31763,0.802015,63,31763,0,0,12811,8407,18,6,3,false,true
parallel-search-v2,2026-07-21T06:17:32.393473800Z,6306a057e8f144e8d3c7f58d7a50026f1528cdc3,6E118C928729E003E89742D3B57FE6ED35FA9233A38DBE8AF852041EBEE39457,21,Windows 11,10.0,20,"learned-table-v1 (scoreScale=6400, divisor=1, bound=75962, path=D:\採点レポート\OthelloClient\data\evaluation-tables.bin)",18CD490619DC45974F8D968E05E457D1F2DFA2B1BD58DE10B5E2938CA074E9BA,20260721,fixed,4,4,1,24,1038040200C00000,408250F858385402,1,9,60000,9,56,4480,27.816900,39620,1424314,7841,31779,0.802095,63,8004;12210;11565,0,0,12821,8411,18,6,3,false,true
parallel-search-v2,2026-07-21T06:17:32.393473800Z,6306a057e8f144e8d3c7f58d7a50026f1528cdc3,6E118C928729E003E89742D3B57FE6ED35FA9233A38DBE8AF852041EBEE39457,21,Windows 11,10.0,20,"learned-table-v1 (scoreScale=6400, divisor=1, bound=75962, path=D:\採点レポート\OthelloClient\data\evaluation-tables.bin)",18CD490619DC45974F8D968E05E457D1F2DFA2B1BD58DE10B5E2938CA074E9BA,20260721,fixed,8,4,1,24,1038040200C00000,408250F858385402,1,9,60000,9,56,4480,24.034000,39639,1649289,7841,31798,0.802190,63,2196;4436;3637;9033;7778;2816;1902,1,0,12827,8417,18,6,3,false,true
parallel-search-v2,2026-07-21T06:17:32.393473800Z,6306a057e8f144e8d3c7f58d7a50026f1528cdc3,6E118C928729E003E89742D3B57FE6ED35FA9233A38DBE8AF852041EBEE39457,21,Windows 11,10.0,20,"learned-table-v1 (scoreScale=6400, divisor=1, bound=75962, path=D:\採点レポート\OthelloClient\data\evaluation-tables.bin)",18CD490619DC45974F8D968E05E457D1F2DFA2B1BD58DE10B5E2938CA074E9BA,20260721,fixed,1,4,1,24,1038040200C00000,408250F858385402,1,9,60000,9,56,4480,47.558400,39604,832745,39604,0,0.000000,0,,0,0,12811,8407,18,6,3,false,true
parallel-search-v2,2026-07-21T06:17:32.393473800Z,6306a057e8f144e8d3c7f58d7a50026f1528cdc3,6E118C928729E003E89742D3B57FE6ED35FA9233A38DBE8AF852041EBEE39457,21,Windows 11,10.0,20,"learned-table-v1 (scoreScale=6400, divisor=1, bound=75962, path=D:\採点レポート\OthelloClient\data\evaluation-tables.bin)",18CD490619DC45974F8D968E05E457D1F2DFA2B1BD58DE10B5E2938CA074E9BA,20260721,fixed,4,5,1,32,002071AEC8A02020,88500C10355E9040,1,9,60000,9,7,1677,208.178100,320416,1539144,45704,274712,0.857360,119,88827;100169;85716,8,1,81243,64954,51,6,0,false,true
parallel-search-v2,2026-07-21T06:17:32.393473800Z,6306a057e8f144e8d3c7f58d7a50026f1528cdc3,6E118C928729E003E89742D3B57FE6ED35FA9233A38DBE8AF852041EBEE39457,21,Windows 11,10.0,20,"learned-table-v1 (scoreScale=6400, divisor=1, bound=75962, path=D:\採点レポート\OthelloClient\data\evaluation-tables.bin)",18CD490619DC45974F8D968E05E457D1F2DFA2B1BD58DE10B5E2938CA074E9BA,20260721,fixed,8,5,1,32,002071AEC8A02020,88500C10355E9040,1,9,60000,9,7,1677,155.063900,330440,2130992,45712,284728,0.861663,119,41297;51579;43946;31857;35550;36965;43534,9,0,83625,66297,52,6,0,false,true
parallel-search-v2,2026-07-21T06:17:32.393473800Z,6306a057e8f144e8d3c7f58d7a50026f1528cdc3,6E118C928729E003E89742D3B57FE6ED35FA9233A38DBE8AF852041EBEE39457,21,Windows 11,10.0,20,"learned-table-v1 (scoreScale=6400, divisor=1, bound=75962, path=D:\採点レポート\OthelloClient\data\evaluation-tables.bin)",18CD490619DC45974F8D968E05E457D1F2DFA2B1BD58DE10B5E2938CA074E9BA,20260721,fixed,1,5,1,32,002071AEC8A02020,88500C10355E9040,1,9,60000,9,7,1677,436.429800,320314,733942,320314,0,0.000000,0,,0,0,80904,64945,50,6,0,false,true
parallel-search-v2,2026-07-21T06:17:32.393473800Z,6306a057e8f144e8d3c7f58d7a50026f1528cdc3,6E118C928729E003E89742D3B57FE6ED35FA9233A38DBE8AF852041EBEE39457,21,Windows 11,10.0,20,"learned-table-v1 (scoreScale=6400, divisor=1, bound=75962, path=D:\採点レポート\OthelloClient\data\evaluation-tables.bin)",18CD490619DC45974F8D968E05E457D1F2DFA2B1BD58DE10B5E2938CA074E9BA,20260721,fixed,2,5,1,32,002071AEC8A02020,88500C10355E9040,1,9,60000,9,7,1677,426.828900,320314,750451,45551,274763,0.857793,119,274763,0,0,80904,64945,50,6,0,false,true
parallel-search-v2,2026-07-21T06:17:32.393473800Z,6306a057e8f144e8d3c7f58d7a50026f1528cdc3,6E118C928729E003E89742D3B57FE6ED35FA9233A38DBE8AF852041EBEE39457,21,Windows 11,10.0,20,"learned-table-v1 (scoreScale=6400, divisor=1, bound=75962, path=D:\採点レポート\OthelloClient\data\evaluation-tables.bin)",18CD490619DC45974F8D968E05E457D1F2DFA2B1BD58DE10B5E2938CA074E9BA,20260721,fixed,8,6,1,18,021E026520202000,00001D1818080000,1,9,60000,9,48,-4919,119.903300,132463,1104749,74253,58210,0.439443,48,5710;889;25506;19889;1582;1339;3295,0,0,33108,32562,145,6,1,false,true
parallel-search-v2,2026-07-21T06:17:32.393473800Z,6306a057e8f144e8d3c7f58d7a50026f1528cdc3,6E118C928729E003E89742D3B57FE6ED35FA9233A38DBE8AF852041EBEE39457,21,Windows 11,10.0,20,"learned-table-v1 (scoreScale=6400, divisor=1, bound=75962, path=D:\採点レポート\OthelloClient\data\evaluation-tables.bin)",18CD490619DC45974F8D968E05E457D1F2DFA2B1BD58DE10B5E2938CA074E9BA,20260721,fixed,1,6,1,18,021E026520202000,00001D1818080000,1,9,60000,9,48,-4919,122.465400,106971,873479,106971,0,0.000000,0,,0,0,31792,29659,129,6,1,false,true
parallel-search-v2,2026-07-21T06:17:32.393473800Z,6306a057e8f144e8d3c7f58d7a50026f1528cdc3,6E118C928729E003E89742D3B57FE6ED35FA9233A38DBE8AF852041EBEE39457,21,Windows 11,10.0,20,"learned-table-v1 (scoreScale=6400, divisor=1, bound=75962, path=D:\採点レポート\OthelloClient\data\evaluation-tables.bin)",18CD490619DC45974F8D968E05E457D1F2DFA2B1BD58DE10B5E2938CA074E9BA,20260721,fixed,2,6,1,18,021E026520202000,00001D1818080000,1,9,60000,9,48,-4919,130.817700,106971,817710,74222,32749,0.306148,48,32749,0,0,31792,29659,129,6,1,false,true
parallel-search-v2,2026-07-21T06:17:32.393473800Z,6306a057e8f144e8d3c7f58d7a50026f1528cdc3,6E118C928729E003E89742D3B57FE6ED35FA9233A38DBE8AF852041EBEE39457,21,Windows 11,10.0,20,"learned-table-v1 (scoreScale=6400, divisor=1, bound=75962, path=D:\採点レポート\OthelloClient\data\evaluation-tables.bin)",18CD490619DC45974F8D968E05E457D1F2DFA2B1BD58DE10B5E2938CA074E9BA,20260721,fixed,4,6,1,18,021E026520202000,00001D1818080000,1,9,60000,9,48,-4919,129.848400,132472,1020205,74253,58219,0.439482,48,4055;32063;22101,0,0,33122,32562,145,6,1,false,true
parallel-search-v2,2026-07-21T06:17:32.393473800Z,6306a057e8f144e8d3c7f58d7a50026f1528cdc3,6E118C928729E003E89742D3B57FE6ED35FA9233A38DBE8AF852041EBEE39457,21,Windows 11,10.0,20,"learned-table-v1 (scoreScale=6400, divisor=1, bound=75962, path=D:\採点レポート\OthelloClient\data\evaluation-tables.bin)",18CD490619DC45974F8D968E05E457D1F2DFA2B1BD58DE10B5E2938CA074E9BA,20260721,fixed,1,7,1,25,0858607070301000,20039E8E08080000,-1,9,60000,9,13,-116,591.535000,459583,776933,459583,0,0.000000,0,,0,0,95620,97345,126,6,0,false,true
parallel-search-v2,2026-07-21T06:17:32.393473800Z,6306a057e8f144e8d3c7f58d7a50026f1528cdc3,6E118C928729E003E89742D3B57FE6ED35FA9233A38DBE8AF852041EBEE39457,21,Windows 11,10.0,20,"learned-table-v1 (scoreScale=6400, divisor=1, bound=75962, path=D:\採点レポート\OthelloClient\data\evaluation-tables.bin)",18CD490619DC45974F8D968E05E457D1F2DFA2B1BD58DE10B5E2938CA074E9BA,20260721,fixed,2,7,1,25,0858607070301000,20039E8E08080000,-1,9,60000,9,13,-116,604.363400,459583,760441,76224,383359,0.834145,91,383359,0,0,95620,97345,126,6,0,false,true
parallel-search-v2,2026-07-21T06:17:32.393473800Z,6306a057e8f144e8d3c7f58d7a50026f1528cdc3,6E118C928729E003E89742D3B57FE6ED35FA9233A38DBE8AF852041EBEE39457,21,Windows 11,10.0,20,"learned-table-v1 (scoreScale=6400, divisor=1, bound=75962, path=D:\採点レポート\OthelloClient\data\evaluation-tables.bin)",18CD490619DC45974F8D968E05E457D1F2DFA2B1BD58DE10B5E2938CA074E9BA,20260721,fixed,4,7,1,25,0858607070301000,20039E8E08080000,-1,9,60000,9,13,-116,365.839900,463248,1266259,76210,387038,0.835488,91,94359;198532;94147,3,0,96973,97783,131,6,0,false,true
parallel-search-v2,2026-07-21T06:17:32.393473800Z,6306a057e8f144e8d3c7f58d7a50026f1528cdc3,6E118C928729E003E89742D3B57FE6ED35FA9233A38DBE8AF852041EBEE39457,21,Windows 11,10.0,20,"learned-table-v1 (scoreScale=6400, divisor=1, bound=75962, path=D:\採点レポート\OthelloClient\data\evaluation-tables.bin)",18CD490619DC45974F8D968E05E457D1F2DFA2B1BD58DE10B5E2938CA074E9BA,20260721,fixed,8,7,1,25,0858607070301000,20039E8E08080000,-1,9,60000,9,13,-116,275.835000,461400,1672739,76124,385276,0.835015,91,40790;36353;136879;33105;48070;32359;57720,6,0,98801,97327,150,6,0,false,true
parallel-search-v2,2026-07-21T06:17:32.393473800Z,6306a057e8f144e8d3c7f58d7a50026f1528cdc3,6E118C928729E003E89742D3B57FE6ED35FA9233A38DBE8AF852041EBEE39457,21,Windows 11,10.0,20,"learned-table-v1 (scoreScale=6400, divisor=1, bound=75962, path=D:\採点レポート\OthelloClient\data\evaluation-tables.bin)",18CD490619DC45974F8D968E05E457D1F2DFA2B1BD58DE10B5E2938CA074E9BA,20260721,timed,1,0,0,29,3F362F263A020200,4048501904000000,-1,64,500,10,18,-219,500.262100,434176,867897,434176,0,0.000000,0,,0,0,110420,108678,171,8,0,true,
parallel-search-v2,2026-07-21T06:17:32.393473800Z,6306a057e8f144e8d3c7f58d7a50026f1528cdc3,6E118C928729E003E89742D3B57FE6ED35FA9233A38DBE8AF852041EBEE39457,21,Windows 11,10.0,20,"learned-table-v1 (scoreScale=6400, divisor=1, bound=75962, path=D:\採点レポート\OthelloClient\data\evaluation-tables.bin)",18CD490619DC45974F8D968E05E457D1F2DFA2B1BD58DE10B5E2938CA074E9BA,20260721,timed,2,0,0,29,3F362F263A020200,4048501904000000,-1,64,500,10,18,-219,501.143100,419897,837878,232779,187118,0.445628,81,187118,0,0,107988,105867,171,8,0,true,
parallel-search-v2,2026-07-21T06:17:32.393473800Z,6306a057e8f144e8d3c7f58d7a50026f1528cdc3,6E118C928729E003E89742D3B57FE6ED35FA9233A38DBE8AF852041EBEE39457,21,Windows 11,10.0,20,"learned-table-v1 (scoreScale=6400, divisor=1, bound=75962, path=D:\採点レポート\OthelloClient\data\evaluation-tables.bin)",18CD490619DC45974F8D968E05E457D1F2DFA2B1BD58DE10B5E2938CA074E9BA,20260721,timed,4,0,0,29,3F362F263A020200,4048501904000000,-1,64,500,11,18,202,500.977300,562164,1122135,274432,287732,0.511829,81,73690;78003;136039,4,0,133172,141914,177,9,0,true,
parallel-search-v2,2026-07-21T06:17:32.393473800Z,6306a057e8f144e8d3c7f58d7a50026f1528cdc3,6E118C928729E003E89742D3B57FE6ED35FA9233A38DBE8AF852041EBEE39457,21,Windows 11,10.0,20,"learned-table-v1 (scoreScale=6400, divisor=1, bound=75962, path=D:\採点レポート\OthelloClient\data\evaluation-tables.bin)",18CD490619DC45974F8D968E05E457D1F2DFA2B1BD58DE10B5E2938CA074E9BA,20260721,timed,8,0,0,29,3F362F263A020200,4048501904000000,-1,64,500,11,18,202,500.913800,592423,1182685,308224,284199,0.479723,81,57954;84483;24207;28098;27331;26163;35963,18,0,138241,153392,181,9,0,true,
parallel-search-v2,2026-07-21T06:17:32.393473800Z,6306a057e8f144e8d3c7f58d7a50026f1528cdc3,6E118C928729E003E89742D3B57FE6ED35FA9233A38DBE8AF852041EBEE39457,21,Windows 11,10.0,20,"learned-table-v1 (scoreScale=6400, divisor=1, bound=75962, path=D:\採点レポート\OthelloClient\data\evaluation-tables.bin)",18CD490619DC45974F8D968E05E457D1F2DFA2B1BD58DE10B5E2938CA074E9BA,20260721,timed,2,1,0,23,0440387020544040,081E000E18280800,-1,64,500,7,46,988,500.340500,370825,741145,102335,268490,0.724034,120,268490,0,0,77567,70060,192,5,2,true,
parallel-search-v2,2026-07-21T06:17:32.393473800Z,6306a057e8f144e8d3c7f58d7a50026f1528cdc3,6E118C928729E003E89742D3B57FE6ED35FA9233A38DBE8AF852041EBEE39457,21,Windows 11,10.0,20,"learned-table-v1 (scoreScale=6400, divisor=1, bound=75962, path=D:\採点レポート\OthelloClient\data\evaluation-tables.bin)",18CD490619DC45974F8D968E05E457D1F2DFA2B1BD58DE10B5E2938CA074E9BA,20260721,timed,4,1,0,23,0440387020544040,081E000E18280800,-1,64,500,8,30,995,501.662300,649602,1294899,195709,453893,0.698725,135,162099;150954;140840,8,0,127572,130407,251,6,2,true,
parallel-search-v2,2026-07-21T06:17:32.393473800Z,6306a057e8f144e8d3c7f58d7a50026f1528cdc3,6E118C928729E003E89742D3B57FE6ED35FA9233A38DBE8AF852041EBEE39457,21,Windows 11,10.0,20,"learned-table-v1 (scoreScale=6400, divisor=1, bound=75962, path=D:\採点レポート\OthelloClient\data\evaluation-tables.bin)",18CD490619DC45974F8D968E05E457D1F2DFA2B1BD58DE10B5E2938CA074E9BA,20260721,timed,8,1,0,23,0440387020544040,081E000E18280800,-1,64,500,9,30,1059,500.967500,968417,1933093,212992,755425,0.780062,135,84044;107484;122805;95022;114068;100805;131197,16,0,175684,171955,334,7,2,true,
parallel-search-v2,2026-07-21T06:17:32.393473800Z,6306a057e8f144e8d3c7f58d7a50026f1528cdc3,6E118C928729E003E89742D3B57FE6ED35FA9233A38DBE8AF852041EBEE39457,21,Windows 11,10.0,20,"learned-table-v1 (scoreScale=6400, divisor=1, bound=75962, path=D:\採点レポート\OthelloClient\data\evaluation-tables.bin)",18CD490619DC45974F8D968E05E457D1F2DFA2B1BD58DE10B5E2938CA074E9BA,20260721,timed,1,1,0,23,0440387020544040,081E000E18280800,-1,64,500,7,46,988,500.599400,389120,777308,389120,0,0.000000,0,,0,0,82269,77052,192,5,2,true,
parallel-search-v2,2026-07-21T06:17:32.393473800Z,6306a057e8f144e8d3c7f58d7a50026f1528cdc3,6E118C928729E003E89742D3B57FE6ED35FA9233A38DBE8AF852041EBEE39457,21,Windows 11,10.0,20,"learned-table-v1 (scoreScale=6400, divisor=1, bound=75962, path=D:\採点レポート\OthelloClient\data\evaluation-tables.bin)",18CD490619DC45974F8D968E05E457D1F2DFA2B1BD58DE10B5E2938CA074E9BA,20260721,timed,4,2,0,29,040010F300102040,10088C0C3E6F1222,-1,64,500,10,11,-1651,501.266000,473987,945580,256000,217987,0.459901,120,66767;84256;66964,4,0,144838,134387,101,8,2,true,
parallel-search-v2,2026-07-21T06:17:32.393473800Z,6306a057e8f144e8d3c7f58d7a50026f1528cdc3,6E118C928729E003E89742D3B57FE6ED35FA9233A38DBE8AF852041EBEE39457,21,Windows 11,10.0,20,"learned-table-v1 (scoreScale=6400, divisor=1, bound=75962, path=D:\採点レポート\OthelloClient\data\evaluation-tables.bin)",18CD490619DC45974F8D968E05E457D1F2DFA2B1BD58DE10B5E2938CA074E9BA,20260721,timed,8,2,0,29,040010F300102040,10088C0C3E6F1222,-1,64,500,10,11,-1651,500.100200,520419,1040629,291840,228579,0.439221,120,49879;32409;32188;31294;31414;21548;29847,5,0,161980,151736,131,8,3,true,
parallel-search-v2,2026-07-21T06:17:32.393473800Z,6306a057e8f144e8d3c7f58d7a50026f1528cdc3,6E118C928729E003E89742D3B57FE6ED35FA9233A38DBE8AF852041EBEE39457,21,Windows 11,10.0,20,"learned-table-v1 (scoreScale=6400, divisor=1, bound=75962, path=D:\採点レポート\OthelloClient\data\evaluation-tables.bin)",18CD490619DC45974F8D968E05E457D1F2DFA2B1BD58DE10B5E2938CA074E9BA,20260721,timed,1,2,0,29,040010F300102040,10088C0C3E6F1222,-1,64,500,10,11,-1651,501.553100,386048,769705,386048,0,0.000000,0,,0,0,112926,94477,101,8,2,true,
parallel-search-v2,2026-07-21T06:17:32.393473800Z,6306a057e8f144e8d3c7f58d7a50026f1528cdc3,6E118C928729E003E89742D3B57FE6ED35FA9233A38DBE8AF852041EBEE39457,21,Windows 11,10.0,20,"learned-table-v1 (scoreScale=6400, divisor=1, bound=75962, path=D:\採点レポート\OthelloClient\data\evaluation-tables.bin)",18CD490619DC45974F8D968E05E457D1F2DFA2B1BD58DE10B5E2938CA074E9BA,20260721,timed,2,2,0,29,040010F300102040,10088C0C3E6F1222,-1,64,500,9,11,-1057,500.719800,354950,708879,154201,200749,0.565570,120,200749,0,0,104411,83970,99,7,2,true,
parallel-search-v2,2026-07-21T06:17:32.393473800Z,6306a057e8f144e8d3c7f58d7a50026f1528cdc3,6E118C928729E003E89742D3B57FE6ED35FA9233A38DBE8AF852041EBEE39457,21,Windows 11,10.0,20,"learned-table-v1 (scoreScale=6400, divisor=1, bound=75962, path=D:\採点レポート\OthelloClient\data\evaluation-tables.bin)",18CD490619DC45974F8D968E05E457D1F2DFA2B1BD58DE10B5E2938CA074E9BA,20260721,timed,8,3,0,30,201009113D0C8400,012E764E02F00000,1,64,500,10,60,-522,500.085500,741568,1482882,248832,492736,0.664452,112,86741;66534;63767;75642;66493;69288;64271,12,0,173573,225436,114,8,0,true,
parallel-search-v2,2026-07-21T06:17:32.393473800Z,6306a057e8f144e8d3c7f58d7a50026f1528cdc3,6E118C928729E003E89742D3B57FE6ED35FA9233A38DBE8AF852041EBEE39457,21,Windows 11,10.0,20,"learned-table-v1 (scoreScale=6400, divisor=1, bound=75962, path=D:\採点レポート\OthelloClient\data\evaluation-tables.bin)",18CD490619DC45974F8D968E05E457D1F2DFA2B1BD58DE10B5E2938CA074E9BA,20260721,timed,1,3,0,30,201009113D0C8400,012E764E02F00000,1,64,500,9,60,-928,500.616300,390144,779327,390144,0,0.000000,0,,0,0,102261,90445,98,7,0,true,
parallel-search-v2,2026-07-21T06:17:32.393473800Z,6306a057e8f144e8d3c7f58d7a50026f1528cdc3,6E118C928729E003E89742D3B57FE6ED35FA9233A38DBE8AF852041EBEE39457,21,Windows 11,10.0,20,"learned-table-v1 (scoreScale=6400, divisor=1, bound=75962, path=D:\採点レポート\OthelloClient\data\evaluation-tables.bin)",18CD490619DC45974F8D968E05E457D1F2DFA2B1BD58DE10B5E2938CA074E9BA,20260721,timed,2,3,0,30,201009113D0C8400,012E764E02F00000,1,64,500,9,60,-928,501.032600,379104,756645,172032,207072,0.546214,98,207072,0,0,99460,85512,98,7,0,true,
parallel-search-v2,2026-07-21T06:17:32.393473800Z,6306a057e8f144e8d3c7f58d7a50026f1528cdc3,6E118C928729E003E89742D3B57FE6ED35FA9233A38DBE8AF852041EBEE39457,21,Windows 11,10.0,20,"learned-table-v1 (scoreScale=6400, divisor=1, bound=75962, path=D:\採点レポート\OthelloClient\data\evaluation-tables.bin)",18CD490619DC45974F8D968E05E457D1F2DFA2B1BD58DE10B5E2938CA074E9BA,20260721,timed,4,3,0,30,201009113D0C8400,012E764E02F00000,1,64,500,9,60,-928,501.572000,608054,1212297,216916,391138,0.643262,112,133089;131077;126972,5,0,150319,178596,106,7,0,true,
parallel-search-v2,2026-07-21T06:17:32.393473800Z,6306a057e8f144e8d3c7f58d7a50026f1528cdc3,6E118C928729E003E89742D3B57FE6ED35FA9233A38DBE8AF852041EBEE39457,21,Windows 11,10.0,20,"learned-table-v1 (scoreScale=6400, divisor=1, bound=75962, path=D:\採点レポート\OthelloClient\data\evaluation-tables.bin)",18CD490619DC45974F8D968E05E457D1F2DFA2B1BD58DE10B5E2938CA074E9BA,20260721,timed,1,4,0,24,1038040200C00000,408250F858385402,1,64,500,11,56,4337,500.743200,392192,783220,392192,0,0.000000,0,,0,0,86531,93538,45,9,3,true,
parallel-search-v2,2026-07-21T06:17:32.393473800Z,6306a057e8f144e8d3c7f58d7a50026f1528cdc3,6E118C928729E003E89742D3B57FE6ED35FA9233A38DBE8AF852041EBEE39457,21,Windows 11,10.0,20,"learned-table-v1 (scoreScale=6400, divisor=1, bound=75962, path=D:\採点レポート\OthelloClient\data\evaluation-tables.bin)",18CD490619DC45974F8D968E05E457D1F2DFA2B1BD58DE10B5E2938CA074E9BA,20260721,timed,2,4,0,24,1038040200C00000,408250F858385402,1,64,500,11,56,4337,500.682500,416352,831569,176128,240224,0.576973,77,240224,0,0,88158,99940,45,9,3,true,
parallel-search-v2,2026-07-21T06:17:32.393473800Z,6306a057e8f144e8d3c7f58d7a50026f1528cdc3,6E118C928729E003E89742D3B57FE6ED35FA9233A38DBE8AF852041EBEE39457,21,Windows 11,10.0,20,"learned-table-v1 (scoreScale=6400, divisor=1, bound=75962, path=D:\採点レポート\OthelloClient\data\evaluation-tables.bin)",18CD490619DC45974F8D968E05E457D1F2DFA2B1BD58DE10B5E2938CA074E9BA,20260721,timed,4,4,0,24,1038040200C00000,408250F858385402,1,64,500,11,56,4337,501.371300,577791,1152421,266597,311194,0.538593,84,102846;77094;131254,3,0,115250,159970,108,9,3,true,
parallel-search-v2,2026-07-21T06:17:32.393473800Z,6306a057e8f144e8d3c7f58d7a50026f1528cdc3,6E118C928729E003E89742D3B57FE6ED35FA9233A38DBE8AF852041EBEE39457,21,Windows 11,10.0,20,"learned-table-v1 (scoreScale=6400, divisor=1, bound=75962, path=D:\採点レポート\OthelloClient\data\evaluation-tables.bin)",18CD490619DC45974F8D968E05E457D1F2DFA2B1BD58DE10B5E2938CA074E9BA,20260721,timed,8,4,0,24,1038040200C00000,408250F858385402,1,64,500,11,56,4337,500.971000,717976,1433169,266597,451379,0.628683,84,71428;25019;81997;32711;49221;44691;146312,9,0,138341,216338,108,9,3,true,
parallel-search-v2,2026-07-21T06:17:32.393473800Z,6306a057e8f144e8d3c7f58d7a50026f1528cdc3,6E118C928729E003E89742D3B57FE6ED35FA9233A38DBE8AF852041EBEE39457,21,Windows 11,10.0,20,"learned-table-v1 (scoreScale=6400, divisor=1, bound=75962, path=D:\採点レポート\OthelloClient\data\evaluation-tables.bin)",18CD490619DC45974F8D968E05E457D1F2DFA2B1BD58DE10B5E2938CA074E9BA,20260721,timed,2,5,0,32,002071AEC8A02020,88500C10355E9040,1,64,500,9,7,1677,500.826000,394571,787840,119808,274763,0.696359,119,274763,0,0,95652,96976,62,7,0,true,
parallel-search-v2,2026-07-21T06:17:32.393473800Z,6306a057e8f144e8d3c7f58d7a50026f1528cdc3,6E118C928729E003E89742D3B57FE6ED35FA9233A38DBE8AF852041EBEE39457,21,Windows 11,10.0,20,"learned-table-v1 (scoreScale=6400, divisor=1, bound=75962, path=D:\採点レポート\OthelloClient\data\evaluation-tables.bin)",18CD490619DC45974F8D968E05E457D1F2DFA2B1BD58DE10B5E2938CA074E9BA,20260721,timed,4,5,0,32,002071AEC8A02020,88500C10355E9040,1,64,500,9,7,1677,500.638000,749120,1496331,163467,585653,0.781788,136,200879;178460;206314,8,2,181509,258735,123,7,0,true,
parallel-search-v2,2026-07-21T06:17:32.393473800Z,6306a057e8f144e8d3c7f58d7a50026f1528cdc3,6E118C928729E003E89742D3B57FE6ED35FA9233A38DBE8AF852041EBEE39457,21,Windows 11,10.0,20,"learned-table-v1 (scoreScale=6400, divisor=1, bound=75962, path=D:\採点レポート\OthelloClient\data\evaluation-tables.bin)",18CD490619DC45974F8D968E05E457D1F2DFA2B1BD58DE10B5E2938CA074E9BA,20260721,timed,8,5,0,32,002071AEC8A02020,88500C10355E9040,1,64,500,10,7,1876,500.151900,849611,1698706,217088,632523,0.744485,136,90061;81427;84814;82880;108801;101325;83215,45,25,187449,284022,142,8,0,true,
parallel-search-v2,2026-07-21T06:17:32.393473800Z,6306a057e8f144e8d3c7f58d7a50026f1528cdc3,6E118C928729E003E89742D3B57FE6ED35FA9233A38DBE8AF852041EBEE39457,21,Windows 11,10.0,20,"learned-table-v1 (scoreScale=6400, divisor=1, bound=75962, path=D:\採点レポート\OthelloClient\data\evaluation-tables.bin)",18CD490619DC45974F8D968E05E457D1F2DFA2B1BD58DE10B5E2938CA074E9BA,20260721,timed,1,5,0,32,002071AEC8A02020,88500C10355E9040,1,64,500,9,7,1677,500.553700,367616,734419,367616,0,0.000000,0,,0,0,93835,85932,62,7,0,true,
parallel-search-v2,2026-07-21T06:17:32.393473800Z,6306a057e8f144e8d3c7f58d7a50026f1528cdc3,6E118C928729E003E89742D3B57FE6ED35FA9233A38DBE8AF852041EBEE39457,21,Windows 11,10.0,20,"learned-table-v1 (scoreScale=6400, divisor=1, bound=75962, path=D:\採点レポート\OthelloClient\data\evaluation-tables.bin)",18CD490619DC45974F8D968E05E457D1F2DFA2B1BD58DE10B5E2938CA074E9BA,20260721,timed,4,6,0,18,021E026520202000,00001D1818080000,1,64,500,10,48,-4886,500.329800,457035,913467,372736,84299,0.184448,54,7323;25071;51905,0,0,99562,114482,174,8,1,true,
parallel-search-v2,2026-07-21T06:17:32.393473800Z,6306a057e8f144e8d3c7f58d7a50026f1528cdc3,6E118C928729E003E89742D3B57FE6ED35FA9233A38DBE8AF852041EBEE39457,21,Windows 11,10.0,20,"learned-table-v1 (scoreScale=6400, divisor=1, bound=75962, path=D:\採点レポート\OthelloClient\data\evaluation-tables.bin)",18CD490619DC45974F8D968E05E457D1F2DFA2B1BD58DE10B5E2938CA074E9BA,20260721,timed,8,6,0,18,021E026520202000,00001D1818080000,1,64,500,10,48,-4886,500.096000,419914,839667,333824,86090,0.205018,54,22456;21271;22119;4706;6960;2421;6157,1,0,89132,98180,161,8,1,true,
parallel-search-v2,2026-07-21T06:17:32.393473800Z,6306a057e8f144e8d3c7f58d7a50026f1528cdc3,6E118C928729E003E89742D3B57FE6ED35FA9233A38DBE8AF852041EBEE39457,21,Windows 11,10.0,20,"learned-table-v1 (scoreScale=6400, divisor=1, bound=75962, path=D:\採点レポート\OthelloClient\data\evaluation-tables.bin)",18CD490619DC45974F8D968E05E457D1F2DFA2B1BD58DE10B5E2938CA074E9BA,20260721,timed,1,6,0,18,021E026520202000,00001D1818080000,1,64,500,10,48,-4886,500.312600,379904,759333,379904,0,0.000000,0,,0,0,81720,84577,155,8,1,true,
parallel-search-v2,2026-07-21T06:17:32.393473800Z,6306a057e8f144e8d3c7f58d7a50026f1528cdc3,6E118C928729E003E89742D3B57FE6ED35FA9233A38DBE8AF852041EBEE39457,21,Windows 11,10.0,20,"learned-table-v1 (scoreScale=6400, divisor=1, bound=75962, path=D:\採点レポート\OthelloClient\data\evaluation-tables.bin)",18CD490619DC45974F8D968E05E457D1F2DFA2B1BD58DE10B5E2938CA074E9BA,20260721,timed,2,6,0,18,021E026520202000,00001D1818080000,1,64,500,10,48,-4886,500.453400,373978,747278,302080,71898,0.192252,54,71898,0,0,80213,81895,155,8,1,true,
parallel-search-v2,2026-07-21T06:17:32.393473800Z,6306a057e8f144e8d3c7f58d7a50026f1528cdc3,6E118C928729E003E89742D3B57FE6ED35FA9233A38DBE8AF852041EBEE39457,21,Windows 11,10.0,20,"learned-table-v1 (scoreScale=6400, divisor=1, bound=75962, path=D:\採点レポート\OthelloClient\data\evaluation-tables.bin)",18CD490619DC45974F8D968E05E457D1F2DFA2B1BD58DE10B5E2938CA074E9BA,20260721,timed,8,7,0,25,0858607070301000,20039E8E08080000,-1,64,500,9,13,-116,500.597100,589095,1176785,203776,385319,0.654086,91,32501;136147;40111;38980;58693;45771;33116,24,6,125941,126194,168,7,0,true,
parallel-search-v2,2026-07-21T06:17:32.393473800Z,6306a057e8f144e8d3c7f58d7a50026f1528cdc3,6E118C928729E003E89742D3B57FE6ED35FA9233A38DBE8AF852041EBEE39457,21,Windows 11,10.0,20,"learned-table-v1 (scoreScale=6400, divisor=1, bound=75962, path=D:\採点レポート\OthelloClient\data\evaluation-tables.bin)",18CD490619DC45974F8D968E05E457D1F2DFA2B1BD58DE10B5E2938CA074E9BA,20260721,timed,1,7,0,25,0858607070301000,20039E8E08080000,-1,64,500,8,60,56,501.563900,359424,716607,359424,0,0.000000,0,,0,0,80174,78717,68,6,0,true,
parallel-search-v2,2026-07-21T06:17:32.393473800Z,6306a057e8f144e8d3c7f58d7a50026f1528cdc3,6E118C928729E003E89742D3B57FE6ED35FA9233A38DBE8AF852041EBEE39457,21,Windows 11,10.0,20,"learned-table-v1 (scoreScale=6400, divisor=1, bound=75962, path=D:\採点レポート\OthelloClient\data\evaluation-tables.bin)",18CD490619DC45974F8D968E05E457D1F2DFA2B1BD58DE10B5E2938CA074E9BA,20260721,timed,2,7,0,25,0858607070301000,20039E8E08080000,-1,64,500,8,60,56,500.866200,375957,750614,76224,299733,0.797253,91,299733,0,0,83176,83099,92,6,0,true,
parallel-search-v2,2026-07-21T06:17:32.393473800Z,6306a057e8f144e8d3c7f58d7a50026f1528cdc3,6E118C928729E003E89742D3B57FE6ED35FA9233A38DBE8AF852041EBEE39457,21,Windows 11,10.0,20,"learned-table-v1 (scoreScale=6400, divisor=1, bound=75962, path=D:\採点レポート\OthelloClient\data\evaluation-tables.bin)",18CD490619DC45974F8D968E05E457D1F2DFA2B1BD58DE10B5E2938CA074E9BA,20260721,timed,4,7,0,25,0858607070301000,20039E8E08080000,-1,64,500,9,13,-116,501.023700,548450,1094659,163840,384610,0.701267,91,88074;94209;202327,1,0,115908,121224,151,7,0,true,
parallel-search-v2,2026-07-21T06:17:32.393473800Z,6306a057e8f144e8d3c7f58d7a50026f1528cdc3,6E118C928729E003E89742D3B57FE6ED35FA9233A38DBE8AF852041EBEE39457,21,Windows 11,10.0,20,"learned-table-v1 (scoreScale=6400, divisor=1, bound=75962, path=D:\採点レポート\OthelloClient\data\evaluation-tables.bin)",18CD490619DC45974F8D968E05E457D1F2DFA2B1BD58DE10B5E2938CA074E9BA,20260721,timed,2,0,1,29,3F362F263A020200,4048501904000000,-1,64,500,10,18,-219,500.524200,420921,840960,232779,188142,0.446977,81,188142,0,0,108142,106021,171,8,0,true,
parallel-search-v2,2026-07-21T06:17:32.393473800Z,6306a057e8f144e8d3c7f58d7a50026f1528cdc3,6E118C928729E003E89742D3B57FE6ED35FA9233A38DBE8AF852041EBEE39457,21,Windows 11,10.0,20,"learned-table-v1 (scoreScale=6400, divisor=1, bound=75962, path=D:\採点レポート\OthelloClient\data\evaluation-tables.bin)",18CD490619DC45974F8D968E05E457D1F2DFA2B1BD58DE10B5E2938CA074E9BA,20260721,timed,4,0,1,29,3F362F263A020200,4048501904000000,-1,64,500,11,18,202,500.582500,538444,1075635,258048,280396,0.520752,81,68666;138056;73674,6,0,127096,133216,177,9,0,true,
parallel-search-v2,2026-07-21T06:17:32.393473800Z,6306a057e8f144e8d3c7f58d7a50026f1528cdc3,6E118C928729E003E89742D3B57FE6ED35FA9233A38DBE8AF852041EBEE39457,21,Windows 11,10.0,20,"learned-table-v1 (scoreScale=6400, divisor=1, bound=75962, path=D:\採点レポート\OthelloClient\data\evaluation-tables.bin)",18CD490619DC45974F8D968E05E457D1F2DFA2B1BD58DE10B5E2938CA074E9BA,20260721,timed,8,0,1,29,3F362F263A020200,4048501904000000,-1,64,500,11,18,202,501.444200,578261,1153191,293888,284373,0.491773,81,84697;29344;29224;24649;37104;55083;24272,8,0,136538,148971,181,9,0,true,
parallel-search-v2,2026-07-21T06:17:32.393473800Z,6306a057e8f144e8d3c7f58d7a50026f1528cdc3,6E118C928729E003E89742D3B57FE6ED35FA9233A38DBE8AF852041EBEE39457,21,Windows 11,10.0,20,"learned-table-v1 (scoreScale=6400, divisor=1, bound=75962, path=D:\採点レポート\OthelloClient\data\evaluation-tables.bin)",18CD490619DC45974F8D968E05E457D1F2DFA2B1BD58DE10B5E2938CA074E9BA,20260721,timed,1,0,1,29,3F362F263A020200,4048501904000000,-1,64,500,10,18,-219,501.156000,430080,858176,430080,0,0.000000,0,,0,0,109699,108003,171,8,0,true,
parallel-search-v2,2026-07-21T06:17:32.393473800Z,6306a057e8f144e8d3c7f58d7a50026f1528cdc3,6E118C928729E003E89742D3B57FE6ED35FA9233A38DBE8AF852041EBEE39457,21,Windows 11,10.0,20,"learned-table-v1 (scoreScale=6400, divisor=1, bound=75962, path=D:\採点レポート\OthelloClient\data\evaluation-tables.bin)",18CD490619DC45974F8D968E05E457D1F2DFA2B1BD58DE10B5E2938CA074E9BA,20260721,timed,4,1,1,23,0440387020544040,081E000E18280800,-1,64,500,8,30,995,500.518700,564862,1128553,186368,378494,0.670065,120,133563;110039;134892,24,9,116118,118938,232,6,2,true,
parallel-search-v2,2026-07-21T06:17:32.393473800Z,6306a057e8f144e8d3c7f58d7a50026f1528cdc3,6E118C928729E003E89742D3B57FE6ED35FA9233A38DBE8AF852041EBEE39457,21,Windows 11,10.0,20,"learned-table-v1 (scoreScale=6400, divisor=1, bound=75962, path=D:\採点レポート\OthelloClient\data\evaluation-tables.bin)",18CD490619DC45974F8D968E05E457D1F2DFA2B1BD58DE10B5E2938CA074E9BA,20260721,timed,8,1,1,23,0440387020544040,081E000E18280800,-1,64,500,9,30,1059,500.908900,952265,1901074,197632,754633,0.792461,135,110167;122325;131452;100868;112647;83346;93828,15,0,173470,167839,322,7,2,true,
parallel-search-v2,2026-07-21T06:17:32.393473800Z,6306a057e8f144e8d3c7f58d7a50026f1528cdc3,6E118C928729E003E89742D3B57FE6ED35FA9233A38DBE8AF852041EBEE39457,21,Windows 11,10.0,20,"learned-table-v1 (scoreScale=6400, divisor=1, bound=75962, path=D:\採点レポート\OthelloClient\data\evaluation-tables.bin)",18CD490619DC45974F8D968E05E457D1F2DFA2B1BD58DE10B5E2938CA074E9BA,20260721,timed,1,1,1,23,0440387020544040,081E000E18280800,-1,64,500,7,46,988,500.753700,399360,797518,399360,0,0.000000,0,,0,0,84561,80111,192,5,2,true,
parallel-search-v2,2026-07-21T06:17:32.393473800Z,6306a057e8f144e8d3c7f58d7a50026f1528cdc3,6E118C928729E003E89742D3B57FE6ED35FA9233A38DBE8AF852041EBEE39457,21,Windows 11,10.0,20,"learned-table-v1 (scoreScale=6400, divisor=1, bound=75962, path=D:\採点レポート\OthelloClient\data\evaluation-tables.bin)",18CD490619DC45974F8D968E05E457D1F2DFA2B1BD58DE10B5E2938CA074E9BA,20260721,timed,2,1,1,23,0440387020544040,081E000E18280800,-1,64,500,7,46,988,500.336700,412973,825390,102335,310638,0.752199,120,310638,0,0,85757,82525,192,5,2,true,
parallel-search-v2,2026-07-21T06:17:32.393473800Z,6306a057e8f144e8d3c7f58d7a50026f1528cdc3,6E118C928729E003E89742D3B57FE6ED35FA9233A38DBE8AF852041EBEE39457,21,Windows 11,10.0,20,"learned-table-v1 (scoreScale=6400, divisor=1, bound=75962, path=D:\採点レポート\OthelloClient\data\evaluation-tables.bin)",18CD490619DC45974F8D968E05E457D1F2DFA2B1BD58DE10B5E2938CA074E9BA,20260721,timed,8,2,1,29,040010F300102040,10088C0C3E6F1222,-1,64,500,10,11,-1651,500.762400,526891,1052178,301056,225835,0.428618,120,32507;49049;26497;30657;21295;29789;36041,5,0,160806,153266,148,8,3,true,
parallel-search-v2,2026-07-21T06:17:32.393473800Z,6306a057e8f144e8d3c7f58d7a50026f1528cdc3,6E118C928729E003E89742D3B57FE6ED35FA9233A38DBE8AF852041EBEE39457,21,Windows 11,10.0,20,"learned-table-v1 (scoreScale=6400, divisor=1, bound=75962, path=D:\採点レポート\OthelloClient\data\evaluation-tables.bin)",18CD490619DC45974F8D968E05E457D1F2DFA2B1BD58DE10B5E2938CA074E9BA,20260721,timed,1,2,1,29,040010F300102040,10088C0C3E6F1222,-1,64,500,10,11,-1651,501.151600,387072,772365,387072,0,0.000000,0,,0,0,113321,94962,101,8,2,true,
parallel-search-v2,2026-07-21T06:17:32.393473800Z,6306a057e8f144e8d3c7f58d7a50026f1528cdc3,6E118C928729E003E89742D3B57FE6ED35FA9233A38DBE8AF852041EBEE39457,21,Windows 11,10.0,20,"learned-table-v1 (scoreScale=6400, divisor=1, bound=75962, path=D:\採点レポート\OthelloClient\data\evaluation-tables.bin)",18CD490619DC45974F8D968E05E457D1F2DFA2B1BD58DE10B5E2938CA074E9BA,20260721,timed,2,2,1,29,040010F300102040,10088C0C3E6F1222,-1,64,500,9,11,-1057,500.646300,354950,708984,154201,200749,0.565570,120,200749,0,0,104411,83970,99,7,2,true,
parallel-search-v2,2026-07-21T06:17:32.393473800Z,6306a057e8f144e8d3c7f58d7a50026f1528cdc3,6E118C928729E003E89742D3B57FE6ED35FA9233A38DBE8AF852041EBEE39457,21,Windows 11,10.0,20,"learned-table-v1 (scoreScale=6400, divisor=1, bound=75962, path=D:\採点レポート\OthelloClient\data\evaluation-tables.bin)",18CD490619DC45974F8D968E05E457D1F2DFA2B1BD58DE10B5E2938CA074E9BA,20260721,timed,4,2,1,29,040010F300102040,10088C0C3E6F1222,-1,64,500,10,11,-1651,500.548800,486802,972537,270336,216466,0.444669,120,67552;81641;67273,3,1,149159,140555,101,8,2,true,
parallel-search-v2,2026-07-21T06:17:32.393473800Z,6306a057e8f144e8d3c7f58d7a50026f1528cdc3,6E118C928729E003E89742D3B57FE6ED35FA9233A38DBE8AF852041EBEE39457,21,Windows 11,10.0,20,"learned-table-v1 (scoreScale=6400, divisor=1, bound=75962, path=D:\採点レポート\OthelloClient\data\evaluation-tables.bin)",18CD490619DC45974F8D968E05E457D1F2DFA2B1BD58DE10B5E2938CA074E9BA,20260721,timed,1,3,1,30,201009113D0C8400,012E764E02F00000,1,64,500,9,60,-928,502.159100,410624,817717,410624,0,0.000000,0,,0,0,106354,96354,98,7,0,true,
parallel-search-v2,2026-07-21T06:17:32.393473800Z,6306a057e8f144e8d3c7f58d7a50026f1528cdc3,6E118C928729E003E89742D3B57FE6ED35FA9233A38DBE8AF852041EBEE39457,21,Windows 11,10.0,20,"learned-table-v1 (scoreScale=6400, divisor=1, bound=75962, path=D:\採点レポート\OthelloClient\data\evaluation-tables.bin)",18CD490619DC45974F8D968E05E457D1F2DFA2B1BD58DE10B5E2938CA074E9BA,20260721,timed,2,3,1,30,201009113D0C8400,012E764E02F00000,1,64,500,9,60,-928,501.402000,389344,776511,182272,207072,0.531848,98,207072,0,0,102147,90159,98,7,0,true,
parallel-search-v2,2026-07-21T06:17:32.393473800Z,6306a057e8f144e8d3c7f58d7a50026f1528cdc3,6E118C928729E003E89742D3B57FE6ED35FA9233A38DBE8AF852041EBEE39457,21,Windows 11,10.0,20,"learned-table-v1 (scoreScale=6400, divisor=1, bound=75962, path=D:\採点レポート\OthelloClient\data\evaluation-tables.bin)",18CD490619DC45974F8D968E05E457D1F2DFA2B1BD58DE10B5E2938CA074E9BA,20260721,timed,4,3,1,30,201009113D0C8400,012E764E02F00000,1,64,500,9,60,-928,501.575700,609096,1214365,216916,392180,0.643872,112,139043;130288;122849,1,0,150321,179339,105,7,0,true,
parallel-search-v2,2026-07-21T06:17:32.393473800Z,6306a057e8f144e8d3c7f58d7a50026f1528cdc3,6E118C928729E003E89742D3B57FE6ED35FA9233A38DBE8AF852041EBEE39457,21,Windows 11,10.0,20,"learned-table-v1 (scoreScale=6400, divisor=1, bound=75962, path=D:\採点レポート\OthelloClient\data\evaluation-tables.bin)",18CD490619DC45974F8D968E05E457D1F2DFA2B1BD58DE10B5E2938CA074E9BA,20260721,timed,8,3,1,30,201009113D0C8400,012E764E02F00000,1,64,500,10,60,-522,500.899200,752279,1501857,260096,492183,0.654256,112,77396;60811;84472;75316;63788;66820;63580,8,0,174864,226538,115,8,0,true,
parallel-search-v2,2026-07-21T06:17:32.393473800Z,6306a057e8f144e8d3c7f58d7a50026f1528cdc3,6E118C928729E003E89742D3B57FE6ED35FA9233A38DBE8AF852041EBEE39457,21,Windows 11,10.0,20,"learned-table-v1 (scoreScale=6400, divisor=1, bound=75962, path=D:\採点レポート\OthelloClient\data\evaluation-tables.bin)",18CD490619DC45974F8D968E05E457D1F2DFA2B1BD58DE10B5E2938CA074E9BA,20260721,timed,2,4,1,24,1038040200C00000,408250F858385402,1,64,500,11,56,4337,500.513100,398944,797070,158720,240224,0.602150,77,240224,0,0,86969,94991,45,9,3,true,
parallel-search-v2,2026-07-21T06:17:32.393473800Z,6306a057e8f144e8d3c7f58d7a50026f1528cdc3,6E118C928729E003E89742D3B57FE6ED35FA9233A38DBE8AF852041EBEE39457,21,Windows 11,10.0,20,"learned-table-v1 (scoreScale=6400, divisor=1, bound=75962, path=D:\採点レポート\OthelloClient\data\evaluation-tables.bin)",18CD490619DC45974F8D968E05E457D1F2DFA2B1BD58DE10B5E2938CA074E9BA,20260721,timed,4,4,1,24,1038040200C00000,408250F858385402,1,64,500,11,56,4337,501.195000,615652,1228368,266597,349055,0.566968,84,90773;141008;117274,4,0,122025,175356,108,9,3,true,
parallel-search-v2,2026-07-21T06:17:32.393473800Z,6306a057e8f144e8d3c7f58d7a50026f1528cdc3,6E118C928729E003E89742D3B57FE6ED35FA9233A38DBE8AF852041EBEE39457,21,Windows 11,10.0,20,"learned-table-v1 (scoreScale=6400, divisor=1, bound=75962, path=D:\採点レポート\OthelloClient\data\evaluation-tables.bin)",18CD490619DC45974F8D968E05E457D1F2DFA2B1BD58DE10B5E2938CA074E9BA,20260721,timed,8,4,1,24,1038040200C00000,408250F858385402,1,64,500,11,56,4337,501.903500,672938,1340772,266597,406341,0.603831,84,121946;49061;24069;73205;32736;45068;60256,5,0,130093,196743,108,9,3,true,
parallel-search-v2,2026-07-21T06:17:32.393473800Z,6306a057e8f144e8d3c7f58d7a50026f1528cdc3,6E118C928729E003E89742D3B57FE6ED35FA9233A38DBE8AF852041EBEE39457,21,Windows 11,10.0,20,"learned-table-v1 (scoreScale=6400, divisor=1, bound=75962, path=D:\採点レポート\OthelloClient\data\evaluation-tables.bin)",18CD490619DC45974F8D968E05E457D1F2DFA2B1BD58DE10B5E2938CA074E9BA,20260721,timed,1,4,1,24,1038040200C00000,408250F858385402,1,64,500,11,56,4337,500.144500,405504,810774,405504,0,0.000000,0,,0,0,87515,96512,45,9,3,true,
parallel-search-v2,2026-07-21T06:17:32.393473800Z,6306a057e8f144e8d3c7f58d7a50026f1528cdc3,6E118C928729E003E89742D3B57FE6ED35FA9233A38DBE8AF852041EBEE39457,21,Windows 11,10.0,20,"learned-table-v1 (scoreScale=6400, divisor=1, bound=75962, path=D:\採点レポート\OthelloClient\data\evaluation-tables.bin)",18CD490619DC45974F8D968E05E457D1F2DFA2B1BD58DE10B5E2938CA074E9BA,20260721,timed,4,5,1,32,002071AEC8A02020,88500C10355E9040,1,64,500,9,7,1677,501.557900,619574,1235299,163321,456253,0.736398,136,152015;144947;159291,5,0,152514,198066,122,7,0,true,
parallel-search-v2,2026-07-21T06:17:32.393473800Z,6306a057e8f144e8d3c7f58d7a50026f1528cdc3,6E118C928729E003E89742D3B57FE6ED35FA9233A38DBE8AF852041EBEE39457,21,Windows 11,10.0,20,"learned-table-v1 (scoreScale=6400, divisor=1, bound=75962, path=D:\採点レポート\OthelloClient\data\evaluation-tables.bin)",18CD490619DC45974F8D968E05E457D1F2DFA2B1BD58DE10B5E2938CA074E9BA,20260721,timed,8,5,1,32,002071AEC8A02020,88500C10355E9040,1,64,500,10,7,1876,500.103300,861742,1723128,222208,639534,0.742141,136,89102;94476;77245;109478;78497;83682;107054,16,0,189251,286982,142,8,0,true,
parallel-search-v2,2026-07-21T06:17:32.393473800Z,6306a057e8f144e8d3c7f58d7a50026f1528cdc3,6E118C928729E003E89742D3B57FE6ED35FA9233A38DBE8AF852041EBEE39457,21,Windows 11,10.0,20,"learned-table-v1 (scoreScale=6400, divisor=1, bound=75962, path=D:\採点レポート\OthelloClient\data\evaluation-tables.bin)",18CD490619DC45974F8D968E05E457D1F2DFA2B1BD58DE10B5E2938CA074E9BA,20260721,timed,1,5,1,32,002071AEC8A02020,88500C10355E9040,1,64,500,9,7,1677,510.299300,424960,832766,424960,0,0.000000,0,,0,0,100645,107968,117,7,0,true,
parallel-search-v2,2026-07-21T06:17:32.393473800Z,6306a057e8f144e8d3c7f58d7a50026f1528cdc3,6E118C928729E003E89742D3B57FE6ED35FA9233A38DBE8AF852041EBEE39457,21,Windows 11,10.0,20,"learned-table-v1 (scoreScale=6400, divisor=1, bound=75962, path=D:\採点レポート\OthelloClient\data\evaluation-tables.bin)",18CD490619DC45974F8D968E05E457D1F2DFA2B1BD58DE10B5E2938CA074E9BA,20260721,timed,2,5,1,32,002071AEC8A02020,88500C10355E9040,1,64,500,9,7,1677,500.162900,387403,774554,112640,274763,0.709243,119,274763,0,0,94991,94180,62,7,0,true,
parallel-search-v2,2026-07-21T06:17:32.393473800Z,6306a057e8f144e8d3c7f58d7a50026f1528cdc3,6E118C928729E003E89742D3B57FE6ED35FA9233A38DBE8AF852041EBEE39457,21,Windows 11,10.0,20,"learned-table-v1 (scoreScale=6400, divisor=1, bound=75962, path=D:\採点レポート\OthelloClient\data\evaluation-tables.bin)",18CD490619DC45974F8D968E05E457D1F2DFA2B1BD58DE10B5E2938CA074E9BA,20260721,timed,8,6,1,18,021E026520202000,00001D1818080000,1,64,500,10,48,-4886,500.390700,444523,888352,358400,86123,0.193743,54,1326;2467;22423;8210;6985;4671;40041,0,0,96408,109362,163,8,1,true,
parallel-search-v2,2026-07-21T06:17:32.393473800Z,6306a057e8f144e8d3c7f58d7a50026f1528cdc3,6E118C928729E003E89742D3B57FE6ED35FA9233A38DBE8AF852041EBEE39457,21,Windows 11,10.0,20,"learned-table-v1 (scoreScale=6400, divisor=1, bound=75962, path=D:\採点レポート\OthelloClient\data\evaluation-tables.bin)",18CD490619DC45974F8D968E05E457D1F2DFA2B1BD58DE10B5E2938CA074E9BA,20260721,timed,1,6,1,18,021E026520202000,00001D1818080000,1,64,500,10,48,-4886,500.557500,445440,889888,445440,0,0.000000,0,,0,0,97663,113671,158,8,1,true,
parallel-search-v2,2026-07-21T06:17:32.393473800Z,6306a057e8f144e8d3c7f58d7a50026f1528cdc3,6E118C928729E003E89742D3B57FE6ED35FA9233A38DBE8AF852041EBEE39457,21,Windows 11,10.0,20,"learned-table-v1 (scoreScale=6400, divisor=1, bound=75962, path=D:\採点レポート\OthelloClient\data\evaluation-tables.bin)",18CD490619DC45974F8D968E05E457D1F2DFA2B1BD58DE10B5E2938CA074E9BA,20260721,timed,2,6,1,18,021E026520202000,00001D1818080000,1,64,500,10,48,-4886,500.889100,435418,869290,363520,71898,0.165124,54,71898,0,0,95037,108924,158,8,1,true,
parallel-search-v2,2026-07-21T06:17:32.393473800Z,6306a057e8f144e8d3c7f58d7a50026f1528cdc3,6E118C928729E003E89742D3B57FE6ED35FA9233A38DBE8AF852041EBEE39457,21,Windows 11,10.0,20,"learned-table-v1 (scoreScale=6400, divisor=1, bound=75962, path=D:\採点レポート\OthelloClient\data\evaluation-tables.bin)",18CD490619DC45974F8D968E05E457D1F2DFA2B1BD58DE10B5E2938CA074E9BA,20260721,timed,4,6,1,18,021E026520202000,00001D1818080000,1,64,500,10,48,-4886,500.069700,455755,911383,369664,86091,0.188898,54,7207;50002;28882,0,0,99342,114703,163,8,1,true,
parallel-search-v2,2026-07-21T06:17:32.393473800Z,6306a057e8f144e8d3c7f58d7a50026f1528cdc3,6E118C928729E003E89742D3B57FE6ED35FA9233A38DBE8AF852041EBEE39457,21,Windows 11,10.0,20,"learned-table-v1 (scoreScale=6400, divisor=1, bound=75962, path=D:\採点レポート\OthelloClient\data\evaluation-tables.bin)",18CD490619DC45974F8D968E05E457D1F2DFA2B1BD58DE10B5E2938CA074E9BA,20260721,timed,1,7,1,25,0858607070301000,20039E8E08080000,-1,64,500,8,60,56,500.684100,410624,820126,410624,0,0.000000,0,,0,0,88266,89004,109,6,0,true,
parallel-search-v2,2026-07-21T06:17:32.393473800Z,6306a057e8f144e8d3c7f58d7a50026f1528cdc3,6E118C928729E003E89742D3B57FE6ED35FA9233A38DBE8AF852041EBEE39457,21,Windows 11,10.0,20,"learned-table-v1 (scoreScale=6400, divisor=1, bound=75962, path=D:\採点レポート\OthelloClient\data\evaluation-tables.bin)",18CD490619DC45974F8D968E05E457D1F2DFA2B1BD58DE10B5E2938CA074E9BA,20260721,timed,2,7,1,25,0858607070301000,20039E8E08080000,-1,64,500,8,60,56,501.096900,370837,740050,76224,294613,0.794454,91,294613,0,0,82786,81991,89,6,0,true,
parallel-search-v2,2026-07-21T06:17:32.393473800Z,6306a057e8f144e8d3c7f58d7a50026f1528cdc3,6E118C928729E003E89742D3B57FE6ED35FA9233A38DBE8AF852041EBEE39457,21,Windows 11,10.0,20,"learned-table-v1 (scoreScale=6400, divisor=1, bound=75962, path=D:\採点レポート\OthelloClient\data\evaluation-tables.bin)",18CD490619DC45974F8D968E05E457D1F2DFA2B1BD58DE10B5E2938CA074E9BA,20260721,timed,4,7,1,25,0858607070301000,20039E8E08080000,-1,64,500,9,13,-116,500.508500,583749,1166312,199680,384069,0.657935,91,102575;191232;90262,0,0,122356,125818,151,7,0,true,
parallel-search-v2,2026-07-21T06:17:32.393473800Z,6306a057e8f144e8d3c7f58d7a50026f1528cdc3,6E118C928729E003E89742D3B57FE6ED35FA9233A38DBE8AF852041EBEE39457,21,Windows 11,10.0,20,"learned-table-v1 (scoreScale=6400, divisor=1, bound=75962, path=D:\採点レポート\OthelloClient\data\evaluation-tables.bin)",18CD490619DC45974F8D968E05E457D1F2DFA2B1BD58DE10B5E2938CA074E9BA,20260721,timed,8,7,1,25,0858607070301000,20039E8E08080000,-1,64,500,9,13,-116,501.503300,799210,1593629,208610,590600,0.738980,104,75006;67219;167464;68086;87806;61063;63956,12,0,171519,217140,171,7,0,true,
